source,target_band,used_band,band_match,condition,query,generated_text,answer_text,fk_source,fk_generated,smog_generated,fk_reduction,rouge_l,tokens,error,bertscore
medqa,low,low,True,actual,A 65-year-old woman presents to her primary care physician for a wellness checkup. She states that she has felt well lately and has no concerns. The patient has a 12-pack-year smoking history and has ,"The best next step for the 65-year-old woman is to have a Pap smear. 

A Pap smear is a test that checks for changes in the cells of the cervix, which is the lower part of the uterus. It is important for women to have this test regularly to help find any problems early. Since she can't remember when she last had one and thinks it was when she was 62, it is a good idea for her to get this test done now.",DEXA scan,5.226884057971013,7.07,9.52,-1.843115942028987,0.0,906,,0.7887786
medqa,low,low,True,actual,"A 49-year-old woman presents to the office because of tremors for 2 months. She says that her hands have been shaking a lot, especially when she feels stressed. In addition, she has been sweating more","The 49-year-old woman has some symptoms that can be connected to a problem with her thyroid. The thyroid is a small gland in the neck that helps control how the body uses energy. 

Her symptoms include shaking hands (tremors), sweating more than usual, and losing weight. These can happen when the thyroid is working too hard, which is called hyperthyroidism. 

In hyperthyroidism, the body makes too much of a hormone called thyroid hormone. This can cause the symptoms she is experiencing. 

So, the hormonal imbalance that is most likely present in her case is too much thyroid hormone.","Low TSH, high free T4, and high free T3",5.515695732838591,7.21,9.24,-1.6943042671614092,0.018348623853211,901,,0.80450314
medqa,low,medium,False,actual,"A 67-year-old man comes to the physician for a routine examination. He does not take any medications. He drinks 6 to 7 bottles of beer every night, and says he often has a shot of whiskey in the morni","In this situation, the 67-year-old man is showing signs that may suggest he has a problem with alcohol use. He drinks a significant amount of beer every night and even has whiskey in the morning for his headaches. His drinking habits might be affecting his life negatively, such as losing his job and having issues with friendships.

The most appropriate initial response by the physician should be one that shows understanding and concern for the man's situation. A good response could be:

""I understand that you feel frustrated about your friend not returning your calls. Can we talk about your drinking? It seems like it might be affecting other parts of your life, like your job and your relationships.""

This response is important because it opens up a conversation about his drinking in a non-judgmental way, allowing the man to feel comfortable discussing his habits and any potential issues. It also shows that the physician cares about his overall well-being.","""""""I'm sorry that your friend no longer returns your calls. What do you think your friend is worried about?""""""",5.940963455149504,10.0,12.84,-4.059036544850496,0.1081081081081081,804,,0.84242094
medqa,low,low,True,upper_bound,"A 67-year-old man comes to the physician for a routine examination. He does not take any medications. He drinks 6 to 7 bottles of beer every night, and says he often has a shot of whiskey in the morni","The best initial response by the doctor should be to show concern and understanding. The doctor might say something like, ""I see you are having a hard time with your drinking and your job. Can we talk about how this is affecting your life?"" This response opens the door for a conversation about his drinking and helps him feel comfortable sharing more. It's important for the doctor to listen and support him.","""""""I'm sorry that your friend no longer returns your calls. What do you think your friend is worried about?""""""",5.940963455149504,6.91,9.39,-0.9690365448504964,0.1075268817204301,705,,0.8486101
medqa,low,low,True,actual,"A 34-year-old man comes to the physician for a follow-up examination. He has a 3-month history of a nonproductive cough. He has been treated with diphenhydramine since his last visit 2 weeks ago, but ","The 34-year-old man has a cough that has not improved even after taking diphenhydramine for two weeks. His tests, including a chest x-ray, did not show any problems. 

Since he has been treated but still has symptoms, the next step is to try a different treatment. A common next step for a cough that doesn't go away is to try a different type of medicine, like a cough suppressant or an inhaler, depending on the cause of the cough.

So, the most appropriate next step in management would be to change his treatment plan. This could include trying a new medicine to help with his cough.",Pulmonary function testing,5.355734989648035,7.33,10.86,-1.9742650103519657,0.0176991150442477,943,,0.796882
medqa,low,medium,False,actual,A child presents to his pediatrician s clinic for a routine well visit. He can bend down and stand back up without assistance and walk backward but is not able to run or walk upstairs. He can stack 2 ,"Based on the information provided, the child described is likely around 18 months old. 

At this age, children typically can do the following:

- Walk independently (though some may not run yet)
- Bend down and stand back up without help
- Walk backward
- Stack a few blocks (like 2 blocks)
- Follow simple requests, such as bringing a book when asked
- Use a few words, like ""mama,"" ""dada,"" ""book,"" ""milk,"" and ""truck""

The ability to perform these actions aligns with the developmental milestones expected for an 18-month-old child. While the child is not yet able to run or walk upstairs, these skills often develop a bit later. Overall, this child seems to be developing appropriately for his age.",15 months,5.7439898989898985,13.07,13.43,-7.326010101010102,0.0168067226890756,803,,0.7918487
medqa,low,low,True,upper_bound,A child presents to his pediatrician s clinic for a routine well visit. He can bend down and stand back up without assistance and walk backward but is not able to run or walk upstairs. He can stack 2 ,"Based on the information given, this child is likely around 18 months old. At this age, children can usually walk, say a few words, and do simple tasks like stacking blocks. The child can bend down and stand back up, which is good. However, not being able to run or walk upstairs is okay for this age. So, he is developmentally appropriate for an 18-month-old.",15 months,5.7439898989898985,6.36,9.39,-0.6160101010101018,0.0289855072463768,732,,0.80976784
medqa,medium,medium,True,actual,"A mother brings her son to the pediatrician because she is concerned about his health. She states that throughout her child's life he has demonstrated aggressive behavior. However, he has recently beg","Based on the information provided, it seems that the child is showing concerning behaviors, including self-harm (biting himself), and has a history of mental retardation and severe joint pain. These symptoms could suggest a genetic condition, but the specific inheritance pattern isn't clearly stated in the context given.

However, if we consider the symptoms and the mention of mental retardation, one possible condition that could be relevant is **X-linked recessive inheritance**. This means that the gene causing the condition is located on the X chromosome, and it typically affects males more severely than females. 

In X-linked recessive conditions, males (who have only one X chromosome) are more likely to express the disease if they inherit the affected X chromosome from their mother. Females, having two X chromosomes, may be carriers without showing symptoms if they have one normal X chromosome.

To summarize, the inheritance pattern that may apply to this child's condition, given the symptoms and history, is likely **X-linked recessive**. However, a healthcare professional would need to conduct further evaluations and possibly genetic testing to confirm any diagnosis.",X-linked recessive,8.437957264957266,14.17,16.53,-5.732042735042734,0.0319148936170212,909,,0.8226221
medqa,medium,medium,True,actual,A 60-year-old man comes to the physician because his wife has noticed that his left eye looks smaller than his right. He has had worsening left shoulder and arm pain for 3 months. He has smoked two pa,"Based on the information provided, the most likely cause of this 60-year-old man's symptoms is a condition known as Horner's syndrome. 

Here's why:

1. **Symptoms**: The man has noticed that his left eye looks smaller than his right. This is called ""ptosis,"" which means drooping of the eyelid. He also has unequal pupils; the left pupil is smaller than the right. These signs can indicate a problem with the nerves that control the eye and eyelid.

2. **Medical History**: He has been experiencing worsening pain in his left shoulder and arm for the past three months. This could suggest that there is something pressing on the nerves in that area, possibly due to a tumor or another issue.

3. **Smoking History**: He has a long history of smoking, which increases the risk of various health problems, including lung cancer. This is important because tumors in the lung can sometimes affect the nerves that control the eye and eyelid, leading to symptoms like those he is experiencing.

In summary, the combination of a smaller left eye, drooping eyelid, and unequal pupils, along with his smoking history and shoulder pain, points towards Horner's syndrome, which can be caused by a tumor or other issues affecting the nerves in that area.",Compression of the stellate ganglion,8.457926675094818,9.37,11.74,-0.9120733249051812,0.0182648401826484,935,,0.7958467
medqa,medium,medium,True,actual,"A 7-year-old boy is brought to the clinic by his parents due to right ear pain. For the past few days, the patient s parents say he has had a low-grade fever, a runny nose, and has been frequently pul","In this case, the 7-year-old boy is experiencing ear pain and has had a recent history of similar symptoms. He was previously treated with amoxicillin, which is an antibiotic used to fight infections. However, sometimes bacteria can become resistant to antibiotics, meaning they no longer respond to treatment. 

Clavulanic acid is added to amoxicillin to help prevent this resistance. It works by blocking certain enzymes that bacteria produce to protect themselves from antibiotics. By combining amoxicillin with clavulanic acid, the treatment becomes more effective against a wider range of bacteria, including those that might be resistant to amoxicillin alone.

So, the benefit of adding clavulanic acid to amoxicillin is that it helps the antibiotic work better against infections that might not respond to amoxicillin by itself. This combination can help ensure that the boy's ear infection is treated effectively.",Inhibitor effect,8.3765034965035,13.68,14.73,-5.3034965034965005,0.0138888888888888,928,,0.77050847
medqa,medium,medium,True,actual,A 64-year-old female with a long-standing history of poorly-controlled diabetes presents with 3 weeks of abnormal walking. She says that lately she has noticed that she keeps dragging the toes of her ,"The symptoms described in the case of the 64-year-old woman suggest a problem with a specific nerve in her leg. She has a condition known as ""foot drop,"" which means she has difficulty lifting the front part of her foot. This is causing her to drag her toes while walking. 

The ""first dorsal web space"" refers to the area between the first (big) toe and the second toe. Decreased sensation in this area indicates that a nerve that supplies feeling to this part of the foot is not working properly.

Given her symptoms, the most likely nerve affected is the **peroneal nerve** (also known as the common fibular nerve). This nerve helps control the muscles that lift the foot and provides sensation to the area between the toes. Damage to this nerve can lead to foot drop and the dragging of the toes, which is what she is experiencing.

In summary, the deficit in the **peroneal nerve** is likely responsible for her symptoms of foot drop and decreased sensation in the first dorsal web space.",Deep peroneal nerve,9.320533980582525,8.51,10.75,0.8105339805825249,0.0222222222222222,848,,0.83090085
medqa,medium,medium,True,actual,"A 75-year-old man is referred for thyroidectomy for treatment of thyroid nodules. A portion of the thyroid gland is resected, and the neck is closed with sutures. After awakening from anesthesia, the ","In this situation, the surgeon should explain to the patient that the hoarseness he is experiencing is likely due to a complication from the surgery. Specifically, the surgeon should say something like:

""I want to inform you that during your surgery, there was an unintentional injury to a nerve called the recurrent laryngeal nerve. This nerve helps control your voice and the muscles in your throat. While this is not uncommon in thyroid surgery, it can cause hoarseness or difficulty speaking. We will monitor your recovery closely, and in many cases, this issue improves over time. If you have any questions or concerns, please feel free to ask.""

This explanation is clear and provides the patient with important information about what happened, why it happened, and what to expect moving forward.","""We made a mistake during the operation that may have harmed you.""",7.512,10.53,12.29,-3.018,0.0559440559440559,800,,0.8495325
medqa,high,high,True,actual,"On the 4th day of hospital admission due to pneumonia, a 69-year-old woman develops non-bloody diarrhea and abdominal pain. She is currently treated with ceftriaxone. Despite the resolution of fever a","Based on the clinical context provided, the 69-year-old woman, who is hospitalized for pneumonia and has developed non-bloody diarrhea, abdominal pain, and a fever after an initial resolution, is likely experiencing Clostridioides difficile infection (CDI). This is particularly plausible given her recent antibiotic therapy with ceftriaxone, which can disrupt normal gut flora and predispose patients to CDI.

In cases of suspected CDI, the most sensitive test for diagnosis is the detection of toxins produced by C. difficile in the stool. Specifically, the enzyme immunoassay (EIA) for toxins A and B is commonly used, although nucleic acid amplification tests (NAATs) such as PCR for the toxin gene may also be employed for increased sensitivity. However, the stool test for toxins A and B remains the standard initial diagnostic approach due to its sensitivity in identifying active infections.

Therefore, the most sensitive test for diagnosing Clostridioides difficile infection in this patient is the stool assay for C. difficile toxins.",Stool culture for bacterial isolation and toxin presence,11.434250764525997,15.25,16.79,-3.8157492354740032,0.0476190476190476,877,,0.8066677
medqa,high,high,True,actual,An 18-month-old girl is brought to the pediatrician s office for failure to thrive and developmental delay. The patient s mother says she has not started speaking and is just now starting to pull hers,"The clinical presentation described in the scenario is suggestive of a lysosomal storage disorder, specifically **Mucopolysaccharidosis (MPS)**, likely **MPS Type I (Hurler syndrome)**. The key features supporting this diagnosis include:

1. **Failure to thrive and developmental delay**: These are common in children with MPS due to metabolic dysfunction and accumulation of glycosaminoglycans (GAGs) in various tissues.
   
2. **Coarse facial features**: This is a classic manifestation of MPS, where patients often exhibit distinct facial dysmorphism.

3. **Restricted joint mobility**: Joint stiffness and limited range of motion are typical due to GAG accumulation in connective tissues.

4. **Increased plasma levels of several enzymes**: In MPS, there is often an accumulation of substrates due to enzyme deficiencies. For instance, in Hurler syndrome, there is a deficiency of the enzyme alpha-L-iduronidase, leading to the accumulation of heparan sulfate and dermatan sulfate.

In summary, the underlying biochemical defect in this patient is likely a deficiency in a specific lysosomal enzyme, which in the case of MPS Type I, is **alpha-L-iduronidase**. This deficiency leads to the accumulation of glycosaminoglycans, resulting in the clinical manifestations observed.",Failure of mannose phosphorylation,12.452987012987016,14.51,15.32,-2.0570129870129836,0.0213903743315508,869,,0.7766462
medqa,high,high,True,actual,"A 64-year-old woman comes to the emergency room because of a sudden weakness in her right arm and leg. She has atrial fibrillation, tinea unguium, gastroesophageal reflux disease, hypertension, and hy","The clinical presentation of the 64-year-old woman suggests she is experiencing a cerebrovascular accident, likely a stroke, characterized by sudden weakness in her right arm and leg, facial droop on the right side, and a positive Babinski sign on the right. Given her medical history of atrial fibrillation, she is at increased risk for thromboembolic events, which can lead to ischemic strokes.

Among her current medications, the most pertinent is warfarin, an anticoagulant used to prevent thromboembolic events in patients with atrial fibrillation. The prothrombin time (PT) of 14 seconds with an INR of 1.5 indicates that her anticoagulation level is elevated, which increases her risk of bleeding. In the context of her symptoms, the underlying cause of her current condition is likely related to the anticoagulant effect of warfarin, which may have led to a hemorrhagic stroke if there was a rupture of a vessel, or it may have contributed to an ischemic event if she had a thrombus that was not adequately managed.

Therefore, the drug most likely underlying her current condition is **warfarin**.",Griseofulvin,10.229404761904764,14.4,15.15,-4.1705952380952365,0.0,963,,0.7403304
medqa,high,high,True,actual,A 25-year-old G2P1 woman at 28 weeks estimated gestational age presents with questions on getting epidural anesthesia for her upcoming delivery. She has not received any prenatal care until now. Her p,"In this scenario, the 25-year-old woman is Rh-negative (A negative) and her husband is Rh-positive (O positive). This raises the potential risk of Rh incompatibility, particularly if the fetus is Rh-positive, which could lead to hemolytic disease of the newborn (HDN) if fetal red blood cells enter the maternal circulation during delivery. 

To prevent this complication, the patient should be administered Rh immunoglobulin (RhIg), commonly known as Rho(D) immune globulin, immediately. This prophylactic treatment is typically given at around 28 weeks of gestation and again within 72 hours after delivery if the newborn is found to be Rh-positive. RhIg works by preventing the mother's immune system from producing antibodies against Rh-positive blood cells, thereby reducing the risk of sensitization and subsequent complications in future pregnancies.

Therefore, the correct action in this case is to administer Rh immunoglobulin to the patient.",Anti-RhO(D) immunoglobulin,12.855035211267603,16.01,16.93,-3.154964788732398,0.0392156862745098,891,,0.83566
medqa,high,medium,False,actual,A 44-year-old woman comes to the emergency department because of a 10-hour history of severe nausea and abdominal pain that began 30 minutes after eating dinner. The pain primarily is in her right upp,"Based on the information provided, the 44-year-old woman is experiencing severe nausea and abdominal pain, particularly in the right upper quadrant, which is a common area for gallbladder issues. The ultrasound findings show that she has a gallbladder stone and signs of inflammation, which suggests she may have acute cholecystitis, an inflammation of the gallbladder often caused by a gallstone blocking the bile duct.

Given her condition, the most appropriate next step in management would be to perform a surgical procedure called a cholecystectomy, which is the removal of the gallbladder. This is typically done to treat acute cholecystitis, especially when there are signs of infection or inflammation, as in her case.

In summary, the most appropriate next step in her management is to prepare her for a cholecystectomy.",Antibiotic therapy,10.58240414507772,14.96,17.35,-4.37759585492228,0.0,1007,,0.7759228
medqa,high,high,True,upper_bound,A 44-year-old woman comes to the emergency department because of a 10-hour history of severe nausea and abdominal pain that began 30 minutes after eating dinner. The pain primarily is in her right upp,"Based on the clinical presentation and findings, the 44-year-old woman is exhibiting signs consistent with acute cholecystitis, characterized by right upper quadrant pain, fever, leukocytosis, and ultrasound findings of gallbladder wall thickening, pericholecystic fluid, and a gallstone at the neck of the gallbladder. 

In the management of acute cholecystitis, the most appropriate next step after initiating intravenous fluids and pain control is to consider surgical intervention. Specifically, the standard management for acute cholecystitis is laparoscopic cholecystectomy, ideally performed within 24 to 48 hours of diagnosis to reduce the risk of complications such as perforation or abscess formation.

Therefore, the most appropriate next step in management for this patient is to consult surgery for laparoscopic cholecystectomy.",Antibiotic therapy,10.58240414507772,19.74,20.03,-9.157595854922278,0.0,1002,,0.7691226
medqa,clinical,high,False,actual,"A 62-year-old woman with a pancreatic insulinoma is being prepared for a laparoscopic enucleation of the tumor. After induction of general anesthesia, preparation of a sterile surgical field, and port","In order to access the space posterior to the stomach during a laparoscopic enucleation of a pancreatic insulinoma, the surgeon must cut the **gastrocolic ligament**. 

The gastrocolic ligament is a part of the greater omentum that extends from the greater curvature of the stomach to the transverse colon. By dividing this ligament, the surgeon can gain access to the lesser sac (also known as the omental bursa), which lies posterior to the stomach and anterior to the pancreas. This access is crucial for adequately visualizing and resecting the insulinoma while minimizing trauma to surrounding structures.",Gastrohepatic ligament,14.15763698630137,15.16,16.22,-1.0023630136986306,0.0206185567010309,699,,0.7907336
medqa,clinical,clinical,True,upper_bound,"A 62-year-old woman with a pancreatic insulinoma is being prepared for a laparoscopic enucleation of the tumor. After induction of general anesthesia, preparation of a sterile surgical field, and port","To access the space posterior to the stomach during a laparoscopic enucleation of a pancreatic insulinoma, the surgeon must cut the **gastrocolic ligament**. This ligament is a part of the greater omentum and connects the greater curvature of the stomach to the transverse colon. By incising the gastrocolic ligament, the surgeon can gain access to the lesser sac (also known as the omental bursa), which lies posterior to the stomach and allows for visualization and manipulation of the pancreas.",Gastrohepatic ligament,14.15763698630137,15.89,16.32,-1.732363013698631,0.0246913580246913,677,,0.7937423
medqa,clinical,clinical,True,actual,"A 27-year-old man with a history of intravenous drug use comes to the physician because of anorexia, nausea, dark urine, and abdominal pain for 2 weeks. Physical examination shows scleral icterus and ","The clinical presentation and laboratory findings of the 27-year-old man are indicative of acute hepatitis C infection, given the negative anti-hepatitis C antibody and the positive hepatitis C virus RNA detected by PCR. In the absence of appropriate antiviral treatment, the most likely outcome of this patient's current condition is the progression to chronic hepatitis C. 

Approximately 60-80% of individuals with acute hepatitis C will develop chronic infection, which can lead to long-term complications such as chronic liver disease, cirrhosis, and hepatocellular carcinoma over time. Therefore, without treatment, this patient is at significant risk for these adverse outcomes.",Slowly progressive hepatitis,16.58899009900991,17.81,17.97,-1.22100990099009,0.0373831775700934,803,,0.8196645
medqa,clinical,clinical,True,actual,"A prominent male politician has secret homosexual desires. However, rather than engaging in homosexual behavior, he holds rallies against gay rights and regularly criticizes gay people. The politician","The behavior exhibited by the politician, who has secret homosexual desires yet actively engages in rallies against gay rights and criticizes gay individuals, is indicative of **B: Reaction formation**. 

Reaction formation is a defense mechanism characterized by the conversion of unwanted or anxiety-provoking feelings into their opposites. In this case, the politician's public condemnation of homosexuality serves as a defense against his own repressed desires, manifesting as overtly anti-gay behavior to counteract his internal conflict.",Reaction formation,14.495277777777776,20.12,21.19,-5.624722222222225,0.05,541,,0.8172027
medqa,clinical,clinical,True,actual,"An investigator is studying the principles of cell-to-cell signaling of the autonomic nervous system. It is found that the adrenal medulla has receptors that, when activated, result in the immediate o","The receptors in the adrenal medulla that, upon activation, result in the immediate opening of Na+, Ca2+, and K+ channels, leading to the secretion of epinephrine and norepinephrine, are structurally most similar to the **NM (Nicotinic Muscarinic) receptors**. 

Nicotinic receptors are ligand-gated ion channels that facilitate rapid synaptic transmission and are characterized by their ability to allow the influx of cations (such as Na+ and Ca2+) upon activation. This mechanism is consistent with the described receptor function in the adrenal medulla, which is involved in the acute stress response and catecholamine release. 

Therefore, the correct answer is **D: NM receptors**.",NM receptors of the quadriceps femoris muscle,14.492794117647062,16.11,17.69,-1.6172058823529376,0.074074074074074,630,,0.8083306
medqa,clinical,medium,False,actual,"Given the pattern of inheritance shown in the pedigree, where might you find the disease gene in question?","To answer the question about where you might find the disease gene based on the pattern of inheritance shown in a pedigree, we need to understand what a pedigree is. A pedigree is a family tree that shows how a trait or disease is passed down through generations. 

If the pattern of inheritance is clear (for example, if the disease appears in every generation or skips generations), it can help us determine whether the disease is likely to be inherited in a dominant or recessive manner. 

1. **Autosomal Dominant**: If the disease appears in every generation and affected individuals have at least one affected parent, the gene is likely located on one of the autosomes (non-sex chromosomes) and is dominant.

2. **Autosomal Recessive**: If the disease skips generations (meaning it can appear in siblings but not in parents), it suggests that both parents might be carriers of the gene, which is also located on an autosome but is recessive.

3. **X-linked**: If the disease is more common in males than females and is passed from affected mothers to their sons, it might be located on the X chromosome.

Without specific details about the pedigree you are referring to, I can't give a precise location for the disease gene. However, you would typically look for the gene on an autosome or the X chromosome based on the inheritance pattern observed in the pedigree. 

If you have more specific details about the pedigree pattern, I can help narrow it down further!",On circular DNA in the mitochondrion,14.162234042553198,14.25,16.46,-0.0877659574468019,0.0232558139534883,585,,0.7949097
medqa,clinical,clinical,True,upper_bound,"Given the pattern of inheritance shown in the pedigree, where might you find the disease gene in question?","To address the inquiry regarding the pattern of inheritance shown in the pedigree, it is essential to analyze the inheritance pattern depicted. If the disease exhibits an autosomal dominant pattern, the gene would likely be located on one of the autosomes, as affected individuals typically have an affected parent. Conversely, if the inheritance pattern is autosomal recessive, the gene would still reside on an autosome, but affected individuals may not have affected parents, indicating that both parents are carriers.

If the pedigree suggests X-linked inheritance, the gene would be located on the X chromosome, with males being more frequently affected due to their single X chromosome. 

In summary, the location of the disease gene in question can be inferred based on the inheritance pattern observed in the pedigree:

- Autosomal Dominant: Gene on an autosome.
- Autosomal Recessive: Gene on an autosome.
- X-Linked: Gene on the X chromosome.

Without the specific details of the pedigree, a definitive answer cannot be provided, but the above guidelines should assist in determining the likely location of the disease gene based on the inheritance pattern.",On circular DNA in the mitochondrion,14.162234042553198,14.82,17.69,-0.6577659574468022,0.0320855614973262,501,,0.8001556
medmcqa,low,low,True,actual,Miner's cramps are also called: NEET 13,Miner's cramps are also called heat cramps.,Ans. Heat cramps,2.3114285714285714,,,,0.3636363636363636,341,,0.9007883
medmcqa,low,low,True,actual,"A couple, with a fimily history of beta thalassemia major in a distant relative, has come for counseling. The husband has HbA2 of 4.8% and the wife has HbA2 of 2.3%. The risk of having a child with be","The risk of having a child with beta thalassemia major for this couple is 0%. 

Beta thalassemia major is a serious blood disorder. It usually happens when both parents carry a gene for it. In this case, the husband has a higher level of HbA2, which means he might carry the gene, but the wife has a low level of HbA2. This suggests she does not carry the gene. Since only one parent carries the gene, their child will not have beta thalassemia major.","Ans. is 'd' i.e., 0%",5.387987804878048,6.02,7.17,-0.632012195121952,0.0444444444444444,577,,0.82102567
medmcqa,low,low,True,actual,Which one of the following statements is false with regard to pyuria in children,"I'm sorry, but I don't have enough information about pyuria in children from the context you provided. However, I can tell you that pyuria means having a lot of white blood cells in the urine. This can happen when there is an infection. If you have more details or specific statements about pyuria, I can help you figure out which one is false.","Pyuria is the presence of more than 5 WBCs / high power field, both for boys and girls. CPDT Pyuria suggests infection, but infection can, occur in the absence of pyuria. Nelson Pyuria can present without UTI. Nelson So, Isolated pyuria is neither confirmatory nor diagnostic for UTI.",5.884285714285717,6.66,9.52,-0.7757142857142831,0.1428571428571428,443,,0.851382
medmcqa,low,low,True,actual,Pulsatile GnRH is used for managing:,Pulsatile GnRH is used for managing precocious puberty. This means it helps control early puberty in children.,"Ans. is d, i.e. Anovulatory infertilityPulsatile GnRH is used for:* Ovulation induction (in managing anovulatory infertility)* Delayed, puberty",4.450000000000003,,,,0.3333333333333333,265,,0.87162
medmcqa,low,low,True,actual,HCO3/H2CO3 is the best buffer because it is:,"HCO3/H2CO3 is the best buffer because it helps keep the blood at the right pH level. 

1. **pKa near physiological pH**: This means it works well at the normal level of acidity in the body.
2. **Can be changed**: The body can make more or less of HCO3 (bicarbonate) and H2CO3 (carbonic acid) when needed.
3. **Good at accepting and donating H+ ions**: This means it can help balance acidity by giving away or taking in hydrogen ions (H+), which are tiny parts of acids.
4. **Combination of a weak acid and weak base**: This means it is not too strong, so it can help control pH without causing big changes.

In short, HCO3/H2CO3 is very good at keeping our blood balanced and healthy.",Ans: B. Its components can be increased or decreased in the body as needed(Ref:Harper 30/e p11; Gaizung 25/e p6).HCO/H2CO3:Best buffer.As components can be increased or decreased in body as needed.Bicarbonate buffer system:Most powerful extracellular buffer in body.Since both elements of buffer system (HCO 3- & CO).Regulated respectively by kidneys & lungs.pH of extracellular fluid precisely controlled by HCO removal & addition by kidneys & CO 2 removal by lungs.,3.7550000000000026,9.79,10.13,-6.034999999999997,0.1078431372549019,412,,0.8321109
medmcqa,medium,medium,True,actual,Absence of lamina dura in the alveolus occurs in:,"The absence of lamina dura in the alveolus occurs in conditions like Rickets, Osteomalacia, and Hyperparathyroidism. 

To explain a bit more:

- **Lamina dura** is a thin layer of bone that surrounds the tooth roots in the jaw. It helps support the teeth.
- **Rickets** is a disease caused by a lack of vitamin D, calcium, or phosphate, leading to weak and soft bones.
- **Osteomalacia** is similar to rickets but occurs in adults, also resulting in soft and weak bones.
- **Hyperparathyroidism** is a condition where the parathyroid glands produce too much hormone, which can lead to bone loss.

So, in these conditions, the lamina dura may be absent, which can affect dental health.","Radiological Features of Hyperparathyroidism Subperiosteal resorption of terminal tufts of phalanges, lateral end of clavicle and symphysis pubis. Loss of lamina dura (i.e. thin coical bone of tooth socket surrounding teeth is seen as thin white line, is resorbed). Fig : Loss of Lamina Dura Brown Tumor Salt and Pepper appearance of skull Treatment: Direct parenteral supplementation of calcium. -Dental findings of other options : Osteomalacia- no tooth abnormality as such Rickets- enamel defect D",8.89777777777778,8.77,11.49,0.12777777777778,0.1458333333333333,396,,0.8238341
medmcqa,medium,medium,True,actual,In which of the following condition gastric wash is contraindicated?,"In the context of gastric wash, it is contraindicated (not recommended) in the case of **sulphuric acid** ingestion. 

**Explanation:**
- **Gastric wash** is a procedure where the stomach is flushed out to remove harmful substances. 
- However, if someone has ingested strong acids like sulphuric acid, trying to wash out the stomach can cause more damage. The acid can burn the stomach lining, and washing it can lead to further injury or complications.

In summary, do not perform gastric wash if someone has ingested sulphuric acid.","The only absolute contraindication is corrosive poisoning (except carbolic acid), owing to the danger of perforation. In the following conditions stomach wash can be done by taking proper precautions: Convulsant poisons Comatose patients Volatile poisons Upper alimentary disease (e.g., esophageal varices) Marked hypothermia and hemorrhagic diathesis Ref: The Essentials of Forensic Medicine and Toxicology by KS Narayan Reddy, 27th edition, Page 453.",9.55,10.21,11.98,-0.6600000000000001,0.1360544217687074,398,,0.81749773
medmcqa,medium,medium,True,actual,40 year old men is suffering from fever & pain in scrotum which is not relieved by elevation of testis. 3 days before had sexual contact with a young female ?,"Based on the information provided, the 40-year-old man is experiencing fever and pain in the scrotum that does not improve when he elevates the testis. He also had sexual contact with a young female three days prior to these symptoms.

Given these details, the most likely diagnosis is **epididymitis**. Epididymitis is an inflammation of the epididymis, which is the tube that carries sperm from the testis. This condition can occur due to infections, often related to sexually transmitted infections (STIs) if the person has had unprotected sexual contact. 

The key points that support this diagnosis are:
- The presence of fever, which indicates an infection.
- Scrotal pain that is not relieved by elevating the testis, which is a common symptom of epididymitis.
- Recent sexual contact, which raises the risk for STIs that can lead to epididymitis.

It is important for the man to see a healthcare provider for a proper diagnosis and treatment. Treatment may include antibiotics if an infection is confirmed.","Ans is 'c' ie Torsion of testis Torsion of testis can be differentiated from acute epididymitis by Prehn's sign. ie. On elevation of testis the pain increases in --> Torsion On elevation of testis the pain decreases in epididymoorchitis. Dont be confused with fever, it can also occur in torsion, especially in older patients.",7.154655172413797,10.04,12.86,-2.885344827586202,0.1013824884792626,813,,0.8216021
medmcqa,medium,medium,True,actual,"All of the following are true about Duret hemorrhage, EXCEPT:","Duret's hemorrhages are a type of bleeding that occurs in the brainstem, which is the part of the brain that connects to the spinal cord and controls many basic functions like breathing and heart rate. 

Now, to answer your question about Duret's hemorrhages: 

**All of the following are true about Duret hemorrhage, EXCEPT:**

1. They are a type of bleeding in the brainstem.
2. They can occur after severe head injuries.
3. They are associated with increased pressure in the brain.
4. They are commonly seen in the liver.

The correct answer is **4. They are commonly seen in the liver.** This statement is not true because Duret's hemorrhages specifically occur in the brainstem, not the liver.","Duret haemorrhage: ""Progressive rise in ICP cause fuher downward herniation into the foramen magnum or coning. This result in shearing of perforators supplying the brain stem causing haemorrhage known as duret haemorrhage. Tractional damage to pituitary stalk can result in diabetes insipidus. With progressive herniation the pupils become midsize & non reacting. These are invariably irreversible events leading to brainstem death"". In case of increased ICP downward herniation of brainstem occur, w",7.190000000000001,6.73,9.15,0.4600000000000008,0.1343283582089552,643,,0.8097781
medmcqa,medium,medium,True,actual,"The patient whose hands are developmentally delayed with a short, stocky build. Which of the following is the most likely diagnosis?","Based on the information provided, the most likely diagnosis for the patient with developmentally delayed hands and a short, stocky build is **Down syndrome**. 

**Down syndrome** is a genetic condition caused by the presence of an extra chromosome 21. This can lead to various physical characteristics, including a shorter stature and developmental delays. The description of the patient having developmentally delayed hands fits well with the common features of Down syndrome.

The other options, such as achondroplastic dwarfism, Klinefelter's syndrome, and pseudohypoparathyroidism, have different characteristics that do not match as closely with the symptoms described. For example, achondroplastic dwarfism typically involves disproportionate short stature, while Klinefelter's syndrome usually affects males with additional X chromosomes and has different physical traits. Pseudohypoparathyroidism is related to hormone resistance and has its own specific symptoms.

In summary, the combination of developmental delay in the hands and a short, stocky build points most strongly to Down syndrome.","(d) Source: (Felig, pp. 1143-1145)The deformity of the hands is due to short metacarpals. Other deformities include short metatarsals, round facies, and thickening of the calvarium. The syndrome is caused by target organ unresponsiveness to PTH, and was the first hormone resistance syndrome described.",8.171666666666667,14.02,15.58,-5.848333333333333,0.16,710,,0.8191477
medmcqa,high,high,True,actual,"The secondary flare is necessary for class II cast gold inlay preparation for several reasons, but basically the direction of the flare results in:","The secondary flare in class II cast gold inlay preparation is essential for achieving optimal marginal integrity and aesthetics. Specifically, the direction of the flare facilitates the creation of a marginal metal that is burnishable, which is crucial for ensuring a smooth and well-adapted margin that enhances the inlay's fit and longevity. Based on the context provided, the secondary flare results in a marginal metal that is burnishable at an angle of approximately 30-40 degrees. Therefore, the correct answer is:

B: 30-40 degrees.","Secondary flare: It is a flat plane superimposed peripherally to the primary flare. Advantages are: Secondary flare ensures cavosurface margins to extend into embrasures (self-cleansing area). Permits easy burnishing and finishing of the restoration. Produces more obtuse-angled and stronger cavosurface margin. In class II cast gold inlay, proximal box should have flares so as to have the metal of 30-40 which is burnishable.",13.928333333333336,13.97,16.53,-0.0416666666666643,0.2091503267973856,400,,0.8534525
medmcqa,high,high,True,actual,Stylohyoid ligament is derived from:,The stylohyoid ligament is derived from the 2nd branchial arch. This ligament connects the styloid process of the temporal bone to the lesser horn of the hyoid bone and is associated with the development of structures from the second pharyngeal arch during embryogenesis.,"Ans. B 2nd branchial archRef: Gray's Anatomy, 41st ed. pg. 449* The stylohyoid ligament is a fibrous cord extending from the tip of the styloid process to the lesser cornu of the hyoid bone. It gives attachment to the highest fibres of the middle pharyngeal constrictor and is intimately related to the lateral wall of the oropharynx. Below, it is overlapped by hyoglossus.* The ligament is derived from the cartilage of the second branchial arch and may be partially calcified.",12.320000000000004,13.38,14.55,-1.059999999999997,0.3870967741935484,288,,0.8933346
medmcqa,high,high,True,actual,Reticulocytosis is seen in all except:,"Reticulocytosis, which refers to an increased number of reticulocytes (immature red blood cells) in the bloodstream, is typically associated with conditions that stimulate erythropoiesis (red blood cell production). Among the options provided, reticulocytosis is seen in:

- **P.N.H (Paroxysmal Nocturnal Hemoglobinuria)**: This is a hemolytic anemia where reticulocytosis can occur due to increased red blood cell destruction.
- **Hemolysis**: This condition leads to the destruction of red blood cells, prompting the bone marrow to produce more reticulocytes.
- **Nutritional anemia**: While nutritional deficiencies (such as iron, vitamin B12, or folate) can lead to anemia, they typically do not cause reticulocytosis unless there is a compensatory response to acute blood loss or hemolysis.

In contrast, **Dyserythropoietic syndrome** is characterized by ineffective erythropoiesis, leading to the production of abnormal red blood cells and often resulting in a decreased reticulocyte count rather than an increase.

Thus, the answer is **Dyserythropoietic syndrome**, as it is the condition where reticulocytosis is typically not observed.","Answer is both C and D (Nutritional Anemia and Congenital dyserythropoeitic anemia) Nutritional anemia is associated with normal/Low Retriculocyte count. Increased reticulocyte count (Reticulocytosis) is not a feature ,,f nutritional anemias. Nutritional Anemia Anemia resulting from deficiency of impoant nutrients in diet is called Nutritional anemia. Nutritional anemia is most commonly seen secondary to deficiency of Iron (Iron deficiency anemia) and vitamin B12 and Folic acid (Megaloblastic an",10.35,16.1,17.29,-5.750000000000002,0.1788079470198675,534,,0.82850504
medmcqa,high,high,True,actual,P. Carni causes infection of primarily ?,"P. Carni, or *Pasteurella multocida*, primarily causes infections in humans, but it is also associated with infections in various animals, particularly domestic pets like cats and dogs. In the context of your question, the most accurate answer would be ""Humans,"" as it is a zoonotic pathogen that can be transmitted to humans through bites or scratches from infected animals.","Ans. is 'a' i.e., Rats . Although the organisms within the pneumocystis genus are morphologically very similar, they are genetically diverse and host specific --> P jirovecii infects humans, where as Pcarinii infects rats.",10.35,16.92,18.77,-6.570000000000002,0.1304347826086956,422,,0.82813895
medmcqa,high,high,True,actual,Enzyme deficiency in Natowicz syndrome is,"The enzyme deficiency in Natowicz syndrome is specifically associated with the enzyme **iduronate sulfatase**. This condition is classified as a lysosomal storage disorder, which results in the accumulation of glycosaminoglycans due to the impaired degradation of heparan sulfate and dermatan sulfate. The deficiency leads to various clinical manifestations, including skeletal abnormalities, neurological issues, and other systemic complications.","Disease name Abbretion Enzyme Defective GaG(s) affected Symptoms Natowicz syndrome MPS IX Hyaluronidase Hyaluronic acid Joint pain, sho stature Reference: Harper; 30th edition; Page no:639; Table: 50-8",12.316666666666666,18.53,18.6,-6.213333333333335,0.0689655172413793,529,,0.7983912
medmcqa,clinical,clinical,True,actual,Disease having autosomal recessive inheritance ?,"Based on the context provided, Fabry disease is the condition that does not exhibit autosomal dominant inheritance; it is actually inherited in an X-linked recessive manner. Therefore, the question regarding diseases with autosomal recessive inheritance would include conditions such as cystic fibrosis, sickle cell disease, and phenylketonuria (PKU), among others. 

In summary, while the context specifically addresses autosomal dominant inheritance, diseases with autosomal recessive inheritance include those like cystic fibrosis, which is not mentioned in the original list.","Ans. is 'a' i.e., Cystic fibrosis Autosomal recessive disorders Metabolic o Cystic fibrosis o Phenylketonuria o Galactosemia o Homocystinuria o Lysosomal storage dis o a1-antitrypsin deficiency o Wilson disease o Hemochromatosis o Glycogen storage disorders Hematological o Sickle cell anemia o Thalassemias Endocrine o Congenital adrenal hyperplasia o Albinism Skeletal Narvous o EDS (some variants) o Friedreich ataxia o Alkaptonuria o Spinal muscular atrophy o Neurogenic muscular atrophies",21.76000000000001,19.21,20.58,2.550000000000008,0.0939597315436241,339,,0.79431665
medmcqa,clinical,clinical,True,actual,"Presumably, the Varicella zoster virus infects","The Varicella zoster virus (VZV) primarily infects the dorsal root ganglia. After the initial infection, which typically manifests as varicella (chickenpox), VZV establishes latency in the sensory ganglia, particularly the dorsal root ganglia. Reactivation of the virus can lead to herpes zoster (shingles), characterized by a dermatomal rash and associated pain. 

In the context of the provided clinical vignette regarding the pregnant patient, the focus is on the management of a potential group B Streptococcus (GBS) infection, as indicated by the bacitracin-resistant gram-positive cocci with clear hemolysis. The appropriate intervention to decrease vertical transmission of GBS during labor is the administration of intrapartum antibiotics, specifically ampicillin, rather than abstaining from breastfeeding.","(A) Dorsal root ganglion[?]Varicella-Zoster Virus (VZV):Herpes Zoster Herpes zoster (shingles) is a sporadic disease that results from reactivation of latent VZV from dorsal root ganglia.Most patients with shingles have no history of recent exposure to other individuals with VZV infection.Herpes zoster is characterized by a unilateral vesicular dermatomal eruption, often associated with severe pain. The dermatomes from T3 to L3 are most frequently involved.If the ophthalmic branch of the trigemi",14.283333333333337,17.94,19.08,-3.656666666666665,0.1380670611439842,624,,0.84408945
medmcqa,clinical,clinical,True,actual,Characteristic postmortem finding of carbolic acid poisoning is,"The characteristic postmortem finding of carbolic acid (phenol) poisoning is the presence of a ""cherry-red"" coloration of the blood and tissues. This is due to the binding of phenol to hemoglobin, leading to the formation of methemoglobin, which imparts a reddish hue. Additionally, other findings may include gastrointestinal mucosal damage, particularly in the stomach, and potential renal tubular necrosis. It is important to note that phenol is a corrosive substance, and its effects can lead to significant tissue damage, which may also be observed during autopsy.",Stomach mucosa : Sulphuric acid : Charred / Black / blottin paper stomach Copper sulphate : Bluish green Ferrous sulphate : Green Arsenic : pink velvety mucosa / strawberry Nitric acid : yellow Carbolic acid : White leathery stomach.,17.029999999999998,14.75,15.25,2.2799999999999976,0.0517241379310344,601,,0.79878503
medmcqa,clinical,clinical,True,actual,Which of the following anti-hypertensive is contraindicated in pregnancy:,"The anti-hypertensive that is contraindicated in pregnancy is **Angiotensin-converting enzyme (ACE) inhibitors**. While the specific options are not provided in your question, it is important to note that ACE inhibitors, along with Angiotensin II receptor blockers (ARBs), are known to pose risks during pregnancy, particularly in the second and third trimesters, due to their association with fetal renal impairment, oligohydramnios, and other adverse outcomes. 

If you have specific options to choose from, please provide them for a more tailored response.","Ans. (b) ACE inhibitorsRef KDT 6th ed. 553; Williams 24th ed, /: 1025* ACEs are the drugs which inhibit the conversion of angiotensin-I to angiotensin-II. They can cause severe fetal malformations when given in the second and third trimesters.* These include: Hypocalvaria and renal dysfunction and are also teratogenic and because of this, they are not recommended during pregnancy* Angiotensin-receptor blockers act in a similar manner.But, instead of blocking the production of angiotensin- II, th",15.453333333333337,16.2,16.73,-0.7466666666666626,0.1312741312741313,343,,0.8497931
medmcqa,clinical,clinical,True,actual,Following are examples of mitochondrial inheritance except:,"The examples of mitochondrial inheritance provided include Leigh disease, mitochondrial encephalopathy, and MELAS (Mitochondrial Encephalomyopathy, Lactic Acidosis, and Stroke-like episodes). However, color blindness is not typically classified as a mitochondrial inheritance disorder; it is primarily inherited in an X-linked recessive pattern. Therefore, the correct answer is:

**Color blindness**.","Ans. D. Colour blindnessMutations within mitochondrial gene can lead to phenotypic defects and show pattern of maternal genetic transmission. Since mitochondria are only present in ovum and not sperms, the inheritance is maternal. All the offspring of an affected female will be affected. All the affected daughters will transmit the disease. Sons will be affected but will not transmit the disease. Examples include Leigh disease, mitochondrial encephalopathy, lactic acidosis and stroke (MELAS) lik",19.16857142857143,18.92,17.51,0.2485714285714273,0.1935483870967742,288,,0.8562351
mirage,low,medium,False,actual,A patient has been on the operating table for four hours. How long may it take for any pressure damage to be visible?,"When a patient is on the operating table for a long time, like four hours, there is a risk of pressure damage to the skin and underlying tissues. Pressure damage, also known as pressure ulcers or bedsores, can start to develop when there is constant pressure on a specific area of the body, especially if the person is not moving.

Typically, it can take as little as 30 minutes to a few hours for pressure damage to begin to show, depending on several factors such as the patient's overall health, skin condition, and the amount of pressure applied. However, visible signs of pressure damage may not appear immediately. 

In most cases, you might start to see early signs of pressure damage, like redness or discoloration of the skin, after about 2 to 4 hours of sustained pressure. If the pressure continues without relief, more serious damage can develop over time.

So, in summary, after four hours on the operating table, it is possible for pressure damage to be visible, especially if the patient has risk factors like poor circulation or fragile skin.",72 hours.,3.2049999999999983,13.42,13.48,-10.215000000000002,0.0108108108108108,822,,0.8369352
mirage,low,low,True,upper_bound,A patient has been on the operating table for four hours. How long may it take for any pressure damage to be visible?,"If a patient is on the operating table for four hours, it can take about 1 to 2 hours after that for any pressure damage to be seen on the skin. This means that after lying in one position for a long time, the skin can start to show signs of damage, like redness or sores. It's important to keep checking the skin during and after surgery to prevent this from happening.",72 hours.,3.2049999999999983,10.16,10.5,-6.955000000000002,0.0266666666666666,692,,0.8537191
mirage,low,high,False,actual,Which acid does not show coagulation necrosis on contact?,"Coagulation necrosis is a type of tissue death that occurs when proteins are denatured, often due to the action of strong acids or bases. In the context of acids, hydrochloric acid (HCl) and sulfuric acid (H2SO4) are known to cause coagulation necrosis upon contact with tissues. However, acetic acid (found in vinegar) is less likely to produce coagulation necrosis. 

Therefore, the acid that does not show coagulation necrosis on contact is **acetic acid**. This is primarily due to its weaker corrosive properties compared to stronger mineral acids.",HF,5.077941176470592,12.9,14.27,-7.822058823529408,0.0,556,,0.78216124
mirage,low,low,True,upper_bound,Which acid does not show coagulation necrosis on contact?,"The question asks about which acid does not cause a type of tissue damage called coagulation necrosis when it touches the skin or other tissues. 

Coagulation necrosis is a way that tissue can be damaged. Some acids can cause this damage, but not all of them do. 

In the context of your question, the answer is **hydrochloric acid**. Hydrochloric acid does not show coagulation necrosis on contact. 

If you have more questions or need help understanding something else, feel free to ask!",HF,5.077941176470592,8.02,10.13,-2.9420588235294076,0.0,549,,0.79595095
mirage,low,low,True,actual,Which hormone has permissive role in pubey?,"The hormone that has a permissive role in puberty is **Leptin**. 

Leptin helps the body know when it has enough energy stored. This is important for starting puberty.",GnRH,3.855,,,,0.0,314,,0.7849496
mirage,low,medium,False,actual,A spirometry curve of a patient has been provided below. Calculate the FEV1/FVC ratio from the curve:,"To calculate the FEV1/FVC ratio from a spirometry curve, you need to understand two important terms:

1. **FEV1 (Forced Expiratory Volume in 1 second)**: This is the amount of air a person can forcefully exhale in one second.
2. **FVC (Forced Vital Capacity)**: This is the total amount of air a person can forcefully exhale after taking a deep breath.

The FEV1/FVC ratio is a way to assess lung function. It is calculated by dividing the FEV1 value by the FVC value. 

For example, if a spirometry curve shows:
- FEV1 = 3.0 liters
- FVC = 4.0 liters

Then, the FEV1/FVC ratio would be calculated as follows:

\[ \text{FEV1/FVC ratio} = \frac{\text{FEV1}}{\text{FVC}} = \frac{3.0 \, \text{liters}}{4.0 \, \text{liters}} = 0.75 \text{ or } 75\% \]

This means that 75% of the total air (FVC) can be exhaled in the first second (FEV1), which is considered normal.

To provide an accurate answer, you would need the specific values from the spirometry curve. If you have those values, you can plug them into the",80-89%,5.805,7.23,10.86,-1.4250000000000007,0.0,783,,0.7559694
mirage,low,low,True,upper_bound,A spirometry curve of a patient has been provided below. Calculate the FEV1/FVC ratio from the curve:,"I'm sorry, but I can't see the spirometry curve you mentioned. However, I can explain what FEV1 and FVC mean.

FEV1 stands for ""Forced Expiratory Volume in one second."" This is the amount of air a person can forcefully blow out in one second.

FVC stands for ""Forced Vital Capacity."" This is the total amount of air a person can blow out after taking a deep breath.

To find the FEV1/FVC ratio, you divide the FEV1 number by the FVC number. This ratio helps doctors understand how well the lungs are working.

If you have the numbers for FEV1 and FVC, you can do the math like this:

1. Take the FEV1 number.
2. Take the FVC number.
3. Divide FEV1 by FVC.
4. Multiply by 100 to get a percentage.

If you provide the FEV1 and FVC numbers, I can help you calculate the ratio!",80-89%,5.805,4.48,8.42,1.3249999999999993,0.0,688,,0.7614294
mirage,low,low,True,actual,Genes involved in X-Linked SCID-,"The genes involved in X-Linked SCID are:

- CD23
- IL2RG

These genes help the body fight infections.",IL2RG,2.187692307692309,,,,0.1111111111111111,240,,0.8161319
mirage,medium,high,False,actual,Is the ability to perform transurethral resection of the prostate influenced by the surgeon's previous experience?,"Yes, the ability to perform transurethral resection of the prostate (TURP) is indeed influenced by the surgeon's previous experience. Studies have shown that a surgeon's level of experience can significantly impact both the surgical outcomes and the incidence of complications associated with the procedure. 

In the context provided, the evaluation of surgical results and complications was conducted by categorizing patients based on the urologist's experience, specifically focusing on those who had performed a varying number of TURP procedures. It is generally understood that more experienced surgeons tend to have better technical skills, which can lead to improved patient outcomes, such as reduced operative time, lower complication rates, and enhanced postoperative recovery.

Therefore, the surgeon's familiarity with the procedure, honed through practice and exposure to a diverse range of cases, plays a critical role in the effectiveness and safety of TURP.",yes,9.081818181818182,17.75,18.67,-8.668181818181818,0.0137931034482758,732,,0.784004
mirage,medium,medium,True,upper_bound,Is the ability to perform transurethral resection of the prostate influenced by the surgeon's previous experience?,"Yes, the ability to perform a transurethral resection of the prostate (TURP) is influenced by the surgeon's previous experience. In medical studies, it has been shown that surgeons who have performed more procedures tend to have better outcomes. This means they are more likely to successfully complete the surgery with fewer complications. 

TURP is a surgical procedure used to treat problems related to an enlarged prostate, which can cause issues like frequent urination or difficulty starting urination. The more experienced a surgeon is with this specific procedure, the better they are at handling any challenges that may arise during surgery. 

In summary, a surgeon's experience plays a significant role in the success of TURP, making it important to consider when choosing a healthcare provider for this type of surgery.",yes,9.081818181818182,13.01,15.47,-3.9281818181818178,0.0151515151515151,722,,0.78459984
mirage,medium,high,False,actual,Which of the following is not associated with haemorrhage?,"Based on the provided context, the question asks which of the following is not associated with hemorrhage. While the specific options are not listed in your query, I can provide a general understanding of conditions related to hemorrhage.

Hemorrhage refers to the escape of blood from the circulatory system, which can occur due to various pathological processes. Common associations with hemorrhage include:

1. **Trauma**: Physical injury can lead to direct blood vessel damage.
2. **Coagulation Disorders**: Conditions such as hemophilia or thrombocytopenia can predispose individuals to bleeding.
3. **Vascular Malformations**: Aneurysms or arteriovenous malformations can rupture and cause hemorrhage.
4. **Tumors**: Certain tumors can erode blood vessels or cause bleeding due to their vascularity.

In contrast, conditions that typically do not lead to hemorrhage might include:

- **Ischemic events**: While ischemia can lead to tissue death, it does not directly cause bleeding unless there is subsequent rupture of necrotic tissue or vessels.
- **Non-vascular diseases**: Conditions such as infections or metabolic disorders that do not involve the vascular system typically do not cause hemorrhage.

If you can provide the specific options related to your question, I would be able to identify which one is not associated with hemorrhage more accurately.",Melanosis,9.936764705882355,13.84,15.67,-3.903235294117645,0.0,743,,0.7299351
mirage,medium,medium,True,upper_bound,Which of the following is not associated with haemorrhage?,"Based on the information provided in the context, we need to identify which option is not associated with hemorrhage (bleeding). 

In medical terms, hemorrhage refers to the loss of blood, either internally or externally. The context mentions various conditions and reactions, but does not explicitly list the options to choose from. However, we can infer that the urticarial reaction described in the case of the 25-year-old man, which involves hives and swelling, is more related to an allergic reaction rather than bleeding.

In summary, without specific options listed, the urticarial reaction (hives and swelling) in the 25-year-old man is **not associated with hemorrhage**. If you have specific options to choose from, please provide them for a more precise answer.",Melanosis,9.936764705882355,12.37,15.02,-2.433235294117644,0.0,630,,0.75173014
mirage,medium,medium,True,actual,"A 50-year-old man presents to his physician with chronic cough, aching joints in his hips and lower back, and malaise over the past 2 months. He describes himself as being generally healthy before the","Based on the information provided, the most likely diagnosis for the 50-year-old man is **coccidioidomycosis**, also known as **Valley Fever**. 

Here’s why:

1. **Symptoms and History**: The patient has a chronic cough, joint pain (aching joints), and malaise (feeling unwell) for the past two months. He also mentioned a hiking trip in the desert near Phoenix, Arizona, which is an area where coccidioidomycosis is common. This fungus is found in the soil of certain regions, especially in the southwestern United States.

2. **Chest X-ray and CT Findings**: The chest X-ray shows consolidation in the lower right lung, and the CT scan reveals an irregular opacity in the right middle lobe along with a small pleural effusion (fluid around the lung) and hilar adenopathy (enlarged lymph nodes in the chest). These findings can be associated with fungal infections like coccidioidomycosis.

3. **Biopsy Results**: The lung biopsy shows necrotic granulomatous inflammation with multinucleated giant cells and spherules with endospores. These spherules are characteristic of coccidioidomycosis, as the fungus forms these structures in the body.

4. **Laboratory Tests**: The lab tests show a normal white blood cell count and a high erythrocyte sedimentation rate (ESR), which indicates",Valley fever,9.65066666666667,11.56,12.86,-1.9093333333333309,0.0199004975124378,1227,,0.78864
mirage,medium,low,False,actual,Marker appearing last in MI,"The question is asking about the marker that appears last during a heart attack, which is also called a myocardial infarction (MI). 

In a heart attack, different markers show up in the blood at different times. The last marker to appear is usually Troponin. 

So, the answer is Troponin.",LDH,6.780000000000001,7.73,9.52,-0.9499999999999992,0.0,262,,0.773727
mirage,medium,medium,True,upper_bound,Marker appearing last in MI,"Based on the context provided, it seems that the question is about the markers that appear in a myocardial infarction (MI), which is a heart attack. 

In the case of a myocardial infarction, the markers that are commonly tested in the blood to assess heart damage include:

1. **Troponin** - This is usually the first marker to rise after a heart attack.
2. **Creatine Kinase (CK)** - This can also be elevated, but it typically rises after troponin.
3. **Myoglobin** - This is another marker that can be checked, but it is not as specific to heart damage.

However, if we are looking for the marker that appears last in the context of a myocardial infarction, it would typically be **Creatine Kinase (CK)**, particularly the CK-MB subtype, which is specific to heart muscle damage.

So, the answer to your question about the marker appearing last in MI is **Creatine Kinase (CK)**.",LDH,6.780000000000001,11.47,13.02,-4.6899999999999995,0.0,396,,0.75576806
mirage,medium,high,False,actual,A patient with history of coronary aery disease presents with pulse rate of 48/min and low BP. Patient has decreased myocardial contractility on Echo. Which of these anesthetic agents is contraindicat,"In a patient with a history of coronary artery disease presenting with bradycardia (pulse rate of 48 beats per minute) and hypotension (low blood pressure), along with decreased myocardial contractility as observed on echocardiography, certain anesthetic agents would be contraindicated due to their potential to exacerbate these cardiovascular issues.

One anesthetic agent that is particularly contraindicated in this scenario is **propofol**. Propofol is known for its rapid onset and antiemetic properties, but it can cause significant hypotension and bradycardia, especially in patients with compromised cardiac function. Given the patient's existing bradycardia and low blood pressure, the use of propofol could lead to further cardiovascular instability.

In contrast, agents such as **etomidate** or **ketamine** may be more suitable, as they typically have a more stable hemodynamic profile. However, it is essential to evaluate the overall clinical picture, including the patient's specific cardiac status and any other comorbidities, when selecting an anesthetic agent. 

In summary, **propofol** is contraindicated in this patient due to the risk of worsening bradycardia and hypotension.",Dexmedetomidine,9.694551282051282,17.86,18.24,-8.165448717948717,0.0,851,,0.7636581
mirage,medium,medium,True,upper_bound,A patient with history of coronary aery disease presents with pulse rate of 48/min and low BP. Patient has decreased myocardial contractility on Echo. Which of these anesthetic agents is contraindicat,"In this situation, the patient has a history of coronary artery disease and is showing signs of a slow heart rate (pulse rate of 48 beats per minute) and low blood pressure. Additionally, the echocardiogram (Echo) shows decreased myocardial contractility, meaning the heart is not pumping as strongly as it should.

Given these conditions, certain anesthetic agents can be risky. One type of anesthetic that is often contraindicated (not recommended) in patients with low heart rates and decreased heart function is **propofol**. Propofol can lower blood pressure and may further decrease heart rate, which could worsen the patient's condition.

In summary, for a patient with a slow heart rate, low blood pressure, and decreased heart function, **propofol** would be the anesthetic agent that is contraindicated.",Dexmedetomidine,9.694551282051282,11.89,12.75,-2.195448717948718,0.0,780,,0.72769636
mirage,high,high,True,actual,Metabolism is determined by the:,"Metabolism is determined by the proteins formed as dictated by the genetic material (C). This is because the genetic material, specifically deoxyribonucleic acid (DNA), encodes the information necessary for the synthesis of proteins, which play crucial roles in metabolic pathways. The activity and efficiency of these proteins, including enzymes that facilitate biochemical reactions, ultimately dictate the metabolic processes within the cell. While factors such as the availability of amino acids (B) and the size of proteins (A) can influence metabolism, the fundamental determinant is the genetic blueprint that governs protein synthesis.",proteins formed as dictated by the genetic material.,11.325000000000005,18.83,19.03,-7.504999999999994,0.1616161616161616,468,,0.862716
mirage,high,clinical,False,actual,Does the severity of obstructive sleep apnea predict patients requiring high continuous positive airway pressure?,"The severity of obstructive sleep apnea (OSA) does not directly predict the need for high continuous positive airway pressure (CPAP) therapy. While the apnea-hypopnea index (AHI) is used to classify the severity of OSA (mild, moderate, or severe), the required CPAP pressure is influenced by multiple factors beyond AHI alone. These factors include the patient's anatomical characteristics (such as upper airway structure), body mass index (BMI), presence of comorbidities (e.g., obesity hypoventilation syndrome, cardiovascular disease), and individual response to CPAP titration during a sleep study.

In clinical practice, titration studies are conducted to determine the optimal CPAP pressure that alleviates apnea events and improves oxygen saturation, regardless of the severity classification based on AHI. Therefore, while there may be a correlation between higher severity and higher CPAP requirements in some patients, it is not a definitive predictor, and individual assessment is essential for determining appropriate therapy.",maybe,11.543095238095235,17.82,18.42,-6.276904761904765,0.0,681,,0.78310966
mirage,high,high,True,upper_bound,Does the severity of obstructive sleep apnea predict patients requiring high continuous positive airway pressure?,"The severity of obstructive sleep apnea (OSA) does not necessarily predict which patients will require high continuous positive airway pressure (CPAP) settings. While the severity of OSA, often classified based on the apnea-hypopnea index (AHI), can provide insight into the overall burden of the disease, individual responses to CPAP therapy can vary significantly.

Factors influencing the required CPAP pressure include:

1. **Anatomical Considerations**: The specific anatomical features of a patient's upper airway can affect how much pressure is needed to keep the airway open during sleep.

2. **Body Position**: Some patients may experience more severe apnea in certain positions (e.g., supine) and may require different pressures based on their sleeping position.

3. **Weight and Obesity**: Although obesity is a common risk factor for OSA, the relationship between body mass index (BMI) and CPAP pressure is not linear. Some obese patients may require lower pressures, while others may need higher pressures.

4. **Comorbid Conditions**: The presence of comorbidities, such as chronic obstructive pulmonary disease (COPD) or heart failure, can also influence the effectiveness of CPAP therapy and the necessary pressure settings.

5. **Patient Tolerance and Compliance**: Individual tolerance to CPAP therapy can affect the pressure settings. Some patients may require adjustments based on their comfort and adherence to treatment.

In summary, while the severity of OSA provides important information regarding the condition",maybe,11.543095238095235,14.23,15.47,-2.6869047619047652,0.0,782,,0.7799456
mirage,high,medium,False,actual,Difference in transudate & exudate is that the former has a:,"Transudate and exudate are two types of fluids that can accumulate in body tissues or cavities, often due to different medical conditions. Here’s a simple way to understand the difference:

- **Transudate**: This is a clear, watery fluid that forms when there is a change in pressure in the blood vessels, usually due to conditions like heart failure or liver cirrhosis. Transudate typically has low protein content and low levels of cells.

- **Exudate**: This fluid is thicker and usually occurs due to inflammation or infection. It has a higher protein content and often contains more cells, which can indicate a more serious condition like an infection or cancer.

So, the main difference is that **transudate has a lower protein content** compared to exudate. This difference helps doctors determine the cause of fluid accumulation in the body.",Low protein,13.901739130434787,12.04,14.96,1.8617391304347883,0.0289855072463768,559,,0.80312145
mirage,high,high,True,upper_bound,Difference in transudate & exudate is that the former has a:,"The primary difference between transudate and exudate lies in their composition and the underlying mechanisms that produce them. Transudate is typically characterized by a low protein content (generally less than 2.5 g/dL), low specific gravity (usually less than 1.012), and low levels of lactate dehydrogenase (LDH). It is formed due to systemic factors that alter hydrostatic or oncotic pressures, such as congestive heart failure or cirrhosis.

In contrast, exudate has a higher protein content (greater than 2.5 g/dL), higher specific gravity (greater than 1.020), and elevated LDH levels. Exudates are often the result of local inflammatory processes, infections, malignancies, or other pathological conditions that increase vascular permeability.

Thus, the key distinction is that transudate has a lower protein concentration compared to exudate, reflecting the different etiologies of fluid accumulation in various clinical scenarios.",Low protein,13.901739130434787,13.73,15.11,0.171739130434787,0.0283687943262411,577,,0.80044526
mirage,high,high,True,actual,A successful inferior alveolar nerve block will produce anaesthesia of the,"A successful inferior alveolar nerve block will produce anaesthesia of the **lower lip, mandibular teeth, and labial gingivae of the anterior and buccal gingivae of the posterior mandibular teeth**. Therefore, the correct answer is **D**. 

This block targets the inferior alveolar nerve, which innervates the mandibular teeth and associated structures, including the lower lip and gingivae.","lower lip, mandibular teeth and labial gingivae of the anterior mandibular teeth.",10.130000000000004,14.03,15.47,-3.899999999999995,0.3529411764705882,436,,0.8893404
mirage,high,medium,False,actual,"A female of 36 weeks gestation presents with hypertension, blurring of vision and headache. Her blood pressure reading was 180/120 mm Hg and 174/110 mm Hg after 20 minutes. How will you manage the pat","In this situation, the patient is 36 weeks pregnant and showing signs of severe hypertension (high blood pressure), along with symptoms like blurry vision and headache. These symptoms can indicate a serious condition known as preeclampsia, which can affect both the mother and the baby.

Here’s how to manage the patient:

1. **Immediate Assessment**: The healthcare team will first assess the patient's overall condition and check for any other signs of complications, such as swelling or protein in the urine.

2. **Medication to Lower Blood Pressure**: The patient will likely be given medications to lower her blood pressure quickly. Common medications used in this situation include labetalol or hydralazine. These help to prevent complications from high blood pressure.

3. **Monitoring**: Continuous monitoring of the mother and baby is essential. This includes checking the mother’s blood pressure regularly and monitoring the baby’s heart rate.

4. **Delivery Planning**: Since the patient is already at 36 weeks, the healthcare team may decide that it is safest to deliver the baby. This is often done through a Caesarian section if the mother’s condition is severe or if there are concerns about the baby’s well-being.

5. **Post-Delivery Care**: After delivery, the mother will be monitored closely for any complications related to preeclampsia, and her blood pressure will continue to be managed.

In summary, the management involves lowering blood pressure, monitoring both the mother and baby, and preparing for delivery","Admit the patient, start antihypertensives, MgSO4 and terminate the pregnancy",10.632767123287673,11.65,13.02,-1.0172328767123275,0.0317460317460317,949,,0.80329984
mirage,high,high,True,upper_bound,"A female of 36 weeks gestation presents with hypertension, blurring of vision and headache. Her blood pressure reading was 180/120 mm Hg and 174/110 mm Hg after 20 minutes. How will you manage the pat","In managing a 36-week pregnant patient presenting with severe hypertension (blood pressure readings of 180/120 mm Hg and 174/110 mm Hg), along with symptoms of blurred vision and headache, it is crucial to consider the possibility of severe preeclampsia or eclampsia, which can pose significant risks to both the mother and fetus.

**Immediate Management Steps:**

1. **Stabilization of Blood Pressure:**
   - Administer antihypertensive medications to lower blood pressure to a safer range. Commonly used medications include labetalol, hydralazine, or oral nifedipine. The goal is to achieve a target blood pressure of less than 160/110 mm Hg.

2. **Assessment for Severe Features:**
   - Evaluate for other severe features of preeclampsia, such as elevated liver enzymes, low platelet count, or signs of end-organ dysfunction. This may include laboratory tests such as liver function tests, complete blood count, and urinalysis for proteinuria.

3. **Magnesium Sulfate:**
   - Administer magnesium sulfate for seizure prophylaxis, especially if there are signs of severe preeclampsia or if the patient has a history of eclampsia. This is critical in preventing seizures.

4. **Fetal Monitoring:**
   - Continuous fetal monitoring should be initiated to assess fetal well-being, given the potential for placental insufficiency due to maternal hypertension.

5. **","Admit the patient, start antihypertensives, MgSO4 and terminate the pregnancy",10.632767123287673,13.83,14.7,-3.1972328767123273,0.0382775119617224,943,,0.80733985
mirage,clinical,high,False,actual,"If Patient is identified with Hepatitis B positive, after treatment what should be done with instrument","In the context of managing instruments after treating a patient identified as Hepatitis B positive, it is crucial to adhere to strict infection control protocols. Hepatitis B is a bloodborne virus, and any instruments that have come into contact with the patient's blood or bodily fluids must be handled with care to prevent transmission.

The appropriate action for instruments used in the treatment of a Hepatitis B positive patient is as follows:

1. **Disinfection and Sterilization**: All instruments should be thoroughly cleaned and then sterilized using appropriate methods, such as autoclaving, to eliminate any potential viral particles. 

2. **Single-use Instruments**: If possible, single-use instruments should be utilized for procedures involving Hepatitis B positive patients to minimize the risk of cross-contamination.

3. **Biohazard Disposal**: Any disposable items that have been in contact with the patient should be disposed of in biohazard containers, following local regulations for hazardous waste management.

4. **Post-exposure Prophylaxis**: If any healthcare worker is exposed to blood or bodily fluids from a Hepatitis B positive patient, they should follow post-exposure prophylaxis guidelines, which may include vaccination and/or antiviral therapy.

In summary, the instruments used for a Hepatitis B positive patient should be properly disinfected and sterilized, or disposed of if they are single-use, to ensure safety and prevent transmission of the virus.",Instruments should be washed and sent for autoclave,19.001818181818184,17.89,19.03,1.1118181818181831,0.0434782608695652,614,,0.8088705
mirage,clinical,clinical,True,upper_bound,"If Patient is identified with Hepatitis B positive, after treatment what should be done with instrument","In the context of a patient identified as Hepatitis B positive, after treatment, it is crucial to follow proper infection control protocols regarding instruments. The appropriate action is to ensure that any instruments that may have come into contact with the patient's blood or bodily fluids are subjected to thorough sterilization or disposal according to established guidelines for handling biohazardous materials.

Specifically, instruments should be:

1. **Sterilized**: Use autoclaving or other validated sterilization methods to eliminate any potential viral particles.
2. **Single-use instruments**: If applicable, single-use instruments should be disposed of in accordance with biohazard waste protocols.
3. **Disinfection**: For non-critical items that cannot be sterilized, appropriate high-level disinfection should be performed.

It is essential to adhere to the Centers for Disease Control and Prevention (CDC) guidelines and local regulations regarding the management of instruments in the context of Hepatitis B to prevent transmission and ensure patient and healthcare worker safety.",Instruments should be washed and sent for autoclave,19.001818181818184,16.74,17.93,2.2618181818181853,0.048780487804878,528,,0.8176874
mirage,clinical,high,False,actual,A patient underwent extraction of 3rd molar experiences pain in socket on 3rd day; socket is tender with no fever and swelling: what treatment should be done,"In the scenario where a patient experiences pain in the socket following the extraction of a third molar on the third postoperative day, with tenderness but no accompanying fever or swelling, the most likely diagnosis is a condition known as dry socket or alveolar osteitis. This occurs when the blood clot that forms in the extraction site either dissolves prematurely or fails to form, exposing the underlying bone and nerves, leading to significant discomfort.

The appropriate management for dry socket typically includes the following steps:

1. **Pain Management**: The patient should be prescribed analgesics to alleviate pain. Over-the-counter medications such as ibuprofen or acetaminophen may be effective, but stronger prescription analgesics can be considered if the pain is severe.

2. **Irrigation and Dressing**: The dentist or oral surgeon may irrigate the socket to remove any debris and then place a medicated dressing in the socket. This dressing often contains a local anesthetic (such as eugenol) to provide symptomatic relief and promote healing.

3. **Patient Education**: The patient should be advised on proper oral hygiene practices to avoid further irritation of the socket. They should also be instructed to avoid smoking, using straws, or engaging in vigorous physical activity, as these can dislodge the clot and exacerbate the condition.

4. **Follow-Up**: A follow-up appointment may be necessary to monitor the healing process and to change the dressing if required.

In summary, the treatment for the patient experiencing pain in the",Irrigation of socket with sedative placement and analgesic,27.420000000000005,14.31,15.79,13.110000000000005,0.0318725099601593,819,,0.799039
mirage,clinical,clinical,True,upper_bound,A patient underwent extraction of 3rd molar experiences pain in socket on 3rd day; socket is tender with no fever and swelling: what treatment should be done,"In the case of a patient who underwent extraction of the third molar and is experiencing pain in the socket on the third postoperative day, with tenderness but no fever or swelling, the clinical picture is suggestive of a possible dry socket (alveolar osteitis). 

The appropriate management for this condition typically involves:

1. **Irrigation of the socket**: To remove any debris and promote healing.
2. **Application of medicated dressings**: A common treatment is the placement of a dressing containing a topical anesthetic (such as eugenol) and/or an antiseptic to alleviate pain and promote healing.
3. **Pain management**: Prescribing analgesics, such as NSAIDs (e.g., ibuprofen), to manage discomfort.

If the symptoms persist or worsen, further evaluation may be necessary to rule out other complications. However, the immediate treatment should focus on addressing the pain and promoting healing of the extraction site.",Irrigation of socket with sedative placement and analgesic,27.420000000000005,13.07,14.91,14.350000000000003,0.08,707,,0.8161267
mirage,clinical,medium,False,actual,All are true about legionella pneumophilia except,"Legionella pneumophila is a type of bacteria that can cause a serious form of pneumonia called Legionnaires' disease. Here are some common facts about it:

1. **Causes Pneumonia**: Legionella pneumophila is known for causing a severe lung infection.
2. **Found in Water**: This bacteria often lives in warm water, like in hot tubs, cooling towers, or large plumbing systems.
3. **Not Spread Person-to-Person**: It is not contagious, meaning you cannot catch it from someone who is infected.

Now, if you are looking for a statement that is **not true** about Legionella pneumophila, it would likely be something that contradicts these facts. For example, if someone said that Legionella pneumophila can be easily spread from one person to another, that would be incorrect.

If you have specific statements about Legionella pneumophila, I can help identify which one is not true.",Person to person transmission,17.171250000000004,10.12,13.62,7.051250000000005,0.0413793103448275,464,,0.79506505
mirage,clinical,clinical,True,upper_bound,All are true about legionella pneumophilia except,"Legionella pneumophila is a pathogenic bacterium known for causing Legionnaires' disease, a severe form of pneumonia. Here are some accurate statements regarding Legionella pneumophila, with one exception:

1. It is a gram-negative bacterium.
2. It is commonly found in freshwater environments, such as lakes and streams.
3. It can be transmitted through inhalation of aerosolized water droplets containing the bacteria.
4. It is primarily spread through person-to-person contact.

The exception in this context is that Legionella pneumophila is **not primarily spread through person-to-person contact**. The primary mode of transmission is through contaminated water sources, not direct human transmission.",Person to person transmission,17.171250000000004,11.82,14.37,5.351250000000004,0.0747663551401869,399,,0.80982304
mirage,clinical,medium,False,actual,A healthy person sitting at rest consciously begins to breathe too fast. Which of the following describes the change in the person s blood caused by this hyperventilation?,"When a healthy person at rest starts to breathe too fast, this is called hyperventilation. During hyperventilation, the person breathes out more carbon dioxide (CO2) than normal. 

Carbon dioxide is a gas that our bodies produce when we use oxygen. It is important for maintaining the right balance of acids and bases in our blood. When we breathe out too much CO2, it can lead to a condition called respiratory alkalosis. This means that the blood becomes less acidic (more basic) because there is less CO2 to help keep it balanced.

In summary, during hyperventilation, the change in the person's blood is that it becomes more basic due to the loss of carbon dioxide.",A decrease in partial pressure of carbon dioxide and a decrease in concentration of hydrogen ions,16.925416666666667,9.08,11.21,7.845416666666667,0.1068702290076336,657,,0.8316955
mirage,clinical,clinical,True,upper_bound,A healthy person sitting at rest consciously begins to breathe too fast. Which of the following describes the change in the person s blood caused by this hyperventilation?,"In the scenario described, the healthy person sitting at rest who begins to hyperventilate will experience a decrease in arterial carbon dioxide (CO2) levels, a condition known as hypocapnia. This occurs because hyperventilation leads to excessive exhalation of CO2, resulting in a respiratory alkalosis due to the increased pH of the blood.

As a consequence of hypocapnia, the following physiological changes may occur:

1. **Decreased Partial Pressure of Carbon Dioxide (pCO2)**: The rapid breathing reduces the concentration of CO2 in the blood, leading to a lower pCO2.
2. **Increased Blood pH**: The reduction in CO2 causes a shift in the bicarbonate buffer system, resulting in an increase in blood pH (alkalosis).
3. **Potential Symptoms**: The individual may experience symptoms such as lightheadedness, tingling in the extremities, and muscle cramps due to the effects of alkalosis on calcium ion binding.

In summary, hyperventilation leads to decreased CO2 levels (hypocapnia) and an increase in blood pH (respiratory alkalosis).",A decrease in partial pressure of carbon dioxide and a decrease in concentration of hydrogen ions,16.925416666666667,15.49,15.72,1.4354166666666668,0.1395348837209302,742,,0.8429301
mirage,clinical,high,False,actual,Which of the following drugs is used for the treatment of refractory histiocytosis :,"The treatment of refractory histiocytosis often involves the use of targeted therapies or chemotherapeutic agents. One of the most commonly utilized drugs in this context is **Vemurafenib**, particularly for cases associated with BRAF mutations. However, based on the options typically available for refractory histiocytosis, **Methotrexate** can also be considered, especially in cases where the disease is not responsive to first-line treatments.

If you have specific options to choose from regarding the treatment of refractory histiocytosis, please provide them for a more precise answer.",Cladribine,14.928,16.24,17.12,-1.3119999999999976,0.0,523,,0.75852084
mirage,clinical,clinical,True,upper_bound,Which of the following drugs is used for the treatment of refractory histiocytosis :,"The treatment of refractory histiocytosis typically involves the use of targeted therapies or chemotherapeutic agents. Among the options available, **Methotrexate** is often utilized for its efficacy in treating various hematological malignancies, including certain forms of histiocytosis. Therefore, the most appropriate drug for the treatment of refractory histiocytosis would be **C: Methotrexate**.",Cladribine,14.928,18.57,17.51,-3.641999999999999,0.0,488,,0.756285
plaba,medium,medium,True,actual,30 Diagnosis of severe acute respiratory syndrome coronavirus 2 (SARS-COV-2) cases is based on the count of real-time reverse transcription-plymerase chain reaction (RT-PCR) positive people. Viral loa,"The information provided discusses the diagnosis and monitoring of SARS-CoV-2, the virus that causes COVID-19. It highlights how viral load, which refers to the amount of virus present in a sample, can be measured using a test called real-time reverse transcription-polymerase chain reaction (RT-PCR). 

From the study of 458 patients, it was found that certain symptoms, like fever, were linked to higher viral loads. Specifically, fever was present in 48.5% of the patients, and it was associated with higher amounts of the virus in the body. 

The study also notes that:
- In mild cases of COVID-19 for patients under 60 years old, the highest viral load was typically seen during the first week after symptoms began.
- Children under 10 years old had a high viral load in the first two days after infection, but it quickly decreased.
- For patients aged 10 to 49, the viral load was usually low to moderate in the first two days.
- Patients over 60 years old had a higher viral load that lasted longer, up to two weeks after symptoms started.

This information suggests that measuring the viral load in nasopharyngeal swabs (samples taken from the back of the nose and throat) can be useful for monitoring the infection in patients with mild COVID-19. 

In summary, the study emphasizes the importance of viral load in understanding and managing COVID-19, especially in different age groups.","Diagnosis of severe acute respiratory syndrome coronavirus 2 (SARS-COV-2) cases is based on the count of real-time reverse transcription-plymerase chain reaction (RT-PCR) positive people. Viral load by real-time RT-PCR has been suggested as a biomarker of the SARS-CoV-2 infection. However, the association of viral load and severity of the disease is not yet resolved. Nasopharyngeal samples from 458 patients were tested by RT-PCR for SARS-CoV-2 diagnosis. Relative quantitation was made by the com",8.349001610305958,10.98,11.91,-2.6309983896940423,0.302367941712204,1265,,0.8526955
plaba,medium,medium,True,actual,"60 The aim was to determine the accuracy of anterior nasal swab in rapid antigen (Ag) tests in a low SARS-CoV-2 prevalence and massive screened community. Individuals, aged 18 years or older, who self","The study you mentioned looked at how accurate a rapid antigen (Ag) test is for detecting the SARS-CoV-2 virus, which causes COVID-19, in a community where the virus was not very common (low prevalence). 

Here are some key points from the study:

1. **Participants**: The study included adults aged 18 and older who went to a public testing center in Copenhagen, Denmark, in March 2021. A total of 7,074 people participated.

2. **Testing Method**: Each participant had two tests done:
   - A real-time reverse transcriptase-polymerase chain reaction (RT-PCR) test, which is a highly accurate method for detecting the virus.
   - An anterior nasal swab for the rapid antigen test.

3. **Results**:
   - Out of the 7,074 tests, only 66 were positive for the virus using the RT-PCR test.
   - The rapid antigen test correctly identified 32 of those positive cases.
   - This means the sensitivity of the antigen test (its ability to correctly identify those with the virus) was 48.5%. This is relatively low, meaning it missed some positive cases.
   - However, the specificity of the antigen test was 100%, which means it correctly identified everyone who did not have the virus, with no false positives.

4. **Conclusion**: The low sensitivity indicates that the antigen test may not be reliable enough on its own, especially in a setting","The aim was to determine the accuracy of anterior nasal swab in rapid antigen (Ag) tests in a low SARS-CoV-2 prevalence and massive screened community. Individuals, aged 18 years or older, who self-booked an appointment for real-time reverse transcriptase-polymerase chain reaction (RT-PCR) test in March 2021 at a public test center in Copenhagen, Denmark were included. An oropharyngeal swab was collected for RT-PCR testing, followed by a swab from the anterior parts of the nose examined by Ag te",9.749006968641115,11.17,13.82,-1.4209930313588846,0.2600896860986547,1110,,0.85893416
plaba,medium,medium,True,actual,60 Positive retests of COVID-19 represent a public health concern because of the increased risk of transmission. This study explored whether factors other than the nucleic acid amplification test (NAA,"The study discussed in the context focuses on patients with COVID-19 who had positive retest results after initially testing positive. A positive retest means that a person who was previously diagnosed with COVID-19 continues to test positive for the virus, which raises concerns about the potential for spreading the virus to others.

Here are the key findings from the study:

1. **Coughing and Symptoms**: Patients who had positive retests were more likely to have a cough compared to those who tested negative again. This means that if someone with COVID-19 has a cough, they might be at a higher risk of continuing to test positive.

2. **Breathing Difficulties**: Interestingly, fewer patients in the positive retest group reported having trouble breathing (dyspnea) compared to the negative retest group.

3. **Timing of Symptoms**: Patients who tested positive again had shorter times between when their symptoms started and when they were hospitalized, as well as when they first tested positive for COVID-19. This suggests that the timing of symptoms can be important in understanding retest results.

4. **Blood Test Results**: The study found differences in certain blood test results between the two groups. For example, those with positive retests had higher levels of basophils (a type of white blood cell), direct bilirubin (a substance produced from the breakdown of red blood cells), and chloride (an electrolyte), but lower levels of potassium (another important electrolyte).

5. **Risk Factors","Positive retests of COVID-19 represent a public health concern because of the increased risk of transmission. This study explored whether factors other than the nucleic acid amplification test (NAAT) contribute to positive retest results. Patients with COVID-19 admitted to the Guanggu district of the Hubei Maternal and Child Health Hospital between February 17 and March 28, 2020, were retrospectively included. The patients were grouped into the negative (n = 133) and positive (n = 51) retest gro",8.783196721311477,12.65,13.19,-3.866803278688524,0.2071713147410358,1239,,0.8223117
plaba,medium,medium,True,actual,"66 Background: Although venous thromboembolism is a well-known complication of nephrotic syndrome, the long-term absolute and relative risks of arterial thromboembolism, venous thromboembolism, and bl","The study discussed in the context highlights that adults with nephrotic syndrome have a significantly increased risk of developing serious health issues like arterial thromboembolism (which includes conditions like stroke and heart attacks), venous thromboembolism (which involves blood clots in veins), and bleeding compared to people without nephrotic syndrome.

To break it down:

1. **Nephrotic Syndrome**: This is a kidney disorder that causes the body to lose too much protein in the urine. It can lead to various complications, including blood clotting issues.

2. **Arterial Thromboembolism**: This refers to blood clots that form in arteries. The study found that the risk of this happening in the first year for patients with nephrotic syndrome is about 4.2%. Over ten years, this risk increases to 14%.

3. **Venous Thromboembolism**: This involves blood clots in veins. The one-year risk is 2.8%, and the ten-year risk is 7.7%.

4. **Bleeding**: The risk of bleeding in these patients is 5.2% in the first year and rises to 17% over ten years.

5. **Hazard Ratios (HRs)**: These numbers show how much more likely patients with nephrotic syndrome are to experience these complications compared to the general population. For example, the risk of arterial thromboembolism is more than three","Background: Although venous thromboembolism is a well-known complication of nephrotic syndrome, the long-term absolute and relative risks of arterial thromboembolism, venous thromboembolism, and bleeding in adults with nephrotic syndrome remain unclarified. Methods: In this matched cohort study, we identified every adult with first-time recorded nephrotic syndrome from admissions, outpatient clinics, or emergency department visits in Denmark during 1995-2018. Each patient was matched by age and ",9.096818181818184,8.26,10.76,0.8368181818181846,0.2312138728323699,1361,,0.84019136
plaba,medium,medium,True,actual,58 There is considerable interest in the waning of effectiveness of coronavirus disease 2019 (COVID-19) vaccines and vaccine effectiveness (VE) of booster doses. Using linked national Brazilian databa,"Based on the information provided, the next step in managing the 25-year-old woman who underwent induced ovulation and has 8 follicles with a serum estradiol level of 800 pg/ml would be to **retrieve follicles** (Option A). 

Here's why:

1. **Induced Ovulation**: This process is used to help women become pregnant by stimulating the ovaries to produce eggs (follicles). 

2. **Follicles and Estradiol**: The presence of 8 follicles and a high estradiol level indicates that the ovaries are responding well to the treatment. Estradiol is a hormone that helps prepare the body for ovulation and pregnancy.

3. **Retrieving Follicles**: When there are multiple follicles and the hormone levels are appropriate, the next step is often to retrieve the eggs from these follicles. This is typically done through a minor surgical procedure called egg retrieval.

In summary, since the patient has a good response to the treatment, the appropriate next step is to retrieve the follicles (Option A).","There is considerable interest in the waning of effectiveness of coronavirus disease 2019 (COVID-19) vaccines and vaccine effectiveness (VE) of booster doses. Using linked national Brazilian databases, we undertook a test-negative design study involving almost 14 million people (~16 million tests) to estimate VE of Corona Vac over time and VE of BNT162b2 booster vaccination against RT-PCR-confirmed severe acute respiratory syndrome coronavirus 2 (SARS-CoV-2) infection and severe COVID-19 outcome",9.363054695562436,11.76,15.08,-2.3969453044375637,0.1057934508816121,1091,,0.78479666
plaba,high,high,True,actual,"8 Background and objective: despite the introduction of newer antiemetics in the prevention of postoperative nausea and vomiting (PONV), perphenazine is recommended in current guidelines, as the conce","The systematic review assessed the efficacy and safety of perphenazine as a prophylactic treatment for postoperative nausea and vomiting (PONV) in both adults and children. The review included eleven trials published between 1965 and 1999, encompassing a total of 2,081 participants. 

In pediatric populations, perphenazine administered at a dosage of 0.07 mg/kg demonstrated significant effectiveness in preventing vomiting, with a relative risk (RR) of 0.31 (95% confidence interval [CI], 0.18-0.54). For adults, a dosage of approximately 5 mg was similarly effective, yielding an RR of 0.50 (95% CI, 0.37-0.67). 

When perphenazine was compared to newer antiemetics such as ondansetron, dexamethasone, and droperidol, the pooled analysis did not reveal any significant differences in efficacy, although the data were limited. Adverse events were reported poorly across the studies, but transient sedation was noted in three trials, with an RR of 0.9 (95% CI, 0.40-2.05), indicating that serious adverse effects were not prevalent.

In conclusion, the evidence supports that perphenazine is an effective option for preventing PONV in both children and adults, with a safety profile comparable to that of placebo and without significant serious adverse effects. This reinforces the recommendation for its use in multimodal management strategies for","Background and objective: despite the introduction of newer antiemetics in the prevention of postoperative nausea and vomiting (PONV), perphenazine is recommended in current guidelines, as the concept of multimodal management of PONV in high-risk patients requires more than two drugs to be combined. The aim of this quantitative systematic review was to assess the efficacy and safety of perphenazine in the prophylaxis of PONV in adults and children. Results: eleven trials published between 1965 a",10.84958762886598,12.32,14.11,-1.470412371134021,0.5011933174224343,1004,,0.8604898
plaba,high,high,True,actual,"55 Background: Attention-deficit hyperactivity disorder (ADHD) is the most commonly diagnosed behavioural disorder of childhood, affecting 3-5% of school-age children. The present study investigated w","The study investigated the effects of soy-derived phosphatidylserine (PS) supplementation on ADHD symptoms in children aged 4 to 14 years who had not previously received any pharmacological treatment for ADHD. A total of 36 children participated, with 19 receiving 200 mg of PS daily and 17 receiving a placebo over a period of two months in a randomized, double-blind design.

The primary outcome measures included ADHD symptoms assessed according to the DSM-IV-TR criteria, as well as cognitive functions such as short-term auditory memory and working memory, evaluated through the Digit Span Test from the Wechsler Intelligence Scale for Children, and mental performance in response to visual stimuli using the GO/NO GO task.

Results indicated that PS supplementation led to statistically significant improvements in ADHD symptoms (P < 0.01), which encompassed attention deficits (AD), hyperactivity (HD), and overall inattention and impulsivity (P < 0.05). Additionally, there were notable enhancements in short-term auditory memory (P < 0.05). No significant differences were found in the placebo group, and PS was reported to be well-tolerated without adverse effects.

In conclusion, the findings suggest that PS supplementation may serve as a safe and effective nutritional intervention for improving ADHD symptoms and cognitive performance in children diagnosed with the disorder.","Background: Attention-deficit hyperactivity disorder (ADHD) is the most commonly diagnosed behavioural disorder of childhood, affecting 3-5% of school-age children. The present study investigated whether the supplementation of soy-derived phosphatidylserine (PS), a naturally occurring phospholipid, improves ADHD symptoms in children. Methods: Thirty six children, aged 4-14 years, who had not previously received any drug treatment related to ADHD, received placebo (n = 17) or 200 mg day(-1) PS (n",12.83986263736264,17.34,18.38,-4.500137362637361,0.5272727272727273,1059,,0.857517
plaba,high,high,True,actual,49 May-Thurner syndrome (MTS) is a clinical condition characterized by the compression of the left iliac vein by the right iliac artery. This condition predisposes the patient to deep venous thrombosi,"May-Thurner syndrome (MTS) is a vascular condition characterized by the anatomical compression of the left iliac vein by the overlying right iliac artery. This compression can lead to venous stasis and an increased risk of deep venous thrombosis (DVT) in the affected leg, typically the left leg due to its anatomical positioning.

In the case presented, a 30-year-old female exhibits progressive left leg swelling over a four-week period, which is a common symptom associated with MTS. The presence of pitting edema extending up to the knee and tenderness in the calf muscle further supports the suspicion of DVT, a potential complication of MTS. The palpable dorsalis pedis, anterior tibial, and posterior tibial pulsations indicate that while there is significant edema, arterial flow remains intact.

To confirm the diagnosis of DVT, further investigations such as a Doppler ultrasound would be warranted. This imaging modality is the gold standard for diagnosing DVT, as it can visualize the venous structures and assess for thrombus formation. If DVT is confirmed, treatment typically involves anticoagulation therapy to prevent further thrombus formation and reduce the risk of pulmonary embolism.

In summary, the clinical presentation of this patient aligns with May-Thurner syndrome, necessitating further diagnostic evaluation to confirm the presence of DVT and guide appropriate management. Treatment may involve anticoagulation and, in some cases, interventional procedures to relieve the venous compression.","May-Thurner syndrome (MTS) is a clinical condition characterized by the compression of the left iliac vein by the right iliac artery. This condition predisposes the patient to deep venous thrombosis (DVT). We present the case of a 30-year -old female who arrived at the emergency department of our facility with progressive left leg swelling for four weeks, with low-risk probability for DVT. Examination revealed left leg swelling with pitting edema extending up to the knee. Her calf muscle was ten",12.793859489051098,15.96,17.24,-3.166140510948903,0.4108108108108108,1008,,0.89176774
plaba,high,high,True,actual,"21 Internal hernias are rare, and a delayed diagnosis can lead to dangerous complications. A 75-year-old male with no previous surgical history presented with right upper abdominal pain and vomiting. ","In the case of the 75-year-old male presenting with right upper abdominal pain and vomiting, the diagnosis of a falciform hernia leading to bowel obstruction was confirmed through contrast-enhanced CT (CECT). Given the findings of dilated bowel loops and the presence of a gangrenous ileum, the immediate management involved surgical intervention.

The appropriate next step in the management of this patient, following the diagnosis of a falciform hernia with obstruction, was to perform a segmental resection of the affected gangrenous ileum. This surgical procedure is critical to remove the necrotic bowel segment and to prevent further complications such as peritonitis or sepsis. Following the initial surgery, a double-barrel stoma was created to allow for fecal diversion while the bowel healed.

Subsequently, the patient underwent stoma reversal, which is a secondary procedure to restore normal bowel continuity once the patient has sufficiently recovered and the bowel has healed without complications. The successful reversal indicates that the patient was able to resume normal gastrointestinal function postoperatively.

In summary, the immediate and appropriate management step for this patient was the surgical resection of the gangrenous segment of the ileum, followed by stoma creation, and later stoma reversal once the patient was stable.","Internal hernias are rare, and a delayed diagnosis can lead to dangerous complications. A 75-year-old male with no previous surgical history presented with right upper abdominal pain and vomiting. On examination, he had guarding in the right hypochondrium with a positive Murphy's sign. However, ultrasonography of the gall bladder was normal with dilated bowel loops. Contrast-enhanced CT (CECT) revealed a falciform hernia with evidence of obstruction. Segmental resection of the gangrenous ileum w",10.901493506493509,16.35,18.24,-5.448506493506493,0.2567567567567567,910,,0.86737734
plaba,high,high,True,actual,35 Background: To develop an OSTAi tool and compare this with the National Osteoporosis Foundation recommendations in 2013 (NOF 2013) for bone mineral density (BMD) testing among Taiwan postmenopausal,"The study aimed to develop and validate a tool called OSTAi for assessing the need for bone mineral density (BMD) testing among postmenopausal women in Taiwan, comparing its effectiveness to the National Osteoporosis Foundation (NOF) 2013 recommendations. The research was conducted by the Taiwan Osteoporosis Association (TOA) through a nationwide survey utilizing dual energy X-ray absorptiometry (DXA) from 2008 to 2011, involving 12,175 participants.

The OSTAi tool was developed using multiple variable regression analysis, focusing on age and body weight as key risk factors for osteoporosis. The cutoff value for the index was set at ""-1"", indicating that participants with an index value below this threshold had a significant risk of osteoporosis (57.5% of those with values below ""-1"" were found to have osteoporosis).

In terms of performance metrics, the area under the curve (AUC) for OSTAi was 0.739, indicating good predictive capability, while the AUC for the NOF 2013 recommendations was lower at 0.618. The sensitivity and specificity of the OSTAi tool were 73.1% and 62.0%, respectively, compared to 78.3% sensitivity and 45.7% specificity for the NOF 2013 guidelines. 

In conclusion, the OSTAi tool appears to be a more effective and user-friendly method for identifying postmenopausal women in Taiwan who require BMD assessment, thus","Background: To develop an OSTAi tool and compare this with the National Osteoporosis Foundation recommendations in 2013 (NOF 2013) for bone mineral density (BMD) testing among Taiwan postmenopausal women. Methods: Taiwan Osteoporosis Association (TOA) conducted a nationwide BMD survey by a bus installed with a dual energy X-ray absorptiometry (DXA) between 2008 and 2011. All of the participants completed questionnaire, which included demographics and risk factors of osteoporotic fracture in FRAX",12.08259075907591,12.78,14.22,-0.69740924092409,0.3296296296296296,1249,,0.8823682
plaba,clinical,clinical,True,actual,"29 The World Health Organization declared the novel coronavirus, named as SARS-CoV-2, as a global pandemic in early 2020 after the disease spread to more than 180 countries leading to tens of thousand","The review highlights the significant relationship between nutrition, particularly the intake of vitamins C and E, and minerals such as zinc, in enhancing the immune response against SARS-CoV-2. The evidence suggests that these nutrients can mitigate the effects of coronavirus infection, potentially through their roles in immune modulation, antioxidant defense, and promoting healing processes. 

The findings advocate for the consumption of a diet rich in these vitamins and minerals, either through whole food sources or supplements, to bolster the body's defense mechanisms. Specifically, vitamins C and E, along with zinc and flavonoids, are recommended for their potential to improve immune function and reduce the severity of infections. Thus, a healthy diet incorporating these nutrients may serve as a protective measure against serious complications from SARS-CoV-2.","The World Health Organization declared the novel coronavirus, named as SARS-CoV-2, as a global pandemic in early 2020 after the disease spread to more than 180 countries leading to tens of thousands of cases and many deaths within a couple of months. Consequently, this paper aims to summarize the evidence for the relationships between nutrition and the boosting of the immune system in the fight against the disease caused by SARS-CoV-2. This review, in particular, assesses the impact of vitamin a",14.234980694980695,16.44,18.03,-2.205019305019306,0.2530864197530864,821,,0.8671456
plaba,clinical,clinical,True,actual,"14 Vitamin D is a key regulator of the renin-angiotensin system that is exploited by SARS-CoV-2 for entry into the host cells. Further, vitamin D modulates multiple mechanisms of the immune system to ","The factor secreted by Th1 cells that stimulates phagosome-lysosome fusion within macrophages and activates them to produce mediators such as nitric oxide (NO) is **Interferon-gamma (IFN-γ)**. This cytokine is crucial in the immune response against Mycobacterium tuberculosis, as it enhances the microbicidal activity of macrophages, leading to the formation of granulomas or tubercles in response to the infection.","Vitamin D is a key regulator of the renin-angiotensin system that is exploited by SARS-CoV-2 for entry into the host cells. Further, vitamin D modulates multiple mechanisms of the immune system to contain the virus that includes dampening the entry and replication of SARS-CoV-2, reduces concentration of pro-inflammatory cytokines and increases levels of anti-inflammatory cytokines, enhances the production of natural antimicrobial peptide and activates defensive cells such as macrophages that cou",22.083356164383563,19.52,19.78,2.5633561643835634,0.1408450704225352,724,,0.8422606
plaba,clinical,clinical,True,actual,"72 Early detection of many disorders, mainly inherited, is feasible with population-wide analysis of newborn dried blood spot samples. Phenylketonuria was the prototype disorder for newborn screening ","The context provided outlines the advancements and practices in newborn screening (NBS) for inborn errors of metabolism (IEM) and other inherited disorders. It highlights the evolution of screening methodologies, particularly the transition to tandem mass spectrometry (MS/MS) for multiplex testing of various metabolic disorders, including the historical significance of phenylketonuria (PKU), primary hypothyroidism, and cystic fibrosis (CF).

Given the information, the key points regarding NBS include:

1. **Early Detection**: Population-wide analysis of newborn dried blood spot samples allows for the early detection of numerous inherited disorders, significantly improving clinical outcomes.

2. **Historical Context**: Phenylketonuria was the first disorder screened, and early dietary interventions have led to substantial improvements in patient outcomes.

3. **Expanded Testing**: The inclusion of primary hypothyroidism and cystic fibrosis in NBS programs was facilitated by advancements in immunoassays and molecular testing techniques.

4. **Current Practices**: CF testing typically employs a combined approach of immunoreactive trypsin and mutation detection. The introduction of multiplex testing for approximately 25 IEMs via MS/MS represents a significant enhancement in the NBS capabilities.

5. **Guideline Reevaluation**: The simultaneous screening for multiple disorders, including rare conditions or those lacking effective treatments, necessitates a reevaluation of traditional NBS guidelines to ensure appropriate resource allocation and clinical management.

In summary, the context emphasizes the critical role of NBS","Early detection of many disorders, mainly inherited, is feasible with population-wide analysis of newborn dried blood spot samples. Phenylketonuria was the prototype disorder for newborn screening (NBS) and early dietary treatment has resulted in vastly improved outcomes for this disorder. Testing for primary hypothyroidism and cystic fibrosis (CF) was later added to NBS programs following the development of robust immunoassays and molecular testing. Current CF testing usually relies on a combin",16.08574346405229,18.11,18.98,-2.0242565359477105,0.307277628032345,941,,0.8803166
plaba,clinical,clinical,True,actual,15 STE20 (Sterile 20)/SPS-1 related proline/alanine-rich kinase (SPAK) and oxidative stress-response kinase-1 (OSR1) activate the renal cation cotransporters Na(+) -K(+) -2Cl(-) cotransporter (NKCC2) ,"The context provided describes the role of SPAK (Sterile 20/SPS-1 related proline/alanine-rich kinase) and OSR1 (oxidative stress-response kinase-1) in the regulation of renal cation cotransporters, specifically NKCC2 and NCC, and their impact on potassium homeostasis and blood pressure regulation. 

Based on the findings from the study involving SPAK/OSR1 double knockout (DKO) mice, it is evident that the disruption of both kinases leads to significant alterations in renal function, particularly in the context of potassium handling. The DKO mice exhibited lower systolic blood pressure and developed severe hypokalemia, indicating a compromised ability to regulate plasma potassium levels. This is attributed to the inability to phosphorylate NCC, which is essential for potassium secretion in response to dietary potassium restriction.

In summary, the key findings suggest that both SPAK and OSR1 are critical for the phosphorylation and activation of NCC, which plays a pivotal role in maintaining plasma potassium levels. The absence of both kinases results in impaired NCC function, leading to hypokalemia and altered blood pressure regulation. Thus, the study underscores the importance of SPAK and OSR1 in renal electrolyte balance and cardiovascular homeostasis.","STE20 (Sterile 20)/SPS-1 related proline/alanine-rich kinase (SPAK) and oxidative stress-response kinase-1 (OSR1) activate the renal cation cotransporters Na(+) -K(+) -2Cl(-) cotransporter (NKCC2) and Na(+) -Cl(-) cotransporter (NCC) via phosphorylation. Knockout mouse models suggest that OSR1 mainly activates NKCC2, while SPAK mainly activates NCC, with possible cross-compensation. We tested the hypothesis that disrupting both kinases causes severe polyuria and salt-wasting by generating SPAK/O",15.492958152958156,17.76,18.09,-2.2670418470418454,0.2483660130718954,1100,,0.8653433
plaba,clinical,clinical,True,actual,"72 Each year, 4 to 5 million newborns receive state-mandated screening. Although the Advisory Committee on Heritable Disorders in Newborns and Children has identified 34 core conditions that should be","Newborn screening (NBS) is a critical public health initiative in the United States, where approximately 4 to 5 million infants are screened annually for various genetic and metabolic disorders. The Advisory Committee on Heritable Disorders in Newborns and Children has established a core panel of 34 conditions that states are encouraged to include in their screening programs. However, the implementation of these programs varies significantly across states, as each state independently manages, funds, and maintains its own NBS protocol.

The core panel encompasses three primary categories of disorders: 

1. **Metabolic Disorders**: This includes conditions such as amino acid disorders, urea cycle disorders, fatty acid oxidation disorders, and organic acidemias.
2. **Hemoglobinopathies**: This category primarily includes sickle cell disease and other hemoglobin-related disorders.
3. **Assorted Conditions**: This group includes congenital hearing loss and other selected conditions that may not fit neatly into the previous categories.

Family physicians play a pivotal role in the NBS process, as they must be well-versed in both the standard and expanded screening tests to effectively communicate results to parents and develop appropriate interventions. It is essential for them to recognize clinical signs of metabolic disorders that may not be captured by the screening tests or that fall outside the standard screening panel in their state.

For infants who receive positive screening results leading to a diagnosis, long-term follow-up care is crucial. This includes ongoing parental education, regular medical evaluations, management at specialized metabolic treatment","Each year, 4 to 5 million newborns receive state-mandated screening. Although the Advisory Committee on Heritable Disorders in Newborns and Children has identified 34 core conditions that should be incorporated into screening programs, each state manages, funds, and maintains its own program. State programs encompass screening, as well as the diagnosis and coordination of care for newborns with positive findings. Testing for core disorders is fairly standardized, but more extensive screening var",16.772857142857145,16.0,17.85,0.7728571428571449,0.4868421052631579,941,,0.86808765
pubmedqa,low,clinical,False,actual,Does vaginal intraepithelial neoplasia have the same evolution as cervical intraepithelial neoplasia?,"Vaginal intraepithelial neoplasia (VAIN) does not have the same evolutionary pathway as cervical intraepithelial neoplasia (CIN), although both conditions share similarities in their histopathological characteristics and are associated with human papillomavirus (HPV) infection. 

CIN typically progresses through well-defined stages (CIN I, II, III) that correlate with increasing dysplasia and risk of progression to cervical cancer. VAIN, on the other hand, is less common and has a more variable progression. While VAIN can also be classified into grades (VAIN I, II, III), the clinical implications and the likelihood of progression to invasive carcinoma differ significantly from CIN. 

Moreover, the management strategies for VAIN and CIN differ; VAIN may require different surveillance and treatment approaches, often depending on the extent of the lesion and associated risk factors. Therefore, while both conditions are related to HPV and involve dysplastic changes, their evolution and clinical management are distinct.","These data suggest that CIN and VAIN may have some common features in certain cases, i.e., if an HPV infection is proved.",4.790909090909089,16.55,18.95,-11.759090909090911,0.0714285714285714,575,,0.83180207
pubmedqa,low,low,True,upper_bound,Does vaginal intraepithelial neoplasia have the same evolution as cervical intraepithelial neoplasia?,"Vaginal intraepithelial neoplasia (VIN) and cervical intraepithelial neoplasia (CIN) are similar but not the same. Both conditions involve changes in the cells of the vagina or cervix that could lead to cancer. 

CIN happens in the cervix, which is the lower part of the uterus. VIN happens in the vagina. They both can develop from the same causes, like certain types of viruses, but they do not always evolve in the same way. 

So, while they share some similarities, their development and progression can be different.","These data suggest that CIN and VAIN may have some common features in certain cases, i.e., if an HPV infection is proved.",4.790909090909089,8.8,12.75,-4.0090909090909115,0.073394495412844,503,,0.83994824
pubmedqa,medium,medium,True,actual,Are Reviewers' Scores Influenced by Citations to Their Own Work?,"Yes, the context suggests that reviewers' scores can be influenced by citations to their own work. When academic medical researchers review manuscripts, they may give higher evaluations to those that cite their own publications. This means that if a manuscript mentions a reviewer's work, it might receive a more favorable score compared to a manuscript that does not include such citations. This could be due to a bias where reviewers feel positively about their own contributions being recognized.","In a leading specialty journal, cited reviewers gave higher scores than noncited reviewers. However, this was likely due to their being assigned higher-quality manuscripts and not because they were cited in the manuscript. Reviewer requests that their work be cited were rare.",9.81761904761905,11.98,15.25,-2.16238095238095,0.1967213114754098,428,,0.8785131
pubmedqa,medium,clinical,False,actual,Does body mass index (BMI) influence morbidity and long-term survival in gastric cancer patients after gastrectomy?,"Body mass index (BMI) does influence morbidity and long-term survival in gastric cancer patients following gastrectomy. Several studies have demonstrated that both underweight (BMI < 18.5 kg/m²) and obesity (BMI ≥ 30 kg/m²) are associated with increased postoperative complications, including surgical site infections, anastomotic leaks, and delayed recovery. 

In the context of gastric cancer, a higher BMI may correlate with worse long-term outcomes, potentially due to factors such as comorbidities (e.g., diabetes, cardiovascular disease) that can complicate the surgical course and affect recovery. Conversely, underweight patients may experience increased morbidity due to malnutrition and decreased physiological reserves, which can impair healing and recovery.

Moreover, BMI can impact the nutritional status of patients post-gastrectomy, influencing their ability to tolerate adjuvant therapies and affecting overall survival rates. Therefore, maintaining an optimal BMI is crucial for improving postoperative outcomes and enhancing long-term survival in this patient population. 

In summary, BMI is a significant factor in the morbidity and long-term survival of gastric cancer patients after gastrectomy, with both extremes of BMI posing risks that can adversely affect surgical outcomes and overall prognosis.","The body mass index is one of the prognostic factors of stage 2 and stage 3a gastric cancer. However, it does not appear to be useful for determining the prognosis of stage 1a, 1b, 3b, and 4a gastric cancers.",9.261153846153846,16.81,17.63,-7.548846153846153,0.1155555555555555,639,,0.82980305
pubmedqa,medium,medium,True,upper_bound,Does body mass index (BMI) influence morbidity and long-term survival in gastric cancer patients after gastrectomy?,"Body Mass Index (BMI) can influence morbidity and long-term survival in gastric cancer patients after gastrectomy, which is a surgery to remove part or all of the stomach. 

BMI is a measure that uses a person's weight and height to determine if they are underweight, normal weight, overweight, or obese. In gastric cancer patients, having a higher BMI before surgery can be linked to a higher risk of complications after the surgery (this is what we call morbidity). It can also affect how well patients do in the long term after the surgery.

Research has shown that patients with a normal BMI tend to have better outcomes compared to those who are overweight or obese. This is because excess weight can lead to more complications during and after surgery, such as infections or slower healing. 

In summary, yes, BMI does influence both the complications that may arise after surgery and the long-term survival of gastric cancer patients. Maintaining a healthy weight can be an important factor in recovery and overall health after surgery.","The body mass index is one of the prognostic factors of stage 2 and stage 3a gastric cancer. However, it does not appear to be useful for determining the prognosis of stage 1a, 1b, 3b, and 4a gastric cancers.",9.261153846153846,12.01,13.62,-2.748846153846154,0.1395348837209302,602,,0.83328134
pubmedqa,medium,high,False,actual,Mammographic screening in Sami speaking municipalities and a control group. Are early outcome measures influenced by ethnicity?,"The question regarding mammographic screening in Sami-speaking municipalities and a control group, particularly in relation to early outcome measures influenced by ethnicity, requires consideration of several factors. 

Mammographic screening is a critical public health intervention aimed at early detection of breast cancer, which can significantly improve outcomes through earlier treatment. Ethnicity can influence various aspects of healthcare, including access to screening, cultural perceptions of health, and potential differences in breast cancer incidence and outcomes.

In the context of Sami-speaking municipalities, it is essential to examine whether cultural beliefs and practices surrounding health and illness may affect participation rates in mammographic screening. Additionally, socioeconomic factors, which can vary significantly across different ethnic groups, may also play a role in access to healthcare services, including screening programs. 

Research has shown that ethnic minorities may experience disparities in healthcare access, which can lead to differences in early detection rates and subsequent outcomes. Therefore, it is plausible that early outcome measures from mammographic screening could be influenced by ethnicity, particularly if there are barriers to access or differences in health-seeking behaviors among the Sami population compared to the control group.

To accurately assess the influence of ethnicity on early outcome measures in mammographic screening, it would be beneficial to conduct a comparative analysis that includes demographic data, screening participation rates, and subsequent breast cancer outcomes between the Sami-speaking municipalities and the control group. This would provide a clearer understanding of the impact of ethnicity on the effectiveness of screening programs and highlight any necessary interventions to improve health equity. 

In summary, while","Despite a lower risk of breast cancer, the Sami attended the NBCSP more frequently than the control group. The recall and cancer detection rate was lower among the Sami compared with the non-Sami group.",9.781176470588235,19.03,18.77,-9.248823529411766,0.1144781144781144,781,,0.83304155
pubmedqa,medium,medium,True,upper_bound,Mammographic screening in Sami speaking municipalities and a control group. Are early outcome measures influenced by ethnicity?,"The question about mammographic screening in Sami-speaking municipalities and a control group relates to whether early outcomes from these screenings are affected by the ethnicity of the participants. 

To answer this question, we need to consider a few key points:

1. **Mammographic Screening**: This is a type of X-ray used to check for breast cancer in women. It is important for early detection, which can lead to better treatment outcomes.

2. **Ethnicity**: This refers to a group of people who share a common cultural background, which can include language, traditions, and sometimes health-related factors.

3. **Early Outcome Measures**: These are the results we look for soon after screening, such as the detection of cancer or abnormal findings that may require further investigation.

When examining whether ethnicity influences early outcomes in mammographic screening, researchers would typically look at data from different ethnic groups to see if there are differences in the rates of cancer detection or other results. 

In Sami-speaking municipalities, cultural factors, access to healthcare, and awareness about breast cancer screening may differ from those in the control group, which could potentially influence the outcomes. 

For a clear conclusion, researchers would need to analyze the data from both groups to see if there are significant differences in the results of the screenings based on ethnicity. If they find that Sami-speaking women have different outcomes compared to the control group, it could suggest that ethnicity does play a role in the effectiveness of mammographic screening.

In summary, while the context provided","Despite a lower risk of breast cancer, the Sami attended the NBCSP more frequently than the control group. The recall and cancer detection rate was lower among the Sami compared with the non-Sami group.",9.781176470588235,13.57,14.81,-3.788823529411765,0.1034482758620689,787,,0.8256206
pubmedqa,medium,medium,True,actual,Are head and neck specific quality of life measures necessary?,"Yes, head and neck specific quality of life measures are necessary. The study mentioned in the context aimed to find out if the health issues faced by patients with head and neck cancer are different from those measured by general quality of life tests. This is important because head and neck cancer can affect unique areas like speech, swallowing, and appearance, which may not be fully captured by general health surveys. By using specific measures, healthcare providers can better understand and address the unique challenges these patients face, leading to improved care and support.","Head and neck-specific QOL measures are necessary and should include domains that reflect ES, SC, and AP.",9.781176470588235,12.4,14.19,-2.618823529411765,0.1607142857142857,444,,0.84293205
pubmedqa,medium,high,False,actual,Subclavian steal syndrome: can the blood pressure difference between arms predict the severity of steal?,"Subclavian steal syndrome (SSS) is a vascular condition characterized by the reversal of blood flow in the vertebral artery due to significant stenosis or occlusion of the subclavian artery proximal to the origin of the vertebral artery. This condition can lead to various neurological symptoms depending on the severity of the steal phenomenon.

Regarding the relationship between blood pressure differences between the arms and the severity of the steal, it is important to note that while a significant blood pressure discrepancy can indicate subclavian artery stenosis, it does not directly correlate with the severity of the steal phenomenon itself. The blood pressure in the affected arm may be lower due to reduced perfusion, but this does not necessarily predict the extent of collateral circulation or the degree of neurological compromise.

In clinical practice, the assessment of blood pressure differences can be useful as a screening tool for subclavian artery disease, but it should be complemented with imaging studies such as Doppler ultrasound or angiography to evaluate the severity of stenosis and the presence of steal. Thus, while there may be some association, the blood pressure difference alone is not a reliable predictor of the severity of the steal in subclavian steal syndrome.","Brachial systolic blood pressure difference is related to the severity of SSS and can be used as a screening tool for SSS. However, it performed better in severe steal than milder steal phenomena.",9.438939393939396,19.45,21.04,-10.011060606060605,0.1702127659574468,603,,0.84133816
pubmedqa,medium,medium,True,upper_bound,Subclavian steal syndrome: can the blood pressure difference between arms predict the severity of steal?,"Subclavian steal syndrome is a condition that occurs when there is a blockage in the subclavian artery, which supplies blood to the arm and brain. When this blockage happens, blood can flow backward from the vertebral artery (which also supplies blood to the brain) to help supply the arm. This ""stealing"" of blood can lead to symptoms like dizziness, weakness, or pain in the arm.

Regarding the blood pressure difference between the arms, it can sometimes indicate the presence of subclavian steal syndrome. If one arm has a significantly lower blood pressure than the other, it might suggest that there is a problem with blood flow to that arm, which could be due to the blockage. However, while a difference in blood pressure can provide some clues, it does not always predict how severe the steal syndrome is. Other tests, like imaging studies, are usually needed to determine the severity of the condition.

In summary, while a blood pressure difference between arms can be a sign of subclavian steal syndrome, it is not a definitive way to predict how severe the condition is.","Brachial systolic blood pressure difference is related to the severity of SSS and can be used as a screening tool for SSS. However, it performed better in severe steal than milder steal phenomena.",9.438939393939396,11.0,13.02,-1.5610606060606038,0.1203703703703703,590,,0.83501107
pubmedqa,high,clinical,False,actual,Does patient-prosthesis mismatch after aortic valve replacement affect survival and quality of life in elderly patients?,"Patient-prosthesis mismatch (PPM) after aortic valve replacement (AVR) can significantly impact both survival and quality of life in elderly patients. PPM occurs when the effective orifice area of the prosthetic valve is too small relative to the patient's body surface area, leading to inadequate hemodynamic performance.

In elderly patients, particularly those with comorbidities such as heart failure or reduced functional capacity, the consequences of PPM can be pronounced. Studies have shown that PPM is associated with increased postoperative mortality and morbidity, particularly in patients with pre-existing left ventricular dysfunction. The mismatch can lead to persistent symptoms of heart failure, such as dyspnea and fatigue, and may necessitate additional interventions, thereby adversely affecting quality of life.

Moreover, PPM can result in elevated transvalvular gradients, which can contribute to left ventricular hypertrophy and further compromise cardiac function over time. This is particularly concerning in the elderly, as they may already have diminished cardiac reserve and a higher likelihood of adverse outcomes.

In conclusion, PPM after AVR does indeed affect both survival and quality of life in elderly patients, necessitating careful preoperative assessment and selection of prosthetic valves to minimize the risk of mismatch.","PPM after AVR does not affect survival, functional status, and QoL in patients aged at least 75 years. Surgical procedures, often time-consuming, contemplated to prevent PPM, may therefore be not justified in this patient subgroup.",12.812142857142856,18.37,19.91,-5.557857142857145,0.1130434782608695,717,,0.83938134
pubmedqa,high,high,True,upper_bound,Does patient-prosthesis mismatch after aortic valve replacement affect survival and quality of life in elderly patients?,"Patient-prosthesis mismatch (PPM) after aortic valve replacement (AVR) can significantly affect both survival and quality of life in elderly patients. PPM occurs when the size of the prosthetic valve is inadequate relative to the patient's body size, leading to suboptimal hemodynamic performance. This mismatch can result in elevated transvalvular gradients, reduced effective orifice area, and ultimately, compromised cardiac output.

In elderly patients, who often have multiple comorbidities and reduced physiological reserve, the implications of PPM can be particularly pronounced. Studies have demonstrated that PPM is associated with worse clinical outcomes, including increased rates of heart failure, hospitalizations, and a higher incidence of adverse cardiovascular events. Furthermore, the presence of PPM can lead to persistent symptoms such as dyspnea and fatigue, which can significantly diminish the quality of life.

Moreover, the long-term survival rates in patients with PPM are often lower compared to those with appropriate prosthesis sizing. This is particularly relevant in the elderly population, where the risks associated with surgical interventions and the potential for postoperative complications are heightened.

In summary, patient-prosthesis mismatch after aortic valve replacement does adversely affect both survival and quality of life in elderly patients, underscoring the importance of careful preoperative assessment and valve selection to optimize outcomes.","PPM after AVR does not affect survival, functional status, and QoL in patients aged at least 75 years. Surgical procedures, often time-consuming, contemplated to prevent PPM, may therefore be not justified in this patient subgroup.",12.812142857142856,18.49,19.51,-5.6778571428571425,0.1152263374485596,739,,0.83840424
pubmedqa,high,medium,False,actual,Do women residents delay childbearing due to perceived career threats?,"The context provided does not directly address the question about whether women residents delay childbearing due to perceived career threats. However, it is known from various studies and discussions in the medical community that many women in residency programs may feel they need to delay starting a family because they are concerned about how having children might affect their careers. 

Women in medical training often face the challenge of balancing their demanding work schedules with family life. They may worry that taking time off for maternity leave or managing childcare could hinder their progress in their careers or affect their performance. This can lead to a decision to postpone having children until they feel more established in their careers.

In summary, while the context does not specifically mention this issue, it is a common concern among women in residency programs that can lead to delays in childbearing.",Women residents intentionally postpone pregnancy because of perceived threats to their careers. Medical educators should be aware of these findings when counseling female trainees.,12.69,13.87,14.55,-1.1799999999999995,0.1052631578947368,616,,0.87293625
pubmedqa,high,high,True,upper_bound,Do women residents delay childbearing due to perceived career threats?,"The question regarding whether women residents delay childbearing due to perceived career threats is not directly addressed by the provided medical contexts. However, it is a well-documented phenomenon in medical literature that many women in residency programs may postpone starting families due to concerns about the impact of childbearing on their careers. 

Factors contributing to this decision often include:

1. **Workload and Time Constraints**: The demanding nature of residency training, which typically involves long hours and high levels of responsibility, can make it challenging for residents to balance parenting with their professional obligations.

2. **Career Advancement**: Women may perceive that taking maternity leave or having children during residency could hinder their opportunities for advancement, particularly in competitive specialties.

3. **Support Systems**: The availability (or lack thereof) of institutional support for parents, such as flexible scheduling, parental leave policies, and childcare resources, can influence a woman's decision to delay childbearing.

4. **Cultural and Societal Expectations**: Societal norms and expectations regarding women’s roles in both the workforce and family life can also play a significant role in these decisions.

In summary, while the contexts provided do not directly address this question, existing research indicates that perceived career threats are indeed a significant factor influencing the decision of women residents to delay childbearing.",Women residents intentionally postpone pregnancy because of perceived threats to their careers. Medical educators should be aware of these findings when counseling female trainees.,12.69,18.36,19.03,-5.67,0.0759493670886076,711,,0.85077655
pubmedqa,high,high,True,actual,Does type 1 diabetes mellitus affect Achilles tendon response to a 10 km run?,"The context provided does not directly address the effects of type 1 diabetes mellitus on the Achilles tendon response to a 10 km run. However, it is important to understand the potential implications of type 1 diabetes on musculoskeletal health and exercise performance.

Type 1 diabetes mellitus can lead to various complications that may indirectly affect physical performance, including alterations in muscle function, peripheral neuropathy, and changes in tendon properties. Specifically, individuals with diabetes may experience reduced collagen synthesis and increased glycation of collagen fibers, which can compromise tendon elasticity and strength. This may result in a higher risk of tendon injuries or altered biomechanical responses during activities such as running.

Additionally, individuals with type 1 diabetes often face challenges in managing blood glucose levels during prolonged exercise, which can lead to fatigue and decreased exercise capacity. These factors could potentially affect the overall response of the Achilles tendon during a 10 km run, as the tendon plays a crucial role in propulsion and shock absorption.

In summary, while the context does not provide specific data on the Achilles tendon response in individuals with type 1 diabetes during a 10 km run, it is reasonable to conclude that diabetes may negatively impact tendon health and exercise performance due to metabolic and structural changes associated with the condition. Further research would be necessary to elucidate the precise effects on the Achilles tendon in this context.","Active individuals with T1DM do not have a heightened Achilles tendon response to load, which suggests no increased risk of tendon injury. We cannot extrapolate these findings to sedentary individuals with T1DM.",12.406250000000004,17.8,19.06,-5.393749999999997,0.0977443609022556,816,,0.8484901
pubmedqa,high,clinical,False,actual,Hepatic arterial embolization for unresectable hepatocellular carcinomas: do technical factors affect prognosis?,"A: yes

Technical factors in hepatic arterial embolization for unresectable hepatocellular carcinomas do affect prognosis. Variations in technique, including the choice of embolic agents, the degree of vascular occlusion achieved, and the precision of catheter placement, can significantly influence treatment outcomes, including tumor response and overall survival rates.",Selective embolization contributes to survival in patients with HCCs.,11.520000000000003,20.07,21.19,-8.549999999999997,0.0701754385964912,428,,0.86059225
pubmedqa,high,high,True,upper_bound,Hepatic arterial embolization for unresectable hepatocellular carcinomas: do technical factors affect prognosis?,"The answer to the question regarding whether technical factors affect prognosis in hepatic arterial embolization for unresectable hepatocellular carcinomas is A: yes. 

Technical factors in the procedure, such as the method of embolization, the extent of vascular occlusion, and the timing of treatment, can significantly influence the effectiveness of the intervention and, consequently, patient outcomes. Studies have shown that variations in these technical aspects can lead to differences in tumor response, overall survival rates, and the incidence of complications, thereby impacting prognosis.",Selective embolization contributes to survival in patients with HCCs.,11.520000000000003,19.25,20.58,-7.729999999999997,0.0659340659340659,467,,0.8573434
pubmedqa,high,high,True,actual,Is there still a need for living-related liver transplantation in children?,"Yes, there remains a significant need for living-related liver transplantation in children. Pediatric patients with liver disease, such as those suffering from conditions like biliary atresia, metabolic disorders, or acute liver failure, often require liver transplantation as a definitive treatment. 

Living-related liver transplantation offers several advantages, particularly in the pediatric population. It allows for timely intervention, which is crucial given the rapid progression of liver disease in children. Additionally, living donor liver transplantation can provide a portion of the liver from a healthy family member, which can regenerate and restore function in both the donor and the recipient. 

The scarcity of deceased donor organs, coupled with the increasing incidence of pediatric liver diseases, underscores the importance of living-related liver transplantation. This approach not only addresses the immediate need for organ availability but also enhances the likelihood of successful outcomes, as living donor transplants tend to have better graft survival rates compared to deceased donor transplants.

In summary, the ongoing need for living-related liver transplantation in children is driven by the urgent demand for suitable organs, the potential for improved outcomes, and the ability to perform the procedure in a timely manner to prevent complications associated with end-stage liver disease.","The short- and long-term outcomes after LRT and SLT did not differ significantly. To avoid the risk for the donor in LRT, SLT represents the first-line therapy in pediatric liver transplantation in countries where cadaveric organs are available. LRT provides a solution for urgent cases in which a cadaveric graft cannot be found in time or if the choice of the optimal time point for transplantation is vital.",12.858823529411769,18.19,17.41,-5.3311764705882325,0.1313868613138686,761,,0.84333396
pubmedqa,clinical,high,False,actual,Are endometrial polyps from pre-menopausal women similar to post-menopausal women?,"Endometrial polyps are benign growths that arise from the endometrial lining of the uterus and can occur in both pre-menopausal and post-menopausal women. However, there are notable differences in their characteristics and clinical significance between these two populations.

In pre-menopausal women, endometrial polyps are often associated with hormonal fluctuations and may be influenced by estrogen levels. These polyps can vary in size and may cause symptoms such as abnormal uterine bleeding, which can include heavy menstrual periods or intermenstrual bleeding. The presence of polyps in this demographic is generally linked to the menstrual cycle, and they may regress or change with hormonal variations.

In contrast, in post-menopausal women, the presence of endometrial polyps can be more concerning. Since these women have lower estrogen levels, polyps that persist or develop in this group may warrant further evaluation due to the potential risk of atypical hyperplasia or endometrial carcinoma. While many post-menopausal polyps are still benign, their occurrence in the absence of menstrual cycles raises the need for careful assessment, often including imaging studies or biopsy to rule out malignancy.

In summary, while endometrial polyps can occur in both pre-menopausal and post-menopausal women, their implications, management, and potential for associated pathology differ significantly between these two groups.","Pre- and post-menopausal polyps exhibit differing hormone receptor and proliferation markers, presumably a result of their hormonal milieu. However, both groups appear to have lost the usual control mechanisms for apoptotic regulation, this appears to be responsible for their growth.",15.515000000000004,16.2,16.73,-0.6849999999999952,0.1185770750988142,762,,0.8387252
pubmedqa,clinical,clinical,True,upper_bound,Are endometrial polyps from pre-menopausal women similar to post-menopausal women?,"Endometrial polyps can occur in both pre-menopausal and post-menopausal women, but there are notable differences in their characteristics and clinical implications. 

In pre-menopausal women, endometrial polyps are often associated with hormonal influences, particularly estrogen. These polyps may be asymptomatic or can present with abnormal uterine bleeding, such as menorrhagia or intermenstrual bleeding. They are generally benign and can vary in size and number.

In contrast, endometrial polyps in post-menopausal women are of particular concern due to the increased risk of malignancy associated with polyps in this population. While many post-menopausal polyps are still benign, the likelihood of atypical hyperplasia or endometrial carcinoma increases, necessitating further evaluation, such as endometrial biopsy or hysteroscopy, to rule out malignancy.

In summary, while both pre-menopausal and post-menopausal women can develop endometrial polyps, the clinical significance and management strategies differ, with post-menopausal polyps warranting a more cautious approach due to the potential for malignancy.","Pre- and post-menopausal polyps exhibit differing hormone receptor and proliferation markers, presumably a result of their hormonal milieu. However, both groups appear to have lost the usual control mechanisms for apoptotic regulation, this appears to be responsible for their growth.",15.515000000000004,17.82,17.45,-2.304999999999996,0.1313131313131313,715,,0.8387936
pubmedqa,clinical,clinical,True,actual,Oral mucocele/ranula: Another human immunodeficiency virus-related salivary gland disease?,"Oral mucoceles and ranulas are not directly classified as human immunodeficiency virus (HIV)-related salivary gland diseases. However, they can occur in individuals with HIV due to associated conditions such as xerostomia (dry mouth) resulting from salivary gland dysfunction or as a consequence of opportunistic infections that may affect the oral cavity. 

In the context of HIV, salivary gland diseases more commonly include conditions such as sialadenitis (inflammation of the salivary glands) and lymphoepithelial lesions, which are more directly related to the immunocompromised state of the patient. Oral mucoceles and ranulas are generally benign cystic lesions that arise from the accumulation of mucus due to the obstruction or rupture of salivary glands or ducts, and while they can occur in HIV-positive patients, they are not exclusive to or specifically indicative of HIV infection. 

Thus, while oral mucoceles and ranulas may be seen in HIV-positive individuals, they are not classified as a direct HIV-related salivary gland disease.","This study presents a different clinical picture of oral mucoceles/ranulas, as observed in HIV-positive patients. Additionally, it suggests a possible clinical link between the two pathologies. The authors strongly support the suggestion that oral mucocele/ranula is an HIV-related salivary gland disease.",15.06682926829269,18.96,19.69,-3.893170731707311,0.1862745098039215,784,,0.8616064
pubmedqa,clinical,high,False,actual,Do viral infections have a role in benign paroxysmal positional vertigo?,"Benign paroxysmal positional vertigo (BPPV) is primarily characterized by brief episodes of vertigo triggered by changes in head position. The condition is often associated with the displacement of otoliths (calcium carbonate crystals) within the semicircular canals of the inner ear. While BPPV is commonly idiopathic, meaning its exact cause is unknown, there is some evidence to suggest that viral infections may play a role in its development.

Certain viral infections, particularly those affecting the vestibular system, such as vestibular neuritis (often following a viral illness), can lead to disturbances in balance and may contribute to the onset of BPPV. Additionally, viral infections can cause inflammation or damage to the inner ear structures, potentially leading to the dislodgment of otoliths.

However, it is important to note that while viral infections may be implicated in some cases, they are not a direct or common cause of BPPV. The primary mechanism remains related to the mechanical displacement of otoliths rather than a direct viral effect. Therefore, while there is a potential link, it is not a definitive or primary factor in the pathophysiology of BPPV.","BPPV is associated with positive viral serology, particularly during certain months of the year, mainly in spring and autumn. Viral infection might promote BPPV attacks due to the development of vestibulopathy or induce secondary BPPV via viral infection-related neurolabyrinthitis.",17.430384615384614,15.2,16.53,2.230384615384615,0.1531531531531531,607,,0.8382422
pubmedqa,clinical,clinical,True,upper_bound,Do viral infections have a role in benign paroxysmal positional vertigo?,"Benign paroxysmal positional vertigo (BPPV) is primarily associated with the displacement of otoliths within the semicircular canals, leading to episodes of vertigo triggered by specific head movements. While the exact etiology of BPPV is often idiopathic, there is some evidence suggesting that viral infections, particularly those affecting the vestibular system, may play a role in the development of BPPV. 

Viral infections, such as those causing vestibular neuritis or labyrinthitis, can lead to inflammation and subsequent dysfunction of the vestibular apparatus. This dysfunction may predispose individuals to the development of BPPV due to changes in the endolymphatic environment or direct effects on the otoliths. 

In summary, while BPPV is not directly caused by viral infections, there is a potential association where preceding viral illnesses may contribute to the onset of BPPV through vestibular system involvement.","BPPV is associated with positive viral serology, particularly during certain months of the year, mainly in spring and autumn. Viral infection might promote BPPV attacks due to the development of vestibulopathy or induce secondary BPPV via viral infection-related neurolabyrinthitis.",17.430384615384614,18.11,19.08,-0.679615384615385,0.2068965517241379,554,,0.85060966
pubmedqa,clinical,clinical,True,actual,Outcome Feedback within Emergency Medicine Training Programs: An Opportunity to Apply the Theory of Deliberate Practice?,"The question regarding ""Outcome Feedback within Emergency Medicine Training Programs: An Opportunity to Apply the Theory of Deliberate Practice?"" pertains to the utilization of outcome feedback mechanisms in enhancing the educational experience of emergency medicine residents. 

Outcome feedback is critical in the context of medical training as it allows residents to learn from the results of their clinical decisions and interventions. The theory of deliberate practice emphasizes the importance of receiving specific feedback to refine skills and improve performance over time. In emergency medicine, where rapid decision-making and procedural skills are essential, implementing structured outcome feedback can facilitate a deeper understanding of clinical effectiveness and patient outcomes.

The national survey conducted among Canadian Royal College emergency medicine residents and program directors aimed to assess the prevalence and perceived educational value of such feedback. The findings from this survey could provide insights into current practices and highlight areas for improvement in training programs, ultimately enhancing the competency of emergency medicine practitioners.

In summary, the application of outcome feedback within emergency medicine training programs aligns with the principles of deliberate practice, promoting continuous learning and improvement in clinical skills and patient care outcomes.","While Canadian EM training programs do not mandate follow-up, it is performed electively by the majority of residents surveyed. Residents place a significantly greater educational value on outcome feedback than their program directors, and believe that follow-up should be a mandatory component of EM residencies.",16.785,19.05,19.16,-2.265000000000001,0.1171548117154811,593,,0.8458699
pubmedqa,clinical,clinical,True,actual,Can T-cell deficiency affect spatial learning ability following toluene exposure?,"Yes, T-cell deficiency can affect spatial learning ability following toluene exposure. The study mentioned investigates the role of T cells in spatial learning in mice subjected to toluene exposure. T cells are integral to the immune response and have been implicated in various neurodevelopmental processes. The exposure to toluene, a neurotoxic solvent, may exacerbate cognitive deficits, particularly in the context of T-cell deficiency, which could impair the immune system's ability to respond to neurotoxic damage. Therefore, the absence of functional T cells may lead to altered neuroplasticity and cognitive function, impacting spatial learning abilities in the affected mice.",These results indicate that T-cell deficiency may affect spatial learning performance following toluene exposure.,14.312857142857148,15.17,16.4,-0.8571428571428523,0.1551724137931034,651,,0.89395005
pubmed,medium,clinical,False,actual,Are bullet points the silver bullet to accessible health information? Cross-sectional analysis of community health information preferences.,"The inquiry regarding whether bullet points serve as a ""silver bullet"" for accessible health information is multifaceted and requires consideration of various factors influencing health literacy and information retention. 

In the context of outpatient clinical summaries, the use of bullet points can enhance the clarity and accessibility of health information. Bullet points can effectively distill complex medical information into concise, digestible segments, which may facilitate patient understanding and recall. This aligns with federal regulations mandating that clinical summaries be designed to ensure patients comprehend the details of their appointments and the necessary actions before subsequent visits.

However, while bullet points can improve readability and highlight key information, they are not a panacea. The effectiveness of bullet points in conveying health information depends on several factors, including the patient's health literacy level, the complexity of the information presented, and the overall formatting of the clinical summary. Additionally, there may be a risk of oversimplification, where critical nuances of the patient's condition or treatment plan are lost in the brevity of bullet points.

Ultimately, while bullet points can be a valuable tool in enhancing the accessibility of health information, they should be part of a broader strategy that includes clear language, appropriate context, and supportive visual aids to ensure comprehensive understanding. Therefore, the answer is nuanced: bullet points can significantly aid in accessibility, but they should not be solely relied upon as the definitive solution for effective health communication.","This study compared community preferences for original and simplified health texts generated during evaluation of the Health Literacy Editor, a tool that provides objective feedback on use of plain language. The aim was to explore the relationship between Health Literacy Editor use, text characteristics, and health information preferences amongst people with lower levels of education. Eligible participants were adults living in Australia without an English-language undergraduate degree. Particip",9.47774273345702,18.63,19.29,-9.152257266542978,0.1368421052631579,710,,0.8235396
pubmed,medium,medium,True,upper_bound,Are bullet points the silver bullet to accessible health information? Cross-sectional analysis of community health information preferences.,"Based on the context provided, it seems that bullet points can be a helpful tool for making health information more accessible, but they are not a ""silver bullet"" or a perfect solution on their own. 

Bullet points can help organize information clearly and make it easier for patients to understand important details quickly. For example, when a patient receives a clinical summary after a doctor's visit, using bullet points can highlight key points like diagnosis, treatment options, and next steps. This can help patients remember what was discussed and what they need to do before their next appointment.

However, simply using bullet points does not guarantee that all patients will understand the information. Different people have different preferences for how they like to receive information. Some may prefer detailed explanations, while others may find lists more helpful. Therefore, while bullet points can improve clarity and organization, they should be part of a broader strategy that considers various ways to present health information effectively. 

In summary, bullet points can enhance accessibility, but they should be used alongside other methods to ensure that all patients can understand their health information.","This study compared community preferences for original and simplified health texts generated during evaluation of the Health Literacy Editor, a tool that provides objective feedback on use of plain language. The aim was to explore the relationship between Health Literacy Editor use, text characteristics, and health information preferences amongst people with lower levels of education. Eligible participants were adults living in Australia without an English-language undergraduate degree. Particip",9.47774273345702,12.77,14.55,-3.292257266542979,0.123076923076923,656,,0.8253045
pubmed,medium,high,False,actual,Transient tachypnea of the newborn (TTN): a role for polymorphisms in the beta-adrenergic receptor (ADRB) encoding genes?,"Transient tachypnea of the newborn (TTN) is a respiratory condition commonly seen in newborns, characterized by rapid breathing (tachypnea) that typically occurs shortly after birth. It is often associated with retained fetal lung fluid and is more prevalent in infants delivered via cesarean section without preceding labor. 

The question regarding the role of polymorphisms in the beta-adrenergic receptor (ADRB) encoding genes in TTN is intriguing, as these receptors are involved in various physiological responses, including the regulation of airway smooth muscle tone and pulmonary vasodilation. Variations in the ADRB genes could potentially influence the newborn's respiratory response and the clearance of lung fluid. 

Research has suggested that genetic polymorphisms in the ADRB genes may affect the function and expression of these receptors, which could, in turn, impact the development of TTN. For instance, certain polymorphisms may lead to altered receptor sensitivity or responsiveness to catecholamines, which are crucial for the transition from fetal to neonatal respiration.

However, while there is a theoretical basis for the involvement of ADRB polymorphisms in TTN, the direct evidence linking specific genetic variations to the incidence or severity of TTN remains limited. Further studies would be necessary to elucidate the exact role of these polymorphisms in the pathophysiology of TTN and to determine whether they could serve as predictive markers or therapeutic targets in managing this condition.

In summary, while polymorphisms in ADRB encoding","Transient tachypnea of the newborn (TTN) is a common cause of early respiratory distress in the neonatal period of term infants. Delayed resorption of foetal lung fluid after birth is considered as the main pathophysiological factor. As resorption of foetal lung fluid is a catecholamine dependent process, we aimed at investigating, whether beta1- and beta2-adrenoreceptor (ADRB1, ADRB2) polymorphisms, known to alter catecholamine activity, are operative in TTN. DNA was collected for genotyping fr",9.522715484363085,16.9,18.48,-7.377284515636914,0.1666666666666666,878,,0.8621207
pubmed,medium,medium,True,upper_bound,Transient tachypnea of the newborn (TTN): a role for polymorphisms in the beta-adrenergic receptor (ADRB) encoding genes?,"Transient tachypnea of the newborn (TTN) is a condition that can affect newborns, causing them to breathe rapidly right after birth. This happens because their lungs may not have fully cleared the fluid that is normally present during pregnancy. 

The question about polymorphisms in the beta-adrenergic receptor (ADRB) encoding genes relates to genetic variations that can affect how the body responds to certain signals, particularly those that help control breathing and heart rate. 

While the context provided does not directly mention TTN or the role of ADRB genes, research suggests that variations in these genes might influence how well a newborn can manage breathing after birth. If a baby has certain genetic variations, they may be more likely to develop TTN or have more severe symptoms.

In summary, while the context does not provide specific information about TTN or ADRB genes, it is possible that genetic factors could play a role in how some newborns experience this condition. Further studies would be needed to understand this relationship better.","Transient tachypnea of the newborn (TTN) is a common cause of early respiratory distress in the neonatal period of term infants. Delayed resorption of foetal lung fluid after birth is considered as the main pathophysiological factor. As resorption of foetal lung fluid is a catecholamine dependent process, we aimed at investigating, whether beta1- and beta2-adrenoreceptor (ADRB1, ADRB2) polymorphisms, known to alter catecholamine activity, are operative in TTN. DNA was collected for genotyping fr",9.522715484363085,13.23,14.35,-3.707284515636916,0.1573604060913705,788,,0.8534658
pubmed,medium,high,False,actual,Is the holmium:YAG laser the best intracorporeal lithotripter for the ureter? A 3-year retrospective study.,"The context provided does not directly address the efficacy of the holmium:YAG laser as an intracorporeal lithotripter for ureteral stones. However, based on existing medical literature and clinical practice, the holmium:YAG laser is widely recognized as one of the most effective modalities for ureteral stone fragmentation due to its ability to deliver high-energy pulses that efficiently break down stones of various compositions.

A 3-year retrospective study would typically analyze outcomes such as stone-free rates, complication rates, and recovery times associated with the use of holmium:YAG laser lithotripsy compared to other modalities, such as pneumatic or ultrasound lithotripters. If the study demonstrates superior outcomes in these parameters, it would support the assertion that holmium:YAG laser is indeed a preferred choice for ureteral lithotripsy.

In summary, while the context does not provide specific data regarding the holmium:YAG laser's effectiveness in the presented case, existing evidence generally supports its use as a highly effective intracorporeal lithotripter for ureteral stones. For a definitive conclusion, one would need to refer to the specific findings of the mentioned retrospective study.","To study the efficiency and safety of holmium:YAG laser lithotripsy for ureteral stones. A series of 188 patients with 208 ureteral stones were treated with semirigid ureteroscopy and holmium:YAG laser lithotripsy from January 2003 to December 2005. Of the stones, 116 were lower ureteral, 37 middle ureteral, and 55 upper ureteral. The success rate was 92.7% at the time of ureteroscopy and 96.7% at 3 months. The failures were secondary to retropulsion of the stones (3.3%). There were no perforati",6.631642201834865,18.57,19.29,-11.938357798165136,0.2080536912751678,758,,0.85311556
pubmed,medium,medium,True,upper_bound,Is the holmium:YAG laser the best intracorporeal lithotripter for the ureter? A 3-year retrospective study.,"The context provided does not directly mention the holmium:YAG laser or its effectiveness as an intracorporeal lithotripter for the ureter. However, I can explain what a holmium:YAG laser is and its general use in treating urinary stones.

The holmium:YAG laser is a type of laser used in medical procedures, particularly in urology, to break up kidney stones and stones in the ureter. ""Intracorporeal lithotripsy"" is a procedure where a device is used inside the body to break stones into smaller pieces so they can be passed more easily.

In general, the holmium:YAG laser is considered one of the most effective tools for this purpose because it can precisely target stones without damaging surrounding tissues. It is often preferred for treating ureteral stones due to its effectiveness and safety.

If you are looking for specific results from a 3-year retrospective study, that would require access to research data or findings that are not included in the context provided. Therefore, while the holmium:YAG laser is commonly regarded as a good option for ureteral stones, I can't confirm if it is the ""best"" based on the information given. For a definitive answer, you would need to refer to specific studies or clinical guidelines on the topic.","To study the efficiency and safety of holmium:YAG laser lithotripsy for ureteral stones. A series of 188 patients with 208 ureteral stones were treated with semirigid ureteroscopy and holmium:YAG laser lithotripsy from January 2003 to December 2005. Of the stones, 116 were lower ureteral, 37 middle ureteral, and 55 upper ureteral. The success rate was 92.7% at the time of ureteroscopy and 96.7% at 3 months. The failures were secondary to retropulsion of the stones (3.3%). There were no perforati",6.631642201834865,12.74,14.07,-6.108357798165136,0.1784615384615384,787,,0.8390164
pubmed,medium,clinical,False,actual,Are adult body circumferences associated with height? Relevance to normative ranges and circumferential indexes.,"Yes, adult body circumferences, including waist circumference (WC) and hip circumference (HC), are associated with height. The relationship between body circumferences and height is crucial for developing normative ranges and applying circumferential indexes such as WC/height and HC/height as risk assessment tools. 

While weight is known to scale with height squared, the scaling of body circumferences to height is less clearly defined and warrants further investigation. Understanding this relationship is essential for accurately assessing body composition and health risks in adult populations. Normative data that incorporate height into circumferential measurements can enhance the interpretation of obesity-related health risks and improve clinical assessments. 

In summary, while the association exists, further research is needed to clarify the scaling mechanisms and to establish robust normative ranges that integrate height with body circumferences for clinical utility.","Weight scales as height squared, which is an observation that forms the basis of body mass index (weight/height(2)). If, and how, circumferences, including waist circumference (WC) and hip circumference (HC), scale to height remains unclear, but this is an important consideration when developing normative ranges or applying WC/height and HC/height as risk indexes. The study aim was to examine the scaling of weight, WC, and HC to height in NHANES (National Health and Nutrition Examination Survey)",9.7521334519573,16.77,17.88,-7.017866548042699,0.2062780269058295,579,,0.87652934
pubmed,medium,medium,True,upper_bound,Are adult body circumferences associated with height? Relevance to normative ranges and circumferential indexes.,"Yes, adult body circumferences, such as waist circumference (WC) and hip circumference (HC), are thought to be related to height, but the exact relationship is not fully understood. 

In the context of health, body circumferences can help assess a person's risk for certain health conditions. For example, measuring the waist circumference can indicate whether someone has a higher risk of heart disease or diabetes. Researchers are interested in how these measurements scale with height because it can help create guidelines or ""normative ranges"" for what is considered healthy.

The study mentioned suggests that while we know weight is related to height (weight increases with height squared), it is still unclear how waist and hip circumferences relate to height. Understanding this relationship is important for developing risk indexes, which are tools that help doctors assess a person's health based on their body measurements.

In summary, while there is a connection between body circumferences and height, more research is needed to clarify how they relate to each other and how this information can be used in health assessments.","Weight scales as height squared, which is an observation that forms the basis of body mass index (weight/height(2)). If, and how, circumferences, including waist circumference (WC) and hip circumference (HC), scale to height remains unclear, but this is an important consideration when developing normative ranges or applying WC/height and HC/height as risk indexes. The study aim was to examine the scaling of weight, WC, and HC to height in NHANES (National Health and Nutrition Examination Survey)",9.7521334519573,13.32,15.53,-3.5678665480426996,0.1554192229038855,628,,0.85959345
pubmed,medium,high,False,actual,Does the clinical presentation of a prior preterm birth predict risk in a subsequent pregnancy?,"The clinical presentation of a prior preterm birth is indeed a significant predictor of risk in subsequent pregnancies. Women who have experienced a preterm birth are at an increased risk of having another preterm birth in future pregnancies. This risk is multifactorial and can be influenced by various factors, including maternal health, obstetric history, and underlying medical conditions.

Research indicates that the recurrence risk of preterm birth can be as high as 15-50%, depending on individual circumstances and the gestational age at which the previous preterm birth occurred. Factors such as cervical insufficiency, uterine anomalies, and certain lifestyle factors (e.g., smoking, inadequate prenatal care) may also contribute to this increased risk.

It is essential for healthcare providers to closely monitor women with a history of preterm birth during subsequent pregnancies, implementing appropriate interventions and management strategies to mitigate risks and improve outcomes.","The objective of the study was to determine whether risk of recurrent preterm birth differs based on the clinical presentation of a prior spontaneous preterm birth (SPTB): advanced cervical dilatation (ACD), preterm premature rupture of membranes (PPROM), or preterm labor (PTL). This retrospective cohort study included singleton pregnancies from 2009 to 2014 complicated by a history of prior SPTB. Women were categorized based on the clinical presentation of their prior preterm delivery as having",9.119077374711685,15.42,17.61,-6.300922625288315,0.182716049382716,639,,0.84354264
pubmed,medium,medium,True,upper_bound,Does the clinical presentation of a prior preterm birth predict risk in a subsequent pregnancy?,"The clinical presentation of a prior preterm birth does predict risk in a subsequent pregnancy. This means that if a woman has had a baby born before 37 weeks of pregnancy in the past, she is at a higher risk of having another preterm birth in her next pregnancy. 

Preterm birth can be influenced by various factors, including the mother's health, pregnancy complications, and lifestyle choices. It's important for women with a history of preterm birth to discuss their previous experiences with their healthcare provider so they can receive appropriate monitoring and care in future pregnancies.","The objective of the study was to determine whether risk of recurrent preterm birth differs based on the clinical presentation of a prior spontaneous preterm birth (SPTB): advanced cervical dilatation (ACD), preterm premature rupture of membranes (PPROM), or preterm labor (PTL). This retrospective cohort study included singleton pregnancies from 2009 to 2014 complicated by a history of prior SPTB. Women were categorized based on the clinical presentation of their prior preterm delivery as having",9.119077374711685,13.68,15.9,-4.560922625288315,0.1615598885793872,580,,0.8476501
pubmed,high,high,True,actual,Are there risk factors that increase the rate of staple line leakage in patients undergoing primary sleeve gastrectomy for morbid obesity?,"Yes, there are several risk factors that can increase the rate of staple line leakage in patients undergoing primary sleeve gastrectomy (LSG) for morbid obesity. While the specific context provided does not enumerate these risk factors, existing literature identifies several key contributors:

1. **Obesity Severity**: Higher body mass index (BMI) is associated with increased intra-abdominal pressure, which can compromise staple line integrity.

2. **Technical Factors**: Inadequate staple placement, improper tension on the staple line, or the use of inappropriate staple sizes can lead to leaks. Surgeons' experience and technique play a crucial role in minimizing this risk.

3. **Comorbid Conditions**: Conditions such as diabetes mellitus can impair wound healing and increase the risk of complications, including staple line leaks.

4. **Smoking**: Tobacco use has been shown to negatively affect healing and increase the risk of postoperative complications, including leaks.

5. **Age**: Older patients may have poorer tissue quality and healing capacity, potentially increasing the risk of leakage.

6. **Preoperative Gastric Conditions**: Patients with pre-existing gastric conditions, such as chronic gastritis or peptic ulcer disease, may have a higher risk of complications post-surgery.

7. **Surgical Technique Variability**: Variations in surgical techniques, such as the method of resection and the type of stapling devices used, can also influence the risk of staple line leakage.

In summary, while LSG is generally safe","Laparoscopic sleeve gastrectomy (LSG) is currently being performed with increasing frequency worldwide. It offers an excellent weight loss and resolution of comorbidities in the short term with a very low incidence of complications. However, the ever present risk of a staple line leak is still a major concern. Since 2005, data from obese patients that undergo bariatric procedures in Germany are prospectively registered in an online database and analyzed at the Institute of Quality Assurance in S",13.626122448979594,14.8,15.9,-1.1738775510204071,0.173728813559322,847,,0.82768524
pubmed,high,clinical,False,actual,Attenuation of ischemia/reperfusion-induced ovarian damage in rats: does edaravone offer protection?,"Edaravone is a free radical scavenger that has been studied for its potential neuroprotective effects, particularly in the context of ischemia/reperfusion injury. In the context of ovarian damage induced by ischemia/reperfusion, edaravone may offer protective effects by mitigating oxidative stress and reducing apoptosis in ovarian tissue.

The mechanism by which edaravone exerts its protective effects involves the inhibition of lipid peroxidation and the neutralization of reactive oxygen species (ROS) that are generated during ischemia and subsequent reperfusion. This action helps to preserve cellular integrity and function, potentially leading to improved ovarian outcomes following ischemic events.

In experimental models, including studies on rats, edaravone has demonstrated the ability to attenuate the histopathological changes associated with ischemia/reperfusion injury, suggesting a protective role in preserving ovarian function and fertility.

In summary, edaravone may offer protection against ischemia/reperfusion-induced ovarian damage through its antioxidant properties and ability to reduce oxidative stress in ovarian tissues.","The aim of this study was to investigate whether prophylactic treatment with edaravone prevents ischemia/reperfusion (I/R)-induced ovarian damage during pneumoperitoneum in an experimental rat model. Twenty-eight female Sprague Dawley rats were allocated randomly to 4 groups. The sham group (group 1) was only subjected to catheter insertion, not to pneumoperitoneum. Group 2 received a 1 mg/kg dose of 0.9% sodium chloride by the intraperitoneal route for 10 min before pneumoperitoneum. Groups 3 a",13.6756393129771,20.78,20.27,-7.104360687022901,0.138568129330254,634,,0.8285897
pubmed,high,high,True,upper_bound,Attenuation of ischemia/reperfusion-induced ovarian damage in rats: does edaravone offer protection?,"The question regarding the attenuation of ischemia/reperfusion-induced ovarian damage in rats and whether edaravone offers protection pertains to the potential therapeutic effects of edaravone, a free radical scavenger, in mitigating oxidative stress and cellular damage.

Edaravone has been studied for its neuroprotective properties, particularly in conditions involving oxidative stress, such as ischemia/reperfusion injury. In the context of ovarian damage, ischemia/reperfusion can lead to increased oxidative stress, resulting in cellular apoptosis and dysfunction. Edaravone's mechanism of action involves the scavenging of free radicals and the reduction of oxidative damage, which may help preserve ovarian function and structure following ischemic events.

Research indicates that edaravone may indeed offer protective effects against ischemia/reperfusion-induced damage in various tissues, including the ovaries. By reducing oxidative stress and inflammation, edaravone could potentially attenuate the detrimental effects of ischemia/reperfusion injury, thereby preserving ovarian health.

In summary, based on the context of the question, edaravone has the potential to provide protection against ischemia/reperfusion-induced ovarian damage in rats, primarily through its antioxidant properties and ability to mitigate oxidative stress. Further studies would be necessary to fully elucidate its efficacy and mechanisms in this specific context.","The aim of this study was to investigate whether prophylactic treatment with edaravone prevents ischemia/reperfusion (I/R)-induced ovarian damage during pneumoperitoneum in an experimental rat model. Twenty-eight female Sprague Dawley rats were allocated randomly to 4 groups. The sham group (group 1) was only subjected to catheter insertion, not to pneumoperitoneum. Group 2 received a 1 mg/kg dose of 0.9% sodium chloride by the intraperitoneal route for 10 min before pneumoperitoneum. Groups 3 a",13.6756393129771,19.04,19.54,-5.364360687022899,0.1810526315789474,689,,0.82205844
pubmed,high,high,True,actual,Preoperative tracheobronchoscopy in newborns with esophageal atresia: does it matter?,"Preoperative tracheobronchoscopy in newborns with esophageal atresia (EA) is a significant procedure that can provide valuable information regarding the airway and potential associated anomalies. Esophageal atresia is often associated with tracheoesophageal fistula (TEF), which can lead to complications such as aspiration pneumonia and respiratory distress.

The primary reasons for performing a preoperative tracheobronchoscopy in these cases include:

1. **Assessment of Airway Anatomy**: It allows for direct visualization of the trachea and bronchi, helping to identify any structural abnormalities or obstructions that may complicate surgical intervention.

2. **Detection of Associated Anomalies**: Newborns with EA often have concurrent congenital anomalies, including TEF. A tracheobronchoscopy can help confirm the presence of a fistula and assess its size and location, which is crucial for surgical planning.

3. **Guidance for Anesthesia**: Understanding the airway anatomy can aid anesthesiologists in planning for intubation and ventilation strategies, which is particularly important in patients with potential airway compromise.

4. **Prevention of Complications**: By identifying any airway issues before surgery, the risk of intraoperative complications can be minimized, leading to improved outcomes.

In summary, preoperative tracheobronchoscopy in newborns with esophageal atresia is a critical step that can significantly influence surgical management and improve patient safety by providing essential information about the airway and","Despite surgical refinements, perioperative use of tracheobronchoscopy (TBS) as part of surgical approach to esophageal atresia (EA) is still controversial. The purpose of this study was to evaluate the influence of preoperative TBS in newborns with EA in preventing complications and improving diagnosis and surgical treatment. In the period ranging from 1997 to 2003, 62 patients with EA underwent preoperative TBS. The procedure was carried out with flexible bronchoscope maintaining spontaneous b",11.924872047244094,18.87,19.29,-6.945127952755907,0.1518438177874186,895,,0.85271525
pubmed,high,high,True,actual,Does the radiographic transition zone correlate with the level of aganglionosis on the specimen in Hirschsprung's disease?,"In Hirschsprung's disease, also known as congenital aganglionic megacolon, the radiographic transition zone does indeed correlate with the level of aganglionosis observed in the resected bowel specimen. 

The transition zone is the area on imaging studies, typically seen on contrast enema or abdominal X-rays, where there is a marked change in bowel caliber. Above this zone, the bowel is usually dilated due to the accumulation of fecal material, while below it, the bowel appears narrowed or constricted, indicating the absence of ganglion cells (aganglionosis). 

Histologically, the absence of ganglion cells is typically found in the rectum and extends proximally to a variable distance, which is reflected in the transition zone seen on imaging. Therefore, the level of the transition zone can help predict the extent of aganglionosis, guiding surgical intervention. In practice, the surgical resection is performed to remove the aganglionic segment, and the transition zone can assist in determining the appropriate resection margins. 

In summary, there is a strong correlation between the radiographic transition zone and the level of aganglionosis in Hirschsprung's disease, making it a critical factor in diagnosis and management.","The correlation between radiographic transition zone on contrast enema in Hirschsprung's disease and the total length of aganglionosis is known to be inaccurate. The aim of our study was to analyse this correlation more precisely to improve preoperative planning of the corrective surgery. From 1998 to 2009, 79 patients were operated on for Hirschsprung's disease. All available preoperative contrast enemas (n = 61) had been single blind reviewed by the same radiologist who defined the radiographi",13.939022687609077,16.4,18.09,-2.4609773123909218,0.2135416666666666,817,,0.8448245
pubmed,high,clinical,False,actual,Menopausal hormone therapy and irregular endometrial bleeding: a potential role for uterine natural killer cells?,"Menopausal hormone therapy (MHT) can lead to irregular endometrial bleeding, which may be influenced by various factors, including the role of uterine natural killer (uNK) cells. Uterine natural killer cells are a subset of immune cells that play a crucial role in the remodeling of the endometrium and the maintenance of pregnancy. 

In the context of MHT, the administration of estrogen can lead to endometrial proliferation, while the presence of progestin is intended to counteract this effect by inducing secretory changes in the endometrium. However, if there is an imbalance in the hormonal environment or inadequate progestin exposure, it can result in irregular shedding of the endometrial lining, leading to abnormal bleeding.

The potential role of uNK cells in this scenario may be linked to their involvement in the regulation of endometrial receptivity and the inflammatory response. Altered uNK cell activity or numbers could contribute to abnormal endometrial responses to MHT, thereby influencing the incidence of irregular bleeding. 

In summary, while MHT is designed to mitigate menopausal symptoms and protect against endometrial hyperplasia, the interplay between hormonal therapy and immune cell dynamics, particularly uNK cells, may be a contributing factor to irregular endometrial bleeding observed in some patients undergoing MHT. Further research is warranted to elucidate the exact mechanisms and to optimize management strategies for women experiencing these symptoms during hormone therapy.",Irregular bleeding affects many users of combined menopausal hormone therapy (HT) and commonly leads to invasive and expensive investigations to exclude underlying malignancy. In most cases no abnormality is found. The main objective of this study was to explore the role of uterine natural killer (uNK) cells and their regulatory cytokine IL-15 in irregular bleeding in HT users. This was a prospective observational study conducted between 2002 and 2004. The study was conducted in a tertiary refer,13.443634854771783,19.15,20.27,-5.706365145228215,0.184154175588865,677,,0.84832215
pubmed,high,high,True,upper_bound,Menopausal hormone therapy and irregular endometrial bleeding: a potential role for uterine natural killer cells?,"Menopausal hormone therapy (MHT) is often prescribed to alleviate symptoms associated with menopause, such as hot flashes and vaginal dryness, and to prevent osteoporosis. However, one of the potential side effects of MHT is irregular endometrial bleeding, which can be concerning for both patients and healthcare providers.

The role of uterine natural killer (uNK) cells in this context is particularly interesting. Uterine natural killer cells are a subset of immune cells that are abundant in the endometrium and play a crucial role in reproductive processes, including implantation and placentation. They are involved in the remodeling of the endometrial tissue and the regulation of local immune responses.

In the context of MHT, the introduction of exogenous hormones can alter the hormonal milieu of the endometrium, potentially affecting the activity and function of uNK cells. Irregular endometrial bleeding may occur due to hormonal fluctuations that disrupt the normal cycle of endometrial proliferation and shedding. The presence and activity of uNK cells could influence the endometrial response to these hormonal changes, possibly contributing to the irregular bleeding observed in some women undergoing MHT.

Research suggests that uNK cells may have a dual role: they can promote tissue remodeling and support implantation, but they can also be involved in the rejection of abnormal tissue. Therefore, in women receiving MHT, an imbalance in uNK cell activity could lead to an inappropriate response to hormonal therapy, resulting in irregular bleeding.

In summary, while menopausal hormone",Irregular bleeding affects many users of combined menopausal hormone therapy (HT) and commonly leads to invasive and expensive investigations to exclude underlying malignancy. In most cases no abnormality is found. The main objective of this study was to explore the role of uterine natural killer (uNK) cells and their regulatory cytokine IL-15 in irregular bleeding in HT users. This was a prospective observational study conducted between 2002 and 2004. The study was conducted in a tertiary refer,13.443634854771783,15.84,17.02,-2.3963651452282164,0.2024793388429752,687,,0.8457881
pubmed,clinical,clinical,True,actual,Is a mandatory general surgery rotation necessary in the surgical clerkship?,"The necessity of a mandatory general surgery rotation in the surgical clerkship is currently under scrutiny due to evolving dynamics in the field of general surgery and surgical care delivery. The hypothesis tested indicates that students can achieve comparable mastery of surgical clerkship objectives through alternative surgical rotations, without the requirement of a general surgery rotation. Therefore, while traditional views may support the inclusion of a mandatory general surgery rotation, recent evidence suggests that it may not be essential for fulfilling the educational objectives of the surgical clerkship. Further studies and evaluations may be warranted to solidify these findings and guide curriculum development.","Changes in the spectrum of general surgery and the delivery of surgical care have placed the requirement for a mandatory general surgery rotation in the surgical clerkship in question. We tested the hypothesis that equal mastery of surgical clerkship objectives can be obtained in a clerkship with and without general surgery. Students chose any two surgical rotations and were assessed by written examination, objective structured clinical examination (OSCE), ward evaluations, self-assessment objec",15.87316666666667,19.77,22.08,-3.89683333333333,0.2755905511811024,455,,0.88758594
pubmed,clinical,clinical,True,actual,Barriers and Facilitators of Seeking Help for Mental Health Challenges Among Adolescents Across 13 Countries: A Qualitative Investigation.,"The qualitative investigation into the barriers and facilitators of seeking help for mental health challenges among adolescents across 13 countries highlights several critical factors influencing adolescents' willingness to engage with mental health services. 

Barriers identified include stigma associated with mental health issues, lack of awareness or understanding of mental health conditions, and concerns about confidentiality. Cultural perceptions of mental health can further complicate adolescents' willingness to seek help, as they may fear judgment from peers or family members. Additionally, accessibility issues, such as the availability of mental health resources and financial constraints, can deter adolescents from pursuing necessary care.

Facilitators that encourage help-seeking behaviors include supportive relationships with family and friends, positive experiences with healthcare providers, and educational initiatives that enhance mental health literacy. Programs that promote open discussions about mental health within schools and communities can also empower adolescents to seek assistance without fear of stigma.

Understanding these barriers and facilitators is crucial for developing targeted interventions that promote mental health awareness and improve access to care for adolescents, ultimately mitigating the negative psychological outcomes associated with untreated mental health challenges.",Adolescence is a period of developmental transition marked by a high prevalence of mental health challenges. The emergence of these challenges underscores the importance of encouraging help-seeking behaviors among adolescents to mitigate negative psychological outcomes. Gaining a deeper understanding of the lived experiences of adolescents can inform intervention development and increase access to care. This study draws on qualitative information collected from 71 focus group discussions across ,17.66272727272727,20.94,20.4,-3.277272727272731,0.2046511627906976,704,,0.8680724
pubmed,clinical,clinical,True,actual,Optimizing diabetes self-care in patients with limited health literacy: a randomized controlled trial (RCT) of SCT-based education with and without an AI-designed photo-novel.,"In the context of optimizing diabetes self-care for patients with limited health literacy, the randomized controlled trial (RCT) aims to evaluate the effectiveness of Social Cognitive Theory (SCT)-based education interventions, both with and without the incorporation of an AI-designed photo-novel. The primary objective is to enhance self-management skills and improve health literacy among individuals diagnosed with Type 2 diabetes mellitus (T2DM), who often face challenges in understanding health information and adhering to treatment regimens. 

The intervention is particularly crucial as poor glucose control can lead to severe complications, including cardiovascular disease, neuropathy, and retinopathy. By utilizing SCT principles, the study seeks to empower patients through enhanced self-efficacy, observational learning, and outcome expectations, thereby fostering better self-care practices. The addition of an AI-designed photo-novel may serve as a visual and narrative tool to further engage patients, making complex information more accessible and relatable.

Ultimately, the expected outcome of the trial is to demonstrate improved glycemic control and adherence to diabetes management strategies among participants, thereby reducing the risk of diabetes-related complications in a population that is often underserved in terms of health education resources.","Type 2 diabetes mellitus (T2DM) requires continuous self-care to prevent complications. Patients with limited health literacy often struggle to understand health information and adhere to treatment, resulting in poorer outcomes. Educational interventions tailored to improve self-care and health literacy arSCTe therefore essential. This study evaluated the effectiveness of a Social Cognitive Theory-based intervention, with and without health literacy strategies, in enhancing self-care among patie",14.559597955236253,21.19,21.19,-6.630402044763748,0.1996434937611408,766,,0.8787945
pubmed,clinical,high,False,actual,Where low-income seniors receive their heart health and diabetes information: a cross-sectional survey.,"Based on the context provided, the question regarding where low-income seniors receive their heart health and diabetes information is not directly addressed in the scenarios presented. However, I can infer that the management of chronic conditions such as diabetes, particularly in vulnerable populations like low-income seniors, often involves multiple sources of information.

Typically, low-income seniors may receive heart health and diabetes information from various avenues, including:

1. **Healthcare Providers**: Regular visits to primary care physicians, endocrinologists, or cardiologists can provide personalized education and resources.

2. **Community Health Programs**: Many communities offer programs aimed at educating seniors about managing chronic diseases, often through local health departments or non-profit organizations.

3. **Support Groups**: Diabetes support groups or heart health workshops can serve as platforms for sharing information and experiences.

4. **Educational Materials**: Pamphlets, brochures, and online resources from reputable organizations such as the American Diabetes Association or the American Heart Association can be valuable.

5. **Pharmacists**: Community pharmacists often provide counseling on medication management and can offer advice on lifestyle changes.

6. **Family and Caregivers**: Family members or caregivers may also play a crucial role in providing support and information.

7. **Telehealth Services**: Increasingly, telehealth has become a resource for seniors to access healthcare advice and education from the comfort of their homes.

In summary, while the specific context of where low-income seniors receive their heart health and diabetes information is not detailed in","Older adults (> 55 years), in particular low-income older adults, have lower health literacy than the rest of the Canadian population. Lower health literacy is related to several negative health outcomes such as poor diabetes control and other physical and mental health problems. Canada's rising ageing population requires an age-friendly system that reduces the dependency on the Canadian health care system. This study investigated the Health Information Seeking Behaviour of low-income seniors li",15.523505154639178,17.41,18.15,-1.886494845360822,0.1415270018621974,787,,0.8232102
pubmed,clinical,clinical,True,upper_bound,Where low-income seniors receive their heart health and diabetes information: a cross-sectional survey.,"Based on the provided context regarding the exercise stress test in a healthy 23-year-old male, the area of the body that would contain the lowest oxygen content at both time points (before and after the stress test) is the **Pulmonary artery (C)**. 

The pulmonary artery carries deoxygenated blood from the right ventricle of the heart to the lungs for oxygenation. Since it transports blood that has not yet been oxygenated, it will consistently have lower oxygen content compared to other options listed. 

In contrast:
- The **Inferior vena cava (A)** carries deoxygenated blood from the lower body to the right atrium, but it may have slightly higher oxygen content than the pulmonary artery due to mixing with blood returning from the upper body.
- The **Coronary sinus (B)** collects deoxygenated blood from the heart muscle itself, but again, it may have a slightly higher oxygen content than the pulmonary artery.
- The **Pulmonary vein (D)** carries oxygenated blood from the lungs to the left atrium, thus it would have the highest oxygen content.

Therefore, the correct answer is **C: Pulmonary artery**.","Older adults (> 55 years), in particular low-income older adults, have lower health literacy than the rest of the Canadian population. Lower health literacy is related to several negative health outcomes such as poor diabetes control and other physical and mental health problems. Canada's rising ageing population requires an age-friendly system that reduces the dependency on the Canadian health care system. This study investigated the Health Information Seeking Behaviour of low-income seniors li",15.523505154639178,14.35,15.53,1.1735051546391784,0.1041666666666666,723,,0.7997106
pubmed,clinical,medium,False,actual,A large language model for electronic health records.,"Based on the information provided, here are the answers to your questions:

1. **All of the following are approaches to health education except**: The correct answer is **Regulatory approach**. This means that while the service approach, health education approach, and mass media are ways to teach people about health, a regulatory approach focuses more on rules and laws rather than education.

2. **Can Patient-derived organoids (PDOs) recapitulate patient responses in the clinic?**: The answer is **A: yes**. This means that PDOs can mimic or replicate how a patient might respond to treatments in a clinical setting, which can help doctors make better decisions about care.

3. **Repetition of movements, acts, and words, phrases is**: The answer is **Perseveration**. This term refers to the repeated performance of a particular action or speech, often seen in certain medical conditions.

4. **A large language model for electronic health records**: This question seems to be asking about a type of technology used in healthcare. A large language model can help analyze and understand the information in electronic health records, making it easier for healthcare providers to access and use patient data effectively.

If you have any more questions or need further clarification, feel free to ask!","There is an increasing interest in developing artificial intelligence (AI) systems to process and interpret electronic health records (EHRs). Natural language processing (NLP) powered by pretrained language models is the key technology for medical AI systems utilizing clinical narratives. However, there are few clinical language models, the largest of which trained in the clinical domain is comparatively small at 110 million parameters (compared with billions of parameters in the general domain)",14.764692874692877,11.43,13.17,3.334692874692877,0.1264108352144469,476,,0.81818867
pubmed,clinical,clinical,True,upper_bound,A large language model for electronic health records.,"A large language model for electronic health records (EHRs) is designed to process and analyze vast amounts of clinical data, enabling improved patient care through enhanced documentation, decision support, and predictive analytics. These models can assist healthcare professionals in extracting relevant information from unstructured data, facilitating clinical decision-making, and improving communication among care teams. They can also support patient engagement by generating personalized health information and recommendations based on individual patient data. 

In summary, a large language model for EHRs serves as a sophisticated tool to enhance the efficiency and effectiveness of healthcare delivery through advanced data processing capabilities.","There is an increasing interest in developing artificial intelligence (AI) systems to process and interpret electronic health records (EHRs). Natural language processing (NLP) powered by pretrained language models is the key technology for medical AI systems utilizing clinical narratives. However, there are few clinical language models, the largest of which trained in the clinical domain is comparatively small at 110 million parameters (compared with billions of parameters in the general domain)",14.764692874692877,19.69,19.03,-4.925307125307125,0.1235294117647058,327,,0.8568182
medmcqa,low,low,True,actual,Maximum fat is found in ?,Maximum fat is found in buffalo milk.,"Ans. is 'a' i.e., Buffalo milk",2.879999999999999,,,,0.4285714285714285,233,,0.8584504127502441
medmcqa,low,low,True,actual,Gray hepatization of lungs is seen in day -,Gray hepatization of the lungs is seen on day 5.,"Ref: Textbook of pathology (Harsh Mohan) 6th edition, page No.470 GREY HEPATISATION: LATE CONSOLIDATION This phase lasts for 4 to 8 days. Grossly, the affected lobe is firm and heavy. The cut surface is dry, granular and grey in appearance with liver like consistency The change in colour from red to grey begins at the hilum and pread throug peripheryFibrinous pleurisy is prominent. Histologically, the following changes are present i) The fibrin strands are dense and more numerous. ii) The cellul",5.230000000000004,,,,0.0397350993377483,378,,0.8273008465766907
medmcqa,low,low,True,actual,"As a general rule, veins carry","As a general rule, veins carry deoxygenated blood. This means they carry blood that has less oxygen and more carbon dioxide back to the heart.",All veins carry deoxygenated blood from the body to the heart with the exception of the pulmonary vein which carries oxygenated blood from the lungs to the heart.,4.450000000000003,,,,0.3396226415094339,290,,0.8898776769638062
medmcqa,low,low,True,actual,Which structure doesn't pass through foramen ovale?,The structure that doesn't pass through the foramen ovale is the **lesser petrosal nerve**.,"Ans. is 'a' i.e., Middle meningeal artery * Middle meningeal artery passes through foramen spinosumSkull foraminaFORAMENSTRUCTURES PASSING THROUGH ITForamen ovaleMandibular nerveAccessory meningeal arteryLesser petrosal nerveEmissary vein(MALE)Foramen spinosumMiddle meningeal arteryEmissary veinNervus spinosus(MEN)Foramen lacerumMeningeal branch of ascending pharyngeal arteryGreater petrosal nerve unites with deep petrosal nerve to form the nerve of the pterygoid canalCarotid canalInternal carot",5.682857142857145,,,,0.0875912408759124,253,,0.8315787315368652
medmcqa,low,low,True,actual,Which amongst following is the most common cause of UTI,"The most common cause of a UTI (urinary tract infection) is ""Instrumentation."" This means that sometimes when doctors use tools to check inside the body, it can lead to an infection.","Ans. (a) InstrumentationRef: Harrison 18th ed. / 288* Urethral catheterization is the single most important predisposing factor in the development of nosocomial urinary tract infection. Cystoscopy may be followed by a transient bacteremia.* The most important risk factor for bacteriuria is the presence of a catheter. Eighty percent of nosocomial UTIs are related to urethral catheterization, while 5-10% are related to genitourinary manipulation. Catheters inoculate organisms into the bladder and ",4.830000000000002,8.35,11.21,-3.519999999999998,0.1578947368421052,267,,0.8391425609588623
medmcqa,low,low,True,actual,A patient of Varicose veins came to hospital; intern was on duty. Which test he shall perform to rule out the DVT?,"The intern should perform the **Brodie Trendelenburg test** to check for DVT, which stands for Deep Vein Thrombosis. DVT is a condition where a blood clot forms in a deep vein, usually in the legs. The Brodie Trendelenburg test helps to see if there are any problems with the veins.","Pehes test is used to differentiate between Varicose veins and Deep vein thrombosis. The limb is elevated and an elastic bandage is applied firmly from the toes to the upper 1/3 of the thigh to obliterate the superficial veins only. With the bandage applied the patient is asked to walk for 5 minutes. If deep system is competent, the blood will go through and back to the hea. If the deep system is incompetent, the patient will feel pain in the leg.",4.254545454545454,7.19,10.5,-2.9354545454545464,0.1804511278195488,502,,0.8465366959571838
medmcqa,low,low,True,actual,Bishop's scoring is used for:,Bishop's scoring is used for checking if a woman is ready to start labor. It helps doctors decide if they should help start labor.,A quantifiable method used to predict labor induction outcomes is the score described by Bishop A Bishop score of 4 or less identifies an unorable cervix and may be an indication for cervical ripening. Hence a score of 5 or more is ourable. Bishop score before inducing labor should be >=8 A score of 9 conveys a high likelihood for a successful induction. BISHOP SCORE=...(total) Date of Bishop Score: .../.../... Score 0 1 2 3 Dilation (in cm) Closed 1-2 3-4 5 Length (in cm) >4 3-4 1-2 0 Consisten,2.879999999999999,,,,0.0939597315436241,248,,0.815847635269165
medmcqa,low,low,True,actual,Which of the following is the treatment of choice for Stage I Wilm's Tumor :,The treatment of choice for Stage I Wilm's Tumor is **Open Nephroureterectomy**. This means a doctor will remove the kidney and part of the tube that carries urine from the kidney.,The treatment of choice for Stage I Film's tumor is Transperitoneal Radical Nephrectomy (Radical Nephroureterectomy) followed by chemotherapy with or without radiotherapy depending on tumor histology. Treatment of Wilms tumor : Treatment of wilm's tumor consists surgical resection followed by chemo and ratiotherapy.,5.041428571428572,6.44,7.17,-1.3985714285714286,0.3157894736842105,287,,0.8762258291244507
medmcqa,low,low,True,actual,A neonate at 48 hours of bih with a history of non passage of meconium. Next step in evaluation will be ?,The next step for a baby who is 48 hours old and has not passed their first poop (meconium) is to do a lower GI study. This test helps doctors see if there are any problems in the baby's intestines.,"Delayed meconium passage(generally defined as non-passage within the first 48 hours after bih) is mainly a condition of preterm infants and is repoed in up to one third of preterm and low bih weight infants due to factors such as delayed maturation of colorectal motility mechanisms, composition of meconium,. Hence, lower GI study rule out the cause . Reference: GHAI Essential pediatrics, 8th edition",5.92404761904762,7.55,8.84,-1.6259523809523797,0.1886792452830188,382,,0.8359243273735046
medmcqa,low,low,True,actual,Best screening method for Mirizzi syndrome is:,"The best screening method for Mirizzi syndrome is an ultrasound of the abdomen, also called USG abdomen. This test uses sound waves to create pictures of the inside of the belly. It helps doctors see if there are any problems with the bile ducts, which can be affected by Mirizzi syndrome.",Mirizzi syndrome: Suspected cases should be examined with ultrasonography or CT for anatomical evaluation to avoid biliary injury or postoperative biliary leakage related to undetected fistula formation. ERCP has been recommended as the best screening method. Ref: Turk J Gastroenterol 2008; 19 (4): 258-263.,5.682857142857145,8.16,9.73,-2.477142857142855,0.0833333333333333,350,,0.837306022644043
medmcqa,low,low,True,actual,Best prognosis is seen in -,"I'm sorry, but the information you've given does not include details about prognosis or how to determine the best prognosis. 

Prognosis means how likely someone is to get better or how long they might live with a disease. To answer your question, I would need more specific information about the disease or condition you are asking about. 

If you have more details or another question, please let me know!","Carcinoma of oral cavity Most common type of Carcinoma of oral cavity is squamous cell carcinoma In the oral Cavity, tongue (30%) is the most common site followed by lip (17.4%) and the floor of mouth (16.4%) The mortality from squamous Carcinoma also varies by site in the mouth, with the lowest mortality from lip Cancer and the highest for Cancer of the Tongue.",2.879999999999999,9.27,11.7,-6.390000000000001,0.0583941605839416,370,,0.802017092704773
medmcqa,low,low,True,actual,"In the first step of Heme synthesis, what is required -","In the first step of making Heme, you need Glycine.",Two starting materials of heme synthesis are succinyl-CoA and glycine. Pyridoxal phosphate is also required.,4.830000000000002,,,,0.2307692307692307,225,,0.8695545196533203
medmcqa,low,low,True,actual,Spondylolysis is more common in: March 2009,"Spondylolysis is a condition that affects the spine. It is more common in young athletes, especially those who do sports that put a lot of stress on the back, like gymnastics or football. 

The information you provided does not give a specific answer about when or where spondylolysis is more common, but it is generally known to be more common in young people who are active in certain sports.","Ans. C: Pars Interaicularis Normally the inferior aiculating fact of each lumbar veebral body lies posterior to the superior aiculating facet of the body below it. If the bony connection between the inferior and superior aiculating facets (pars interaicularis) is defective, the weight of the body may cause the upper veebra, including all of the veebral bodies above it, to slip forward for varying amounts on the body below (spondylolisthesis) The defect in the pars interaicularis is called spondy",5.682857142857145,10.82,13.02,-5.137142857142855,0.1153846153846153,465,,0.8083998560905457
medmcqa,low,low,True,actual,Which of the following is least absorbable in renal tubules?,"The answer to the question ""Which of the following is least absorbable in renal tubules?"" is **Creatinine**. 

Creatinine is a waste product that the kidneys do not absorb much. The kidneys help clean the blood by getting rid of things the body does not need, and creatinine is one of those things.","Creatinine is an end product of creatine metabolism and is expoed into our blood continuously by skeletal muscle. The rate is propoional to skeletal muscle mass, and to the extent that muscle mass is constant in a given individual, the creatinine production is constant. Creatinine is freely filtered and not reabsorbed. A small amount, however, is secreted by the proximal tubule. Therefore, the creatinine appearing in the urine represents a filtered component (mostly) and a much smaller secreted ",4.830000000000002,7.74,9.73,-2.9099999999999984,0.1849710982658959,273,,0.8437696099281311
medmcqa,low,low,True,actual,Aboion at 11 weeks of pregnancy can be done by: AP 10; Jharkhand 11; JIPMER 15; COMEDK 14,"Aboion at 11 weeks of pregnancy can be done in these places:

- AP: 10 weeks
- Jharkhand: 11 weeks
- JIPMER: 15 weeks
- COMEDK: 14 weeks

This means that in Jharkhand, you can have an abortion at 11 weeks of pregnancy.",Ans. Suction evacuation,5.852222222222224,14.45,13.02,-8.597777777777775,0.0,390,,0.8147426247596741
medmcqa,low,low,True,actual,Hand and foot syndrome is an adverse effect of,"Hand and foot syndrome is a side effect of a medicine called 5-Fluorouracil. It can also happen with Bleomycin, Etoposide, and Actinomycin-D. This means that these medicines can sometimes cause problems in your hands and feet, like pain or swelling.",Ref-Katzung 11/e p947 Capecitabine and 5-FU can cause hand and foot syndrome,3.653333333333336,6.13,9.73,-2.476666666666664,0.2105263157894736,312,,0.8177453279495239
medmcqa,low,low,True,actual,Most common site of Atherosclerotic aneurysm is,The most common site of an atherosclerotic aneurysm is the abdominal aorta.,i.e. (Abdominal aorta): (406-Harsh Mohan 6th) (507-509-Robbins & Cotran 8th)* Most common site of Atherosclerotic aneurysm is-Abdominal aorta*** Most common site of Syphilic (Luetic) aneurysm is - Thorasic aorta (especially ascending part)**Thoracic aortic aneurysms are most commonly associated with Hypertension other causes Marfan and Leoys Dietz syndromes* Most common site of Dissecting aneurysm and Cystic Medial Necrosis is - AortaMost common cause of aneurysm of aortic arch = Atherosclerosis,3.997142857142858,,,,0.108433734939759,239,,0.8652321696281433
medmcqa,low,low,True,actual,All are seen in CMV retinitis except -,"The answer is ""Vitreous hemorrhage."" 

In CMV retinitis, the other things listed can happen, but vitreous hemorrhage is not usually seen.","Ans. is 'None > c' i.e., Vitreous hemorrhage o CMV retinitis is the most common ophthalmic manifestation of CMV, occuring as a congenital infection in infants or an opportunistic infection in the immunocompromised host,o Adults commonly affected include those individuals with acquired immunodeficiency syndrome (AIDS), oncology patients, and patients on immunosuppresive therapy,o There is characteristic hemorrhagic, full thickness retinitis.o In early stage there are yellow-white exudates (areas ",3.997142857142858,,,,0.0735785953177257,252,,0.8262341022491455
medmcqa,low,low,True,actual,In Conn's syndrome the following is true:,"In Conn's syndrome, there are high blood pressure readings called diastolic and systolic hypertension. Diastolic means the lower number in a blood pressure reading, and systolic means the higher number. In this condition, people do not have swelling, which is called edema. They may also have high potassium levels in their blood, known as hyperkalemia. So, in simple terms, Conn's syndrome is linked to high blood pressure and high potassium, but no swelling.",Answer is A (Diastolic hypeension without edema): Conn's syndrome is characterized by diastolic hypeension without edema.,5.682857142857145,8.69,10.36,-3.0071428571428545,0.1304347826086956,330,,0.8401049971580505
medmcqa,low,low,True,actual,Moral treatment of the mentally ill patient was first stressed by -,The moral treatment of mentally ill patients was first stressed by Pinel.,Moral and humane treatment of mentally ill patient was given by Phillipe Pinel.,5.863636363636363,,,,0.7199999999999999,270,,0.927645742893219
medmcqa,medium,medium,True,actual,All of the following appear hypo-intense on MRI except -,"In the context of your question, the term ""hypo-intense"" on an MRI means that a certain area appears darker than the surrounding tissues. This can happen for various reasons, such as the type of tissue or fluid present.

From the options given:

1. **Air in lung** - This appears hypo-intense on MRI because air does not contain water and shows up dark.
2. **Ligaments** - These also appear hypo-intense on MRI due to their dense, fibrous structure.
3. **Adipose tissue** (fat) - This appears hypo-intense as well, but not as dark as air or ligaments.
4. **CSF (Cerebrospinal Fluid)** - This typically appears bright (hyper-intense) on MRI because it is mostly water.

So, the answer to your question is **CSF**. It does not appear hypo-intense on MRI; instead, it appears bright.","Ans. is 'c' i.e., Adipose tissueMRI of tissues and body fluidsTissue/Body fluidExamplesT1 weighted signalT2 weighted signalo Gas Air in lungo Mineral-rich tissueo Collagenous tissueGas in bowelCortical bone, CalculiLigaments tendons, Fibrocartilage,Scar tissueAbsentAbsentLowAbsentAbsentLowo FatAdipose tissue, fatty bone marrowHighIntermediate to higho High bound water tissueLiver, pancreas, adrenal, muscle, hyaline cartilageLowLow to Intermediateo High free water tissueKidney, testes, prostate, ",6.27555555555556,6.92,8.52,-0.6444444444444395,0.0707964601769911,410,,0.7962114810943604
medmcqa,medium,medium,True,actual,CSF rhinorrhoea is due to the fracture of which of the following March 2008,"CSF rhinorrhea is a condition where cerebrospinal fluid (CSF) leaks from the nose. This can happen when there is a fracture, or break, in certain bones in the skull. The correct answer to your question is that CSF rhinorrhea is due to the fracture of the **cribriform plate**. 

The cribriform plate is a thin bone located at the base of the skull, and it separates the nasal cavity from the brain. When this bone is fractured, it can allow CSF to leak into the nasal passages, leading to rhinorrhea.","Ans. B: Cribriform Plate CSF rhinorrhoea can follow a head injury. CSF from anterior cranial fossa reaches the nose by way of cribriform plate, ethmoid air cells or frontal sinus. CSF from middle cranial fossa reaches the nose sphenoid sinuses. Sometimes, injuries of the temporal bone result in leakage of CSF into the middle ear and thence the Eustachian tube into the nose (otorhinorrhoea). The meninges are torn and cerebrospinal fluid leaks down the nose. Ascending infection may cause meningiti",6.727142857142859,8.19,11.21,-1.4628571428571409,0.2248520710059171,568,,0.8574443459510803
medmcqa,medium,medium,True,actual,For open pneumothorax which of the following is M/n of choice -,"For an open pneumothorax, the best treatment option is ""IPPV ICD with underwater seal."" 

Let me explain a bit about this:

- **Open pneumothorax** happens when air enters the chest through a wound, which can cause the lung to collapse. 
- **IPPV** stands for Intermittent Positive Pressure Ventilation. This is a method used to help a person breathe by pushing air into the lungs.
- **ICD** means Intercostal Drainage, which involves placing a tube between the ribs to remove air or fluid from the chest cavity.
- **Underwater seal** is a technique used with the drainage tube to prevent air from going back into the chest.

This treatment helps to re-inflate the lung and keep air from entering the chest cavity again.","Ans is 'b' ie ICD with under water seal ""Open Pneumothorax is one in which full thickness segment of the chest wall has been destroyed and the negative intrapleural pressure sucks air directly through the chest wall defect rather than through the trachea into the alveoli . It occurs most commonly after shot gun blasts explosion with flying debris . The pt. is stabilized by any mechanical covering over the open wound. As soon as convenient a water tight dressing should be placed and an intercosta",6.936363636363637,8.68,10.61,-1.7436363636363623,0.1809954751131221,412,,0.8330366611480713
medmcqa,medium,medium,True,actual,The second messengers cyclic AMP and cyclic GMP,"Cyclic AMP (cAMP) and cyclic GMP (cGMP) are both types of second messengers in the body. Second messengers are molecules that help transmit signals from outside a cell to its interior, allowing the cell to respond to various stimuli.

Based on the context provided, here are some key points about cAMP and cGMP:

1. **Activation of Pathways**: Both cAMP and cGMP activate similar signal transduction pathways, which are the processes that cells use to respond to signals.

2. **Generation by Cyclases**: They are produced when certain enzymes called cyclases are activated. This means that when a signal is received by a cell, these enzymes help create cAMP and cGMP.

3. **Protein Kinase Activation**: cAMP and cGMP can activate protein kinases, which are enzymes that add phosphate groups to other proteins. This process can change how those proteins work, leading to various cellular responses.

4. **Not Limited to Sensory Transduction**: It's important to note that cAMP and cGMP are not only important in sensory transduction (the process of converting sensory stimuli into electrical signals in the nervous system). They play roles in many different cellular processes.

In summary, cyclic AMP and cyclic GMP are important second messengers that help transmit signals inside cells and activate various pathways, but they are not limited to just sensory functions.","The cAMP is called a second messenger because it is not the hormone itself that directly institutes the intracellular changes; instead, the cAMP serves as a second messenger to cause these effects.For a few peptide hormones, such as the atrial natriuretic peptide, cyclic guanosine monophosphate, which is only slightly different from cAMP, serves in a similar manner as a second messenger.Adenylyl Cyclase-cAMP Second Messenger SystemStimulation of adenylyl cyclase, a membrane-bound enzyme, by the ",6.705000000000002,11.52,14.29,-4.814999999999998,0.1613832853025936,515,,0.8198271989822388
medmcqa,medium,medium,True,actual,All of the following are causes of aplastic anemia except: March 2008,"Aplastic anemia is a condition where the bone marrow doesn't produce enough blood cells. This can lead to symptoms like fatigue, increased risk of infections, and easy bruising. 

From the options given, the causes of aplastic anemia include:

1. **Hepatitis** - This is an inflammation of the liver that can affect blood cell production.
2. **Gold salts** - These are compounds that can be used in some treatments, but they can also damage the bone marrow and lead to aplastic anemia.
3. **Fanconi anemia** - This is a genetic disorder that affects the bone marrow and can cause aplastic anemia.

The option that is NOT a cause of aplastic anemia is **Hepatocellular carcinoma**, which is a type of liver cancer. While it affects the liver, it does not directly cause aplastic anemia.

So, the answer is **Hepatocellular carcinoma**.","Ans. C: Hepatocellular carcinoma Congenital ---or inherited causes of aplastic anemia (20%) Patients usually have dysmorphic features or physical stigmata. On occasion, marrow failure may be the initial presenting feature. - Fanconi anemia Dyskeratosis congenita Cailage-hair hypoplasia Pearson syndrome Amegakaryocytic thrombocytopenia - Familial aplastic anemia Acquired causes of aplastic anemia (80%) Idiopathic factors Infectious causes, such as hepatitis viruses, EBV, human immunodeficiency vi",8.756666666666668,9.93,11.43,-1.173333333333332,0.1467181467181467,450,,0.8195174336433411
medmcqa,medium,medium,True,actual,All of the following are true about BCG vaccine except.,"The BCG vaccine is used to protect against tuberculosis (TB), a serious infection that mainly affects the lungs. It is made from a weakened strain of the bacteria that causes TB, which means it can help the body build immunity without causing the disease.

From the information provided, we know the following about the BCG vaccine:

1. The World Health Organization (WHO) recommends a specific strain of the bacteria called Danish 1331 strain of M. bovis (Mycobacterium bovis).
2. The vaccine is given intradermally, which means it is injected just under the skin.
3. Normal saline is used as a diluent, which means it is mixed with the vaccine to help it be injected properly.
4. The site of injection should be cleaned with spirit (alcohol) to prevent infection.

Now, the question asks which statement is NOT true about the BCG vaccine. Since all the points listed above are accurate, the statement that would be incorrect is not provided in the context. 

If you have specific options to choose from, please share them, and I can help identify which one is not true about the BCG vaccine.",Site of injection should be cleaned with soap but not with disinfectant or spirit.,6.010000000000002,9.15,11.74,-3.139999999999999,0.0796019900497512,574,,0.8287237286567688
medmcqa,medium,medium,True,actual,Slowest acting buffer system in the body -,"The slowest acting buffer system in the body is the **renal buffer**. 

To explain further, a buffer system helps maintain the balance of acids and bases in the body, which is important for overall health. There are different types of buffer systems:

1. **Chemical buffers** act quickly to neutralize acids and bases.
2. **Respiratory buffers** can adjust the levels of carbon dioxide (PCO2) in the blood by changing breathing rates, which is also relatively quick.
3. **Renal buffers**, on the other hand, involve the kidneys and take longer to respond. They help control the balance of acids and bases by excreting or retaining certain substances over hours to days.

In summary, while chemical and respiratory buffers work quickly, the renal buffer system is the slowest, taking more time to help regulate the body's pH levels.","Ans. is 'd' i.e., Renal buffer * Not all the buffer systems begin work at the same time. Chemical buffers respond first, followed by the respiratory system and finally, the renal system :# When blood plasma pH rises above or falls below normal, chemical buffers respond instantaneously. Chemical buffers often restore blood plasma to a normal pH within a fraction of a second.# If pH remains outside the normal range for more than 1 to 2 minutes, the respiratory system changes the rate and depth of ",7.368571428571428,10.48,10.95,-3.111428571428572,0.2380952380952381,624,,0.8422801494598389
medmcqa,medium,medium,True,actual,Which of the following methods can be used to detect rubella infection in children,"To detect rubella infection in children, the most common methods include:

1. **Blood Tests**: These tests look for antibodies against the rubella virus. When a person is infected, their body produces antibodies to fight the virus. A blood test can show if these antibodies are present.

2. **PCR (Polymerase Chain Reaction)**: This test can detect the genetic material of the rubella virus in a sample, such as blood or throat swab. It is a very sensitive test and can confirm an active infection.

3. **Viral Culture**: This method involves taking a sample from the patient and trying to grow the virus in a lab. If the rubella virus grows, it confirms the infection.

In the context of the previous questions, the methods mentioned (HIV-1 PCR, Viral culture, HIV ELISA, and p24 antigen assay) are specific to HIV diagnosis and not rubella. 

For rubella, the blood tests looking for antibodies and PCR tests are the most relevant methods to detect infection in children.","Laboratory diagnosis Isolation of virus in cell cultures of throat samples, urine or other secretions. Normally, a maternal rubella antibody in the form of IgG is transferred to infants and is gradually last over a period of 6 months. Persistent beyond I year in an unvaccinated child suggests the diagnosis of congenital rubella. Presence of IgM antibodies is diagnostic. PCR for rubella RNA.",9.255714285714287,9.81,12.52,-0.5542857142857134,0.1327433628318584,607,,0.8367558717727661
medmcqa,medium,medium,True,actual,"A 40-year-old male complains of exquisite pain and tenderness over the left ankle. There is no history of trauma. The patient is taking a mild diuretic for hypeension. On exam, the ankle is very swoll","Based on the information provided, the next step in managing the 40-year-old male with pain and swelling in his left ankle is to **obtain a uric acid level and perform arthrocentesis**. 

Here's why this is the best choice:

1. **Uric Acid Level**: This test helps determine if the patient has high levels of uric acid in his blood, which can lead to gout. Gout is a type of arthritis that can cause sudden and severe pain in joints, often starting with the big toe but can also affect other joints like the ankle.

2. **Arthrocentesis**: This is a procedure where a needle is used to remove fluid from the joint space. It can help relieve pressure from swelling and can also be tested to check for crystals (which indicate gout) or signs of infection.

Starting treatment with colchicine or antibiotics, or beginning allopurinol, would be premature without first confirming the diagnosis through these tests. Additionally, obtaining an ankle x-ray to rule out a fracture is not necessary since the patient has no history of trauma. 

So, the correct next step is to **obtain uric acid level and perform arthrocentesis**.","The sudden onset and severity of monoaicular ahritis suggests acute gouty ahritis, especially in patient on diuretic therapy. Ahrocentesis is indicated in the first episode- demonstrate needle shaped, negatively birefringent crystals and to rule out other diagnoses such as infection. For most patients with acute gout, NSAIDs are the treatment of choice. Colchicine is also effective, but causes nausea and diarrhea. Antibiotics should not be staed for infectious ahritis before an ahrocentesis is p",7.0120000000000005,10.58,12.06,-3.5679999999999996,0.1518987341772152,843,,0.827570915222168
medmcqa,medium,medium,True,actual,All are anterior relations of Right kidney EXCEPT,"The question asks about the structures that are located in front of (anterior to) the right kidney. The options given are:

1. Adrenal gland
2. 4th part of the duodenum
3. Liver
4. Hepatic flexure of colon

To answer the question, we need to identify which of these is NOT located in front of the right kidney.

- The **adrenal gland** is located on top of the kidney, so it is not considered an anterior relation.
- The **4th part of the duodenum** is located in front of the right kidney.
- The **liver** is also located in front of the right kidney.
- The **hepatic flexure of the colon** is located in front of the right kidney as well.

Therefore, the correct answer is **Adrenal gland**, as it is not an anterior relation of the right kidney.",Relations of anterior kidney- 1. Liver 2. Adrenal gland 3. Duodenum(second pa) 4. Hepatic flexure of colon. 5.Hepato renal pouch of Morris so 4th pa of duodenum is the answer.,9.655,7.6,11.21,2.0549999999999997,0.2409638554216867,417,,0.8434245586395264
medmcqa,medium,medium,True,actual,Not true regarding the mimicry of Strpyogenes ?,"The question asks which statement is ""not true"" regarding the mimicry of Streptococcus pyogenes. Mimicry in this context means that certain substances produced by the bacteria can resemble substances in the human body, which can sometimes lead to confusion in the immune response.

The options given are:
1. Peptidoglycan and skin antigen
2. Cell wall protein and myocardium
3. Hyaluronic acid and synovial fluid
4. Group A carbohydrate and vascular intima

To answer the question, we need to identify which pair does not correctly represent a mimicry relationship.

Based on what we know:
- Peptidoglycan is a component of bacterial cell walls and can trigger immune responses.
- Cell wall proteins can be similar to proteins found in the heart (myocardium), which can lead to heart issues after a streptococcal infection.
- Hyaluronic acid is found in the body (like in synovial fluid, which lubricates joints) and is also produced by Streptococcus pyogenes.
- Group A carbohydrate is a component of the bacteria that can resemble substances in blood vessels (vascular intima).

The statement that is ""not true"" would be the one that doesn't accurately reflect this mimicry. 

In this case, the answer is **Group A carbohydrate and vascular intima**. This is because while there is some resemblance, the mimicry is not as well established or recognized compared to the other pairs listed.","Ans. is 'd' i.e., Group A carbohydrate and vascular intima Antigen cross-reactivity Various streptococcal components (specially strep. pyogenes) exhibit antigenic cross reaction with different tissues of the human body.",9.054285714285715,10.99,13.71,-1.935714285714285,0.0876494023904382,542,,0.8200876712799072
medmcqa,medium,medium,True,actual,Which of the following bursae communicates with shoulder joint ?,"The bursa that communicates with the shoulder joint is the **subscapular bursa**. However, from the options provided, the **subacromial bursa** is the most relevant because it is closely associated with the shoulder joint and is involved in shoulder movement. 

To clarify, a bursa is a small fluid-filled sac that helps reduce friction between tissues in the body, such as between bones and muscles or tendons. In the shoulder, the subacromial bursa helps cushion the shoulder joint and allows for smooth movement of the arm. 

So, the answer to your question is: **Subacromial bursa**.","Ans. is 'c' i.e., Subcapsular bursaBursae around shoulder joints There are following bursae around the shoulder :?Subacromial - subdeltoid bursa :- These are usually continuous with each other. It is one of the largest bursa of body. It separates coracoacromial arch and deltoid muscle from supraspinatus tendon and joint capsule. This bursa facilitates abduction and during this movement it moves beneath the acromion process. In subacromeal bursitis, pain is elicited when the deltoid is pressed ju",8.89777777777778,10.7,11.6,-1.8022222222222195,0.1877551020408163,491,,0.853053867816925
medmcqa,medium,medium,True,actual,Sacrotuberous ligament is not pierced by,"The sacrotuberous ligament is not pierced by the following nerves:

1. Coccygeal branch of the inferior gluteal nerve
2. Perforating cutaneous nerves
3. Posterior cutaneous nerve of the thigh
4. Filaments of the coccygeal plexus

These nerves do not pass through or pierce the sacrotuberous ligament.",Sacrotuberous ligament is pierced by Coccygeal branch of Inferior gluteal nerve Perforating cutaneous nerves Filaments of Coccygeal plexus,6.416666666666668,6.98,11.6,-0.5633333333333326,0.5625,316,,0.8877809047698975
medmcqa,medium,medium,True,actual,Which of the following would have no effect on the fuction of the protein product?,"Based on the context provided, the question asks which option would have no effect on the function of the protein product. 

The answer is **C: Adjusting pH to other than the isoelectric point**. 

Here's why: 

- The isoelectric point is the pH at which a protein has no net charge and is least soluble. Changing the pH to something other than this point can affect how the protein behaves, often leading to changes in its structure and function.
- The other options (A, B, and D) involve adding substances that can directly cause proteins to precipitate, which means they would affect the protein's function by making it less soluble or altering its structure.

So, adjusting the pH to other than the isoelectric point does affect protein function, while the other options directly lead to changes in the protein's state.","When glutamine is replaced by asparagine,there is no change in the function. This is conservative or homologous replacement of amino acids. Asparagine and glutamine are both uncharged polar(hydrophilic)amino acids.Thus,when replaced with asparagine there is no change in the polarity or the charge of the peptide/protein. Reference: Lehninger Principles of Biochemistrry 6th edition pg79",6.780000000000001,11.14,11.54,-4.359999999999999,0.1306532663316583,444,,0.819612979888916
medmcqa,medium,medium,True,actual,"Lipofuscin, the golden yellow pigment is seen in hea muscle -","The question seems to be asking about lipofuscin, which is a pigment that can accumulate in certain tissues of the body, including heart muscle. Lipofuscin is often referred to as ""aging pigment"" because it tends to build up in cells over time, especially in older individuals or in those with certain health conditions.

In the context provided, it looks like you are given a list of terms: Hypertrophy, Atrophy, Hyperplasia, and Infarction. Here’s a brief explanation of each term:

1. **Hypertrophy**: This means an increase in the size of cells, which can lead to an increase in the size of the organ or tissue. For example, heart muscle can become thicker in response to increased workload.

2. **Atrophy**: This is the opposite of hypertrophy. It refers to a decrease in the size of cells, leading to a reduction in the size of the organ or tissue. This can happen due to lack of use or disease.

3. **Hyperplasia**: This is an increase in the number of cells in a tissue or organ, which can also lead to an increase in size. This can occur in response to certain stimuli, like hormonal changes.

4. **Infarction**: This refers to tissue death due to a lack of blood supply, often caused by a blockage in blood vessels.

Based on the context of lipofuscin being seen in heart muscle, the most relevant term from the list","Ans. is 'b' i.e., Atrophy",7.190000000000001,8.92,11.05,-1.7299999999999986,0.0167364016736401,648,,0.8104839324951172
medmcqa,medium,medium,True,actual,Thyroid medullary cells that produce calcitonin develop from:,"Thyroid medullary cells that produce calcitonin develop from the **ultimobranchial body**. 

To explain a bit more, the ultimobranchial body is a structure that forms during the development of the embryo. It contributes to the formation of certain cells in the thyroid gland, specifically those that produce calcitonin, a hormone that helps regulate calcium levels in the body.","Neural crest derivatives from the ultimobranchial body give rise to thyroid medullary C cells. It produces calcitonin. The C cells are interspersed throughout the thyroid gland. ALSO KNOW The ultimobranchial body arises from bilateral ventral swellings of the 4th pharyngeal pouches and gets integrated into the thyroid where it forms the parafollicular cells or C-cells for the production of calcitonin. Ref: Harrison, E-18, P-2911.",8.180000000000003,12.11,14.55,-3.929999999999996,0.2580645161290322,345,,0.872057318687439
medmcqa,medium,medium,True,actual,Intercostobrachial nerve is a branch of -,"The intercostobrachial nerve is a branch of the **2nd intercostal nerve**. 

To explain a bit further, the intercostal nerves are a group of nerves that come from the spinal cord and help control muscles and provide sensation in the chest and upper body. The 2nd intercostal nerve specifically helps with sensation in the upper arm and part of the chest.",Intercostobrachial nerve - Lateral cutaneous branch of 2nd intercostal nerve - Supplies Skin of floor of axilla. Upper part of medial aspect of arm.,6.416666666666668,9.12,11.86,-2.7033333333333314,0.2682926829268292,335,,0.866814911365509
medmcqa,medium,medium,True,actual,Breech presentation with footling. Management is:,"In the case of a breech presentation with footling, the best management option is a **Cesarean section**. 

**Breech presentation** means that the baby is positioned feet-first instead of head-first in the womb. A **footling breech** is when one or both of the baby's feet are positioned to come out first. This type of breech presentation can make vaginal delivery more complicated and risky for both the mother and the baby, which is why a Cesarean section (a surgical procedure to deliver the baby through an incision in the mother's abdomen) is often recommended. 

Other options like vaginal delivery, forceps delivery, or internal podalic version (a procedure to turn the baby into a head-first position) are generally not considered safe for footling breech presentations.","Ans. (b) Ceasarean SectionRef.: D.C. Dutta 8th ed. / 441-42, Williams 22/e / 571* Because Breech presentation with footling has very high incidence of cord prolapse, delivery by caesarean section is recommended in these patients.Indication of C.S in breech are:* Big baby (Wt> 3.5 kg.)* Hyperextension of head (stargazing fetus)* Footling presentation (risk of cord prolapse)* Suspected pelvic contraction* Severe IUGR",8.383333333333333,13.96,16.4,-5.576666666666668,0.1450777202072538,489,,0.8253204822540283
medmcqa,medium,medium,True,actual,A 22 year old presents to his physician with hemoptysis and hematuria with basement membrane antibodies. Most likely diagnosis is -,"Based on the information provided, the 22-year-old patient is experiencing hemoptysis (coughing up blood) and hematuria (blood in the urine), along with the presence of basement membrane antibodies. This combination of symptoms is suggestive of a condition known as Goodpasture's syndrome.

Goodpasture's syndrome is an autoimmune disease where the body's immune system mistakenly attacks the lungs and kidneys. The presence of basement membrane antibodies indicates that the immune system is targeting the collagen in these organs, leading to inflammation and damage. 

In summary, the most likely diagnosis for this patient is Goodpasture's syndrome. If you have any more questions or need further clarification, feel free to ask!","Ans. is 'b' i.e., Good pasture's syndrome o Good pasture's syndrome is an autoimmune disease characterized by formation of anti GBM antibodies that attack both pulmonary capillaries and the glomerulus (GBM).Good pasture's syndrome|Antibodies against non collagenous domain (NCL) of a3 chain of collagen type IV(Found in Glomerular basement membrane & pulmonary capillaries)|Damage to basement membrane of glomeruli and pulmonary' capillaryAntibodies aganist glomerularAntibodies against pulmonary cap",9.55,12.54,13.82,-2.9899999999999984,0.1428571428571428,638,,0.816966712474823
medmcqa,medium,medium,True,actual,Which of the following skin structure'sfunctionis likely to be impaired in case of skin burns caused due to house fire?,"In the case of skin burns caused by a house fire, the skin structure that is likely to be impaired is the **epidermis**. 

### Explanation:
The epidermis is the outermost layer of the skin and acts as a protective barrier against the environment. When burns occur, especially from hot substances like fire, this layer can be damaged. This damage can lead to several problems, including:

1. **Loss of Protection**: The skin helps protect against infections. When the epidermis is damaged, bacteria can enter more easily, increasing the risk of infection.

2. **Fluid Loss**: The skin helps retain moisture in the body. If the epidermis is burned, it can lead to fluid loss, which can cause dehydration.

3. **Pain and Sensitivity**: Burns can damage nerve endings in the skin, leading to pain and sensitivity to touch.

In summary, burns can impair the function of the epidermis, affecting protection, moisture retention, and sensation.","Skin has sweat glands and sebaceous glands, which are exocrine glands. Skin produces vitamin D, but it not a trophic hormone, and skin does not produce vitamin A. In addition, skin contains no general somatic efferent (GSE) and parasympathetic general visceral efferent (GVE) nerve fibers.",9.910000000000004,9.53,12.52,0.3800000000000043,0.082051282051282,670,,0.8112199902534485
medmcqa,high,high,True,actual,Primary hyperparathyroidism is caused by -a) Parathyroid hyperplasiab) Adenosisc) MEN 1d) Thyrotoxicosise) CRF,"Primary hyperparathyroidism is primarily caused by:

a) Parathyroid hyperplasia - This condition involves an enlargement of the parathyroid glands, leading to excessive production of parathyroid hormone (PTH), which in turn raises serum calcium levels.

b) Adenoma - A benign tumor of the parathyroid gland is the most common cause of primary hyperparathyroidism, resulting in increased PTH secretion.

c) Multiple Endocrine Neoplasia type 1 (MEN 1) - This genetic syndrome can lead to hyperparathyroidism as part of a triad of endocrine tumors, including pituitary adenomas and pancreatic endocrine tumors.

The other options, d) Thyrotoxicosis and e) Chronic Renal Failure (CRF), are not direct causes of primary hyperparathyroidism. Thyrotoxicosis may influence calcium metabolism, but it does not cause primary hyperparathyroidism. CRF can lead to secondary hyperparathyroidism due to altered calcium and phosphate metabolism but is not a cause of primary hyperparathyroidism.

In summary, the correct answers indicating causes of primary hyperparathyroidism are a) Parathyroid hyperplasia, b) Adenoma, and c) MEN 1.","Hyperparathyrodism is defined as elevated serum PTH due to increased secretion. It is of two types. a) Primary & b) Secondary with a rare third type - c) Teiary Primary hyperparathyroidism Primary hyperparathyroidism is due to intrinsic abnormality of one or more parathyroid glands: Single Adenoma - 83% Multiple Adenomas - 6% Hyperplasia - 1% Carcinoma - 1% Adenomas and hyperplasia of the parathyroid usually occur sporadically, but in few cases, they are pa of familial syndromes Familial syndrom",13.98769230769231,16.17,17.77,-2.182307692307692,0.2012578616352201,709,,0.8440935611724854
medmcqa,high,high,True,actual,"A 10 year old male presented to the pediatric OPD with colicky pain, nausea, vomiting. Erect abdominal Xray shows multiple air fluid levels. Stool examination shows the following egg. Which of the fol","In the context provided, the 10-year-old male is experiencing symptoms suggestive of intestinal obstruction, as indicated by colicky abdominal pain, nausea, vomiting, and the presence of multiple air-fluid levels on the erect abdominal X-ray. The stool examination likely reveals eggs from a parasitic infection, such as ascariasis (caused by Ascaris lumbricoides), which is common in children and can lead to such symptoms.

In response to parasitic infections, the immune system typically mounts a Th2 (T-helper type 2) response, which is characterized by the secretion of specific interleukins. Among the interleukins listed (IL-1, IL-2, IL-3, IL-5), IL-5 is particularly important in the context of helminth infections. IL-5 is primarily responsible for the activation and proliferation of eosinophils, which play a crucial role in combating parasitic infections.

Therefore, in this scenario, the interleukin that is secreted is **IL-5**.","Interleukin 5 is secreted in the given scenario. The child here has intestinal obstruction caused by Ascaris lumbricoides (egg shown in the figure). IL-5 is responsible for the maturation and release of eosinophils in the bone marrow IL-1 (a and b)- SOURCE: Macrophages and other cell types FUNCTION:Proliferation and difefrentiation of T, B and other cells; pyrogenic; induce acute phase proteins; bone marrow cell proliferation IL-2 SOURCE:T cells FUNCTIONPromote growth and differentiation of T an",10.299679487179484,15.46,17.51,-5.160320512820517,0.186046511627907,779,,0.8396995663642883
medmcqa,high,high,True,actual,"A one year old child preents with sho stature, lethargy, & constipation. Clinical examinaton shows a palpable goiter. Laboratory investigations revealed a low T4 and elevated TSH which of the followin","The clinical presentation and laboratory findings of the one-year-old child suggest a diagnosis of **Thyroid Dyshormonogenesis**. 

This condition is characterized by a defect in the synthesis of thyroid hormones, leading to low levels of thyroxine (T4) and consequently elevated thyroid-stimulating hormone (TSH) due to the feedback mechanism. The presence of a palpable goiter indicates that the thyroid gland is enlarged, which is consistent with dyshormonogenesis as the gland attempts to compensate for the low hormone production. 

In contrast, **Thyroid Dysgenesis** typically presents with absent or underdeveloped thyroid tissue, which would not explain the goiter. **Central Hypothyroidism** would involve low TSH levels due to pituitary dysfunction, which is not the case here. Lastly, **TSH Receptor Blocking Antibody** would lead to similar hormonal profiles but is less common and typically associated with specific autoimmune conditions.

Thus, based on the symptoms of short stature, lethargy, constipation, and the laboratory findings of low T4 and elevated TSH, the most likely diagnosis is **Thyroid Dyshormonogenesis**.","Ans is 'a' i.e., Thyroid Dyshormonogenesis o This child has :? i) Thyroid swelling ii) Low T4 & High TSH iii) Abnormal weight gain and poor activities o All these suggests the diagnosis of congenital hypothyroidism due to thyroid disorder (In hypothalamic diseases, TSH levels will be low). o The most common cause of non - endemic congenital hypothyroidism is thyroid dysgenesis. i) In endemic regions Most common cause of congenital hypothyroidism is iodine deficiency in intrauterine and neonatal ",11.548571428571432,15.6,16.79,-4.051428571428568,0.1688654353562005,826,,0.8338014483451843
medmcqa,high,high,True,actual,Treatment of choice for Luminal infection of E. histolytica,"The treatment of choice for a luminal infection caused by *Entamoeba histolytica* is **Paromomycin**. This aminoglycoside antibiotic is effective in treating asymptomatic intestinal infections and is particularly useful for luminal amoebiasis, as it acts locally within the gastrointestinal tract with minimal systemic absorption. 

While **Tinidazole** and **Metronidazole** are effective for treating invasive forms of the infection, they are not the first-line treatments for luminal infections specifically. **Ivermectin** is not indicated for *E. histolytica* infections. Therefore, Paromomycin is the most appropriate choice in this context.",Amoebic dysentry or amebic liver abscess - Tinidazole and metronidazole. Luminal infection - Paramomycin and Iodoquinol.,10.208888888888891,15.26,16.89,-5.051111111111108,0.101010101010101,457,,0.8312150835990906
medmcqa,high,high,True,actual,Non regenerative layer of Cornea is,"The non-regenerative layer of the cornea is Bowman's membrane. This layer, located between the corneal epithelium and the stroma, is composed of a dense network of collagen fibers and does not possess the ability to regenerate after injury, unlike the corneal epithelium which can heal itself.",Non regenerative layer of Cornea is Bowman's membrane.,12.316666666666666,15.44,15.25,-3.123333333333333,0.3157894736842105,296,,0.8915553092956543
medmcqa,high,high,True,actual,"A 23-year-old individual who believes in megavitamins therapy develops severe headche, fundoscopy reveals papilloedema. The likely cause for this problem is -","The 23-year-old individual in question is experiencing severe headache and papilledema, which is indicative of increased intracranial pressure. Given the context of the individual believing in megavitamin therapy, it is plausible that the cause of their symptoms is related to excessive intake of certain vitamins, particularly fat-soluble vitamins such as Vitamin A.

Excessive Vitamin A can lead to a condition known as hypervitaminosis A, which can cause increased intracranial pressure, resulting in symptoms such as headache and papilledema. This condition arises because Vitamin A is stored in the liver and can accumulate to toxic levels when taken in excessive amounts, leading to various neurological symptoms.

In summary, the likely cause of the severe headache and papilledema in this individual is hypervitaminosis A due to megavitamin therapy.","Vitamin A toxicity causes nausea ,increased intracranial pressure and Papilloedema due to high dose of retinol . Ref Harrison 20th edition pg 86",11.543095238095235,17.46,18.67,-5.916904761904766,0.119205298013245,727,,0.8269825577735901
medmcqa,high,high,True,actual,"Rectal carcinoma, the most early presentation is:","The most early presentation of rectal carcinoma is typically rectal bleeding. Patients may notice blood in their stool or experience changes in bowel habits, such as constipation or alternating constipation and diarrhea. However, rectal bleeding is often the most prominent and alarming symptom that prompts individuals to seek medical evaluation, leading to further investigation and diagnosis of rectal carcinoma.","Ref: Schwartz SurgeryExplanation:The most common symptom of rectal cancer is hematochezia.Unfortunately, this is often attributed to hemorrhoids.Bright red in colour but may be darker, and should be carefully investigated at any age.Other symptoms include mucus discharge, tenesmus, and change in bowel habit.The differential diagnosisUlcerative colitisCrohn's proctocolitisradiation proctitisand procidentia.Occasionally, internal intussusception of the sigmoid into the rectum can produce a solitar",12.425714285714289,16.88,16.73,-4.45428571428571,0.0827586206896551,412,,0.8426926136016846
medmcqa,high,high,True,actual,"In the extraoral technique for maxillary nerve block, the needle should be directed in which of the following direction to lateral pterygoid plate:","In the extraoral technique for maxillary nerve block, the needle should be directed in the posterior direction to the lateral pterygoid plate. This orientation is crucial for effectively accessing the maxillary nerve while minimizing the risk of complications associated with surrounding anatomical structures.",The needle should be directed in the anterior direction to the lateral pterygoid plate.,12.875652173913045,16.94,18.77,-4.064347826086957,0.456140350877193,367,,0.9173775315284728
medmcqa,high,high,True,actual,Pudendal nerve supplying motor pa to external sphincter is derived from?,"The pudendal nerve, which supplies motor innervation to the external anal sphincter, is primarily derived from the S2-S4 spinal nerve roots. Therefore, the correct answer from the options provided would be **S2-S3 roots**. 

This nerve plays a crucial role in the voluntary control of the external sphincter, which is essential for maintaining continence.","S2-S3 roots. There are two sphincters of the urethra a. Internal urethral sphincter (also k/a sphincter vesicae) - it is involuntary in nature - made up of smooth muscle - supplied by sympathetic nerves, from lower thoracic & upper lumbar segments of spinal cord b. External urethral sphincter (also k/a sphincter vesicae) - it is voluntary in nature - made up of striated muscle fibres - supplied by the perineal branch of the pudendal nerve (derived from spinal nerves S2,S3 & S4) - it controls the",10.154545454545456,11.12,13.56,-0.9654545454545432,0.2040816326530612,327,,0.8449757099151611
medmcqa,high,high,True,actual,"Pre-Renal Azotemia is characterized by all of the following, EXCEPT:","Pre-Renal Azotemia is characterized by several clinical and laboratory findings indicative of decreased renal perfusion, often due to factors such as dehydration or heart failure. The characteristics typically include:

1. **Fractional Excretion of Sodium (FENa) < 1%**: This indicates that the kidneys are conserving sodium due to perceived low blood volume.
2. **Urinary Osmolality > 500 mosm/kg**: This suggests that the kidneys are concentrating urine effectively in response to decreased perfusion.
3. **Reversible with Replacement Fluids**: Pre-Renal Azotemia is often reversible with appropriate fluid resuscitation, addressing the underlying hypoperfusion.

The statement that does not characterize Pre-Renal Azotemia is:

**Urinary Sodium Concentration > 40 meq/L**: In pre-renal azotemia, the urinary sodium concentration is typically low (often < 20 meq/L) because the kidneys are attempting to retain sodium in response to low blood volume.

Therefore, the correct answer is that Pre-Renal Azotemia is characterized by all of the following, EXCEPT **Urinary Sodium Concentration > 40 meq/L**.","Azotemia refers to increase in BUN and creatinine. Azotemia can be prerenal, renal or postrenal. Pre renal azotemia occurs when there is a reduction in the effective aerial blood flow to the kidney, either from a reduction in extracellular volume or in conditions where effective circulating volume is reduced despite normal total extracellular volume. LAB findings include: FeNa is less than 1 %,- proximal tubular function is normal, so it reabsorbs sodium and water, so less sodium is available at",10.73,16.94,17.93,-6.210000000000001,0.1369047619047619,742,,0.8304964303970337
medmcqa,high,high,True,actual,"In acute congestive glaucoma, pupil is","In acute congestive glaucoma, the pupil is typically described as being oval and horizontal. This abnormal shape is due to the increased intraocular pressure that occurs in this condition, which can lead to a distortion of the pupil's normal circular form. The pressure affects the iris and ciliary body, resulting in the characteristic oval appearance.","In acute congestive glaucoma, pupil is semidilated (mild dilated), vertically oval and fixed.",10.35,12.8,14.55,-2.450000000000001,0.2318840579710145,477,,0.8789538145065308
medmcqa,high,high,True,actual,Lacunar cells are characteristic of:,"Lacunar cells are characteristic of the nodular sclerosing type of Hodgkin's disease. These cells are distinctive histological features observed in the lymphoid tissue affected by this specific subtype of Hodgkin's lymphoma, which is known for its unique cellular architecture and clinical presentation.","Nodular sclerosis (NS) Hodgkin s disease comprises 60 80% of all cases. The morphology shows a nodular pattern. The broad bands of fibrosis divide the node into nodules . The capsule is thickened. The characteristic cell is the lacunar-type RS cell, which has a monolobated or multilobated nucleus and a small nucleolus with abundant and pale cytoplasm. Ref: Shafer's textbook of oral pathology 7th edition page 187",12.320000000000004,15.92,17.69,-3.599999999999996,0.1428571428571428,282,,0.8409128785133362
medmcqa,high,high,True,actual,"In beta-oxidation of fatty acids, carnitine is required for","In beta-oxidation of fatty acids, carnitine is required for the transport of long-chain fatty acids into the mitochondrial inner membrane. This process is essential because long-chain fatty acids cannot freely diffuse across the mitochondrial membrane. Instead, they must be conjugated to carnitine to form acylcarnitine, which can then be transported into the mitochondria where beta-oxidation occurs, ultimately leading to the generation of acetyl-CoA for energy production.",Transport of long-chain fatty acid to mitochondria' inner layer,12.831111111111111,16.95,16.32,-4.118888888888888,0.1975308641975308,463,,0.8629633784294128
medmcqa,high,high,True,actual,Which of the following is not a coagulative necrosis?,"In the context provided, the question asks which of the following is not a coagulative necrosis. The options given are:

1. Myocardial infarct
2. Kidney infarct
3. Brain infarct
4. Adrenal infarct

Coagulative necrosis is typically associated with ischemic injury, where the architecture of the tissue remains largely intact despite cell death. This type of necrosis is commonly seen in solid organs like the heart (myocardial infarct) and kidneys (kidney infarct).

However, brain infarcts typically result in liquefactive necrosis due to the high lipid content of the brain tissue and the presence of glial cells that facilitate the breakdown of tissue. Therefore, the answer to the question, ""Which of the following is not a coagulative necrosis?"" is:

**Brain infarct.**","For obscure reasons, the hypoxic death of cells within the central nervous system often evokes liquefactive necrosis.( Robbins Basic Pathology, 9th edition, page 10 )",10.208888888888891,10.17,11.79,0.0388888888888914,0.0839160839160839,529,,0.8231122493743896
medmcqa,high,high,True,actual,"In standing position, Venous return to hea from lower limbs is affected by all of the following except:","In the context of venous return to the heart from the lower limbs while in a standing position, the factors that influence this process include competent valves, deep fascia, and contraction of calf muscles. However, aerial pressure does not significantly affect venous return in this scenario.

1. **Competent Valves**: These prevent retrograde blood flow in the veins, ensuring that blood moves toward the heart rather than pooling in the lower extremities.

2. **Deep Fascia**: This connective tissue structure supports the veins and assists in the muscle pump mechanism during physical activity, facilitating venous return.

3. **Contraction of Calf Muscles**: The calf muscles act as a ""muscle pump."" When they contract, they compress the veins, propelling blood upward toward the heart.

4. **Aerial Pressure**: While atmospheric pressure can influence venous return, it is not a direct factor in the mechanism of venous return from the lower limbs when standing. Instead, it is the physiological mechanisms mentioned above that play a critical role.

Therefore, the correct answer is **aerial pressure**; it does not significantly affect venous return to the heart from the lower limbs in a standing position.","Aerial pressure Factors affecting venous return from lower limbs:a. Muscle contraction- Venous return from lower limb depends largely on muscular activity, especially contraction of the calf muscles, known as the 'calf pump'II Deep fascia - Efficiency of muscular pump is aided by the tight sleeve of deep fascia (deep fascia prevents outward bulge of the contracting muscles thus aiding in more effective compression of the veins.c. Valves - Valves are of great impoance in maintaining unidirectiona",10.441111111111113,12.58,13.38,-2.1388888888888875,0.1898305084745763,701,,0.8507774472236633
medmcqa,high,high,True,actual,All of the following skin conditions are considered as skin markers for internal malignancy except,"The skin conditions listed as potential skin markers for internal malignancy include Acanthosis nigricans, Dermatomyositis, and Pemphigus vulgaris. However, Bullous pemphigoid is not typically considered a skin marker for internal malignancy. 

Acanthosis nigricans is often associated with insulin resistance and can be a marker for conditions such as diabetes or malignancies, particularly gastric adenocarcinoma. Dermatomyositis is a condition characterized by muscle weakness and distinctive skin rashes, and it is known to be associated with underlying malignancies, particularly ovarian and lung cancers. Pemphigus vulgaris is an autoimmune blistering disorder that can also be linked to certain malignancies.

In contrast, Bullous pemphigoid is primarily an autoimmune blistering disorder that is more common in the elderly and is not specifically associated with internal malignancies. Therefore, the correct answer is Bullous pemphigoid.","Acanthosis nigricans, brown to grey - black velvety thickening of the skin in flexural areas, is caused by insulin resistance, obesity, drugs and underlying malignancy (esp. of the stomach and large intestine).Dermatomyositis results from an immune-mediated process triggered by various factors such as malignancy ( ovarian carcinoma, nasopharyngeal carcinoma, mycosis fungoides and lymphoproliferative malignancies ), drugs and infectious agents in genetically predisposed individuals. Bullous pemph",12.286666666666669,16.71,17.77,-4.423333333333332,0.2262443438914027,631,,0.834276556968689
medmcqa,high,high,True,actual,An ankle-brachial index (ABI) that suggests increased risk of myocardial infarction would be,"An ankle-brachial index (ABI) that suggests an increased risk of myocardial infarction would be <0.9. An ABI value below this threshold indicates the presence of peripheral artery disease (PAD), which is associated with a higher risk of cardiovascular events, including myocardial infarction. Values between 0.9 and 1.0 are generally considered normal, while values above 1.0 may suggest non-compressible arteries due to calcification. Therefore, an ABI of less than 0.9 is clinically significant in predicting cardiovascular risk.","There is increasing interest in the use of the ankle-brachial index (ABI) to evaluate patients at risk for cardiovascular events. An ABI less than 0.9 correlates with increased risk of myocardial infarction and indicates significant, although perhaps asymptomatic, underlying peripheral vascular disease.",11.264615384615386,11.71,12.16,-0.445384615384615,0.2204724409448819,565,,0.9032785892486572
medmcqa,high,high,True,actual,The minor duodenal papilla is opening of -,"The minor duodenal papilla is the opening of the accessory pancreatic duct. This anatomical structure allows for the drainage of pancreatic secretions from the accessory duct into the duodenum, specifically into the second part of the duodenum.",Major duodenal papilla Hepatopancreatic ampulla (opening of the biliary-pancreatic duct). Minor duodenal papilla Accessory pancreatic duct opening.,10.740000000000002,16.18,16.53,-5.439999999999998,0.3272727272727273,329,,0.8844558596611023
medmcqa,high,high,True,actual,Which complication you would expect during internal podalic version in case of transverse lie,"The complication that can occur during internal podalic version in the case of a transverse lie is uterine rupture. This procedure, while sometimes necessary for managing certain presentations during delivery, carries significant risks, including the potential for serious complications such as uterine rupture, which can lead to maternal and fetal morbidity. Other possible complications include cervical laceration and vaginal laceration, but uterine rupture is particularly notable due to its severity.","Uterine rupture Internal podalic version:- This nzaneouvre is currently used only for the delivery of a second twin. It consists of the inseion of a hand into the uterine cavity to turn the fetus manually. With this maneuver the fetus is turned to a breech presentation. After this the obstetrician grasps the fetal head to affect delivery by breech extraction. This operation is associated with high incidence of uterine rupture. Munrokar's operative Gynae states ""The practice of this operation has",10.941428571428574,18.96,20.27,-8.018571428571427,0.1614349775784753,341,,0.839026153087616
medmcqa,high,high,True,actual,Hazard of chorionic vinous biopsy is :,"The hazards associated with chorionic villus sampling (CVS) include several potential complications. Based on the context provided, the specific hazards mentioned are limb abnormalities, spina bifida, Down syndrome, and abortion (abortion being a potential outcome of the procedure). 

Chorionic villus sampling is a prenatal diagnostic procedure performed to obtain a sample of chorionic villi from the placenta for genetic testing. While it can provide valuable information regarding chromosomal abnormalities and genetic disorders, it carries risks such as:

1. **Limb Abnormalities**: There is a risk of limb malformations associated with CVS, particularly if performed before 10 weeks of gestation.
2. **Spina Bifida**: This is a type of neural tube defect that can be associated with certain genetic conditions, and while CVS itself does not directly cause spina bifida, the procedure may be linked to an increased risk of neural tube defects in some studies.
3. **Down Syndrome**: While CVS is used to detect Down syndrome, it does not cause it. However, the procedure may be associated with a risk of miscarriage, which could lead to the loss of a fetus with or without Down syndrome.
4. **Abortion**: The risk of miscarriage following CVS is approximately 1-2%, which is a significant consideration for patients considering the procedure.

In summary, the hazards of chorionic villus sampling include limb abnormalities, spina bifida, Down syndrome (as a condition being",Aboion,10.35,14.74,16.53,-4.390000000000001,0.0,662,,0.7472884654998779
medmcqa,clinical,clinical,True,actual,The syndrome of inappropriate antidiuretic hormone is characterized by the following:,"The syndrome of inappropriate antidiuretic hormone (SIADH) is characterized by hyponatremia and urine sodium excretion greater than 20 mEq/L. This condition results from excessive secretion of antidiuretic hormone (ADH), leading to water retention, dilutional hyponatremia, and concentrated urine despite normal or increased plasma volume. Therefore, the correct statement regarding SIADH is:

**Hyponatremia and urine sodium excretion >20 mEq/L.**","Syndrome of inappropriate antidiuretic hormone is caused by excess secretion of vasopressin leading to increased absorption of water resulting in hyponatremia, inappropriate sodium secretion in the urine (> 20 mEq/L), hyper osmolar urine (>100mOsm/L) and hypo osmolar plasma (<260mOsm/L). Ref: The MD Anderson Manual of Medical Oncology, 2nd Edition, CHAPTER 46",16.590909090909097,17.18,17.12,-0.5890909090909027,0.336283185840708,414,,0.8586167097091675
medmcqa,clinical,clinical,True,actual,"Young lady presents with acute abdominal pain and history of 11/2 months amenorrhoea, on USG examination there is collection of fluid in the pouch of douglas and empty gestational sac. Diagnosis is","The clinical presentation of a young lady with acute abdominal pain, a history of 1.5 months of amenorrhea, and ultrasound findings of fluid collection in the pouch of Douglas along with an empty gestational sac is highly suggestive of an **ectopic pregnancy**. This condition occurs when a fertilized ovum implants outside the uterine cavity, most commonly in the fallopian tube, leading to potential hemorrhage and fluid accumulation in the pelvic cavity. The absence of an intrauterine gestational sac, along with the acute symptoms, supports this diagnosis.",Ans. is a i.e. Ectopic pregnancy,17.90875,15.16,16.83,2.748750000000001,0.0638297872340425,654,,0.8361352682113647
medmcqa,clinical,clinical,True,actual,All the following represent risk factors associated with pelvic inflammatory disease except -,"Pelvic inflammatory disease (PID) is associated with several risk factors, including:

1. **Sexually transmitted infections (STIs)**: Particularly chlamydia and gonorrhea.
2. **Multiple sexual partners**: Increased exposure to STIs.
3. **History of PID**: Previous episodes increase the risk of recurrence.
4. **Intrauterine device (IUD) use**: Particularly in the first few weeks after insertion.
5. **Young age**: Women under 25 years are at higher risk.
6. **Douching**: This practice can disrupt normal vaginal flora and increase the risk of infection.

Given this context, the question asks for an option that does not represent a risk factor associated with PID. 

Without the specific options provided, a common misconception that does not represent a risk factor for PID would be something like ""having a single long-term monogamous partner,"" as this typically reduces the risk of STIs and, consequently, PID.

In summary, the correct answer would be any option that does not align with the established risk factors for PID, such as stable monogamous relationships or non-sexual transmission routes.","Ans is 'd' i.e., Age 30 - 39 yearPelvic inflammatory diseaseo This is an infection of the upper female reproductive tract organs. Another diagnosis given to this disease is acute salpingitis. Although all may be involved, the reproductive tract organ of importance, with or without abscess formation, is the fallopian tube.o The clinical importance of diagnosing PID is emphasized by its known sequelae, which include tubal-factor infertility, ectopic pregnancy, and chronic pelvic pain.o Classic sal",16.62333333333334,12.25,14.12,4.373333333333338,0.1212121212121212,673,,0.8117651343345642
medmcqa,clinical,clinical,True,actual,Cryoglobulinemia is associated with which of the following,Cryoglobulinemia is associated with Hepatitis C.,"Ref. API Textbook of Medicine. Pg. 1851 Cryogloblinemia is a vasculitis of small blood vessels that is caused by deposition of immune complexes. Skin, joints, and nerves are commonly affected. The heart, brain, or gastrointestinal tract each are affected in fewer than 10% of cases. Most patients with cryoglobulinemia are chronically infected with hepatitis C virus (HCV). Many of the remaining patients with cryoglobulinemia have lupus, Sjogren s syndrome, rheumatoid arthritis, or white blood cell",14.080000000000002,,,,0.0379146919431279,265,,0.8277893662452698
medmcqa,clinical,clinical,True,actual,Most appropriate management of advanced stage rectal carcinoma,"The most appropriate management of advanced stage rectal carcinoma typically involves a multidisciplinary approach, often including neoadjuvant chemoradiotherapy followed by surgical intervention. In the context provided, the surgical options include:

- **Anterior resection**: This is generally indicated for tumors located in the upper rectum where sphincter preservation is possible.
- **Abdominoperineal resection (APR)**: This is indicated for lower rectal tumors where sphincter preservation is not feasible.
- **Proximal colostomy**: This may be considered in cases of obstruction or palliation but is not a definitive treatment for rectal carcinoma.
- **Ileostomy**: This is typically not a primary management option for rectal carcinoma.

Given the advanced stage of the disease, the choice between anterior resection and abdominoperineal resection would depend on the tumor's location and the patient's overall health status. However, if the context implies a definitive surgical approach, **abdominoperineal resection** would be the most appropriate management for advanced stage rectal carcinoma when sphincter preservation is not an option.","(B) Abdominoperineal resection # 'RECTAL CARCINOMA' located at 5 cm from the anal verge lies in the lower rectum.> Considering the conventional methods of treatments Anterior resection is possible for tumors of upper 2/3rd of rectum Abdominoperineal resection is indicated for tumors of lower 1/3rd of rectum> General site specific plan> Upper Rectum (> 11 cm) Anterior Resection , Mid Rectum (6-11 cm) Low Anterior resection , Lower Rectum ( Note: Length of rectum is about 12 to 15 cm and the anal ",14.080000000000002,17.0,18.24,-2.919999999999998,0.1666666666666666,499,,0.8274215459823608
medmcqa,clinical,clinical,True,actual,The risk of endometrial carcinoma is highest with the following histological pattern of endometrial hyperplasia: March 2007,The risk of endometrial carcinoma is highest with the following histological pattern of endometrial hyperplasia: **Complex hyperplasia with atypia**. This type of hyperplasia is associated with a significant risk of progression to endometrial carcinoma compared to other forms of hyperplasia.,"Ans. C: Complex hyperplasia with atypia Simple hyperplasia progresses to cancer in 10-20% whereas atypical hyperplasia is a precursor of cancer in 60-70% of cases. Classification Most endometrial cancers are carcinomas (usually adenocarcinomas Endometrial carcinomas can be classified into two pathogenetic groups: Type I: These cancers occur most commonly in pre- and peri-menopausal women, often with a history of unopposed estrogen exposure and/or endometrial hyperplasia. They are often minimally",18.11058823529412,19.05,18.24,-0.9394117647058806,0.087719298245614,424,,0.8603483438491821
medmcqa,clinical,clinical,True,actual,Hypoxic pulmonary vasoconstriction due to,"Hypoxic pulmonary vasoconstriction is primarily due to the presence of low oxygen levels (hypoxia) in the alveoli, which leads to vasoconstriction of the pulmonary arterioles. This physiological response is an adaptive mechanism aimed at redirecting blood flow away from poorly ventilated areas of the lung to regions with better ventilation, thereby optimizing gas exchange and improving overall oxygenation. 

In the context of the provided information, hypoxic pulmonary vasoconstriction can be triggered by conditions such as:

- Acute respiratory distress syndrome (ARDS)
- Chronic obstructive pulmonary disease (COPD)
- Pulmonary embolism
- High altitude exposure

The underlying mechanism involves the release of vasoconstrictors, such as endothelin-1, and the inhibition of vasodilators, leading to increased pulmonary vascular resistance and potential right ventricular strain if the hypoxia is severe or prolonged.","Hypoxic pulmonary vasoconstriction (HPV), also known as the Euler-Liljestrand mechanism, is a physiological phenomenon in which small pulmonary aeries constrict in the presence of alveolar hypoxia (low oxygen levels). Ref Harrison20th edition pg 2334",17.040000000000003,26.13,25.5,-9.089999999999996,0.1375,520,,0.8356580138206482
medmcqa,clinical,clinical,True,actual,Absolute contraindication of combined oral contraceptive pill is -,"The absolute contraindication of combined oral contraceptive pills is **active liver disease**. This condition poses significant risks due to the potential for impaired hepatic metabolism of the hormones, which can lead to increased risk of thromboembolic events and other complications. Other factors listed, such as epilepsy, obesity, and smoking (even at a rate of 10 cigars/day), are relative contraindications rather than absolute ones.","Ans. is 'd' i.e., Active liver disease Contraindications of OCPs (WHO guidelines) Absolute : (1) Thromboembolism event, cerebrovascular accident, coronary aery disease, (2) Breast cancer, (3) DM (> 20 years duration), (4) Impending major surgery, (5) Hyperlipidemia, (6) Pregnancy, (7) Lactation ( 35 years old and heavy smoker (> 20 cigarretes/day), (11) Migraine with aura, (12) Diabetic nepropathy/neuropathy/ retiopathy, and (13) structural hea disease with pulmonary hypeension, AF or SABE. Rela",14.080000000000002,15.26,15.9,-1.179999999999998,0.1176470588235294,383,,0.8168209791183472
medmcqa,clinical,clinical,True,actual,Unipolar flagellate organism that causes pneumonia -,"The unipolar flagellate organism that causes pneumonia is **Mycoplasma pneumoniae**. This organism is known for its role in atypical pneumonia, particularly in younger populations, and is characterized by its lack of a cell wall and unique respiratory transmission.","Answer- A. PseudomonasPseudomonas aeruginosa is a Gram-negative, aerobic rod shaped and polar-flagella bacterium with unipolar motility.",16.25,16.04,17.69,0.2100000000000008,0.1071428571428571,403,,0.8252543807029724
medmcqa,clinical,clinical,True,actual,Which is true regarding Trendelenburg operation -,"The Trendelenburg operation, also known as the Trendelenburg procedure, is primarily associated with the surgical management of varicose veins, particularly those involving the great saphenous vein. It involves the ligation and division of the great saphenous vein at its junction with the femoral vein, effectively preventing venous reflux and alleviating symptoms associated with venous insufficiency.

In the context of the provided information, it is important to note that the Trendelenburg operation does not directly relate to the Hardy-Weinberg equilibrium or the genetic concepts discussed earlier. However, if we consider the implications of surgical interventions and their potential impact on genetic diversity within a population, one could argue that surgical procedures like the Trendelenburg operation may not significantly influence the genetic structure of the population at large, as they do not alter the allele frequencies in a manner that would disrupt Hardy-Weinberg assumptions.

In summary, while the Trendelenburg operation is a significant surgical procedure for treating venous insufficiency, it does not have a direct correlation with the principles of Hardy-Weinberg equilibrium or gene flow between populations.",Sapheno-femoral Ligation - is called Trendelenburg's procedure.,14.283333333333337,22.33,23.08,-8.046666666666662,0.043010752688172,596,,0.8220316767692566
medmcqa,clinical,clinical,True,actual,"If a diabetic patient being treated with an oral hypoglycemic agent develops dilutional Hyponatremia, which one of the following could be responsible for this effect","In the context of a diabetic patient being treated with an oral hypoglycemic agent who develops dilutional hyponatremia, the most likely responsible factor is the use of thiazolidinediones (TZDs), such as pioglitazone or rosiglitazone. These agents can cause fluid retention, leading to an increase in total body water without a corresponding increase in sodium, resulting in dilutional hyponatremia. 

Additionally, certain sulfonylureas may also contribute to hyponatremia through mechanisms related to increased insulin secretion, which can enhance renal sodium excretion. However, the primary mechanism associated with dilutional hyponatremia in this context is fluid retention induced by TZDs. 

Therefore, if the patient is on a TZD, this could be responsible for the dilutional hyponatremia observed.",Refer KDT 6 /e p 267 Chlorpropamide is a first generation Sulfonylureas It increases the risk of hypoglycemia Other adverse effects of Chlorpropamide are ADH like action leading to dilutional Hyponatremia Cholestatic jaundice Disulfuram like reaction,18.232000000000003,17.76,18.24,0.4720000000000013,0.0939597315436241,655,,0.8112452030181885
medmcqa,clinical,clinical,True,actual,Most important investigation for posterior urethral valve is,"The most important investigation for posterior urethral valve is the Micturating Cystogram (MCU). This imaging study is critical for assessing the anatomy and function of the urinary tract, particularly in identifying the presence of posterior urethral valves and associated complications such as bladder wall hypertrophy and vesicoureteral reflux.",Micturating cystourethrogram (MCU) provides the radiological basis for the diagnosis of posterior urethral valve.,14.080000000000002,18.85,19.29,-4.77,0.2580645161290322,321,,0.8919838666915894
medmcqa,clinical,clinical,True,actual,Neurophysiological defects present in right lobe involvement are A/E,"Neurophysiological defects present in right lobe involvement are A/E: 

- Visuospatial defect
- Anosognosia

The other options, Dyscalculia and Dysgraphia, are typically associated with left hemisphere involvement, particularly in right-handed individuals.","C i.e. Dyscalculia - Categorical (dominant) hemisphere (ie left lobe in most cases) is responsible for sequential - analytic processes such as language (understanding language, verbal memory, motor speech, written & spoken language) and mathematical ability. Therefore lesions of left (dominant) side produce aphasias (receptive & expressive), dyslexia and dyscalculia. - Representational (non dominant mostly right) hemisphere is responsible for visuo-spatial orientation & musical (a) awareness. It",14.142222222222228,24.2,22.08,-10.05777777777777,0.1320754716981132,399,,0.8303812146186829
medmcqa,clinical,clinical,True,actual,Most common ophthalmic complication of diabetes mellitus is,"The most common ophthalmic complication of diabetes mellitus is diabetic retinopathy. This condition is characterized by damage to the retinal blood vessels due to chronic hyperglycemia, leading to potential vision impairment and blindness if left untreated. Other complications such as cataracts, rubeosis iridis, and vitreous hemorrhage may also occur, but diabetic retinopathy remains the predominant concern in diabetic patients.","(A) Retinopathy # Most common ophthalmic complication of diabetes mellitus is diabetic retinopathy, with diabetic retinopathy being the most common preventable cause of blindness> Ocular features of diabetes mellitus: Blurring of vision Cataract formation Diabetic pupil Diabetic retinopathy Macular edema Retinal neovascularization Vitreous hemorrhage Retinal detachment Neovascularization of the iris (i.e. Rubeosis iridis) Cranial nerveCN III, IV and VI palsy> Blindness is primarily the result of",15.555000000000003,16.28,17.51,-0.7249999999999979,0.1731601731601731,484,,0.8765252828598022
medmcqa,clinical,clinical,True,actual,True regarding endothelium of cornea:-,"The endothelium of the cornea is a monolayer of cells that plays a critical role in maintaining corneal transparency and homeostasis. Key characteristics of the corneal endothelium include:

1. **Barrier Function**: The endothelial cells form a selective barrier that regulates the movement of fluids and solutes between the cornea and the anterior chamber, contributing to corneal hydration and transparency.

2. **Pump Mechanism**: The endothelium contains Na+/K+ ATPase pumps that actively transport sodium out of the corneal stroma, which helps to prevent corneal edema by maintaining a low level of water content.

3. **Cell Density**: The endothelial cell density decreases with age and is crucial for corneal health; a lower density can lead to corneal decompensation and edema.

4. **Non-regenerative Nature**: Endothelial cells have a limited capacity for regeneration; once lost, they cannot be replaced effectively, which can lead to corneal dystrophies or other pathologies.

5. **Morphology**: The endothelial cells are typically hexagonal in shape, which maximizes surface area and facilitates efficient barrier and pump functions.

In summary, the corneal endothelium is essential for maintaining corneal clarity and function through its barrier and pump mechanisms, and its health is critical for overall ocular health.","ENDOTHELIUM *Single layer of cells *Powerhouse of kitchen of the cornea *Responsible for maintaining dehydrated state of cornea *Endothelial cells decrease with ageing & any intraocular surgery. *Normal specular count-2500-3500/ mm3. *The normal endothelium is usually made up of hexagonal, regular, cells which are roughly uniform in shape.",14.68,16.56,18.64,-1.879999999999999,0.1639344262295082,653,,0.8345510959625244
medmcqa,clinical,clinical,True,actual,Agent associated with carcinoma cervix -,"The agent most commonly associated with carcinoma of the cervix is **Human Papillomavirus (HPV)**. Specifically, high-risk HPV types, particularly HPV 16 and HPV 18, are well-established etiological factors in the development of cervical intraepithelial neoplasia (CIN) and subsequent cervical cancer. Other agents listed, such as Trichomoniasis, Herpes virus, and Calymmatobacterium granulomatis, are not directly linked to the pathogenesis of cervical carcinoma.","Ans. is 'a' i.e., Human Papilloma Virus o Human papillomavirus is most commonly associated with cancer of cervix.o Although herpes simplex virus 2 is also associated with ca cervix. But HPV is believed to have a causal association with cancer cervix.",19.4,18.26,17.88,1.139999999999997,0.169811320754717,380,,0.8491866588592529
medmcqa,clinical,clinical,True,actual,Endoscopy is useful for evaluation of these forms of gastrointestinal obstruction except,Endoscopy is useful for evaluation of these forms of gastrointestinal obstruction except **illeal obstruction**.,"Endoscopy is useful for evaluation and treatment of some forms of gastrointestinal obstruction. An impoant exception is a small-bowel obstruction due to surgical adhesions, which is generally not diagnosed or treated endoscopically. Oesophagal, gastroduodenal, and colonic obstruction or pseudo-obstruction can all be diagnosed and often managed endoscopically.Harrison 19e pg: 1891",14.656666666666666,,,,0.3582089552238806,291,,0.8777445554733276
medmcqa,clinical,clinical,True,actual,In primary pulmonary hypeension basic abnormality in genes lies in,"In primary pulmonary hypertension, the basic abnormality in genes lies in the Bone Morphogenetic Protein Receptor II (BMPR2). This genetic defect is associated with the pathogenesis of the disease, leading to abnormal vascular remodeling and increased pulmonary vascular resistance.","Ref Harrison 19 th ed pg 1655 Abnormalities in multiple molecular pathways and genes that regu- late the pulmonary vascular endothelial and smooth muscle cells have been identified ). These abnormalities include decreased expression of the voltage-regulated potassium channel, mutations in the bone morphogenetic protein receptor-2, increased tissue factor expres- sion, overactivation of the serotonin transpoer, hypoxia-induced activation of hypoxia-inducible factor-1a, and activation of nuclear f",14.270000000000008,18.04,18.77,-3.7699999999999902,0.2123893805309734,302,,0.8407377600669861
medmcqa,clinical,clinical,True,actual,Which of the following viral families is known to be causally associated with tumor formation in healthy appearing human adults?,"The viral family known to be causally associated with tumor formation in healthy appearing human adults is the **Papillomaviridae** family, specifically human papillomavirus (HPV). Certain high-risk HPV types, such as HPV 16 and 18, are well-documented as oncogenic and are associated with the development of cervical, anal, and oropharyngeal cancers in otherwise healthy individuals. Other viral families, such as the Herpesviridae (e.g., Epstein-Barr virus) and Hepadnaviridae (e.g., Hepatitis B virus), are also implicated in tumorigenesis but are less frequently associated with tumors in healthy adults compared to HPV.","A Papovavirus is any member of the former virus family of Papovaviridae. They are mainly associated with various neoplasms in mammals. The family of Papovaviridae is no longer used in recent taxonomy, but is split into the Papillomaviridae and the Polyomaviridae. HPV is a member of the Papillomaviridae family and is causally associated with cervical cancer in otherwise healthy individuals Hepatitis C virus is a member of the flaviviruses family and causes chronic hepatitis and in severe cases is",14.630000000000004,15.28,15.65,-0.649999999999995,0.2338709677419355,523,,0.8561996221542358
medmcqa,clinical,clinical,True,actual,Acute intestinal obstruction is characterized by -a) Vomiting is common in duodenal obstructionb) Pain after each attack of vomiting is characteristic of ileal obstructionc) In colonic obstruction dis,"Acute intestinal obstruction is characterized by the following features:

a) **Vomiting is common in duodenal obstruction** - True. In duodenal obstruction, vomiting is often a prominent symptom due to the proximal location of the obstruction, which leads to the accumulation of gastric contents.

b) **Pain after each attack of vomiting is characteristic of ileal obstruction** - False. While ileal obstruction can cause pain, it is not specifically characterized by pain after vomiting. Instead, pain in ileal obstruction may be more continuous or crampy rather than directly correlated with vomiting.

c) **In colonic obstruction, distension is more common than vomiting** - True. Colonic obstruction typically presents with abdominal distension as a more prominent symptom compared to vomiting, which may be less frequent.

d) **X-ray erect posture is diagnostic** - True. An erect abdominal X-ray can reveal air-fluid levels and distended loops of bowel, aiding in the diagnosis of intestinal obstruction.

e) **Colicky pain to steady pain indicates strangulation** - True. The transition from colicky pain (intermittent and crampy) to steady pain suggests the possibility of strangulation, which is a surgical emergency.

Based on the above analysis, the statement that is **not characteristic** of acute intestinal obstruction is **b)**.","Clinical features of small intestinal obstruction Abdominal pain Pain is crampy in nature and tends to be more severe the distal the obstruction. the pain occurs in paroxysms and the patient is relatively comfortable in the intervals between the pain. audible borborygmi are often noted by the patient simultaneously with the paroxysm of pain. the pain may become less severe as, distention progresses, probably because motility is impaired in the edematous intestine. when strangulation occurs, the ",25.706363636363637,12.84,15.36,12.866363636363635,0.1691331923890063,760,,0.8237441182136536
pubmedqa,medium,medium,True,actual,Are high flow nasal cannulae noisier than bubble CPAP for preterm infants?,"The information provided does not give a direct answer to whether high flow nasal cannulae (HFNC) are noisier than bubble CPAP for preterm infants. However, it does mention that noise exposure in the neonatal intensive care unit (NICU) can be harmful to preterm infants and that CPAP devices often produce noise levels that exceed recommended limits. 

High flow nasal cannulae are becoming a more popular choice for treating preterm infants, but there haven't been any studies that specifically measure how much noise HFNC makes compared to bubble CPAP. 

In summary, while we know that CPAP can be noisy, we do not have enough information to say whether HFNC is noisier or quieter than bubble CPAP. More research is needed to compare the noise levels of these two treatments.","At the gas flows studied, HFNC are not noisier than BCPAP for preterm infants.",6.727142857142859,13.29,13.97,-6.5628571428571405,0.1258741258741258,690,,0.8658158183097839
pubmedqa,medium,high,False,actual,Can infundibular height predict the clearance of lower pole calyceal stone after extracorporeal shockwave lithotripsy?,"Infundibular height can indeed play a role in predicting the clearance of lower pole calyceal stones following extracorporeal shockwave lithotripsy (ESWL). The infundibulum is the channel that connects the renal calyx to the renal pelvis, and its anatomical characteristics, including height and width, can influence the drainage of urine and the passage of fragmented stones after lithotripsy.

Research indicates that a shorter infundibular height may be associated with a higher likelihood of stone clearance post-ESWL. This is likely due to the fact that a shorter infundibulum can facilitate easier passage of stone fragments into the renal pelvis and subsequently into the ureter. Conversely, a longer infundibulum may create a more challenging pathway for stone fragments to exit, potentially leading to incomplete clearance.

In summary, while infundibular height is not the sole predictor of stone clearance, it is a significant anatomical factor that can influence outcomes after ESWL for lower pole calyceal stones. Other factors, such as stone size, composition, and patient-specific anatomical variations, also play critical roles in determining the success of the procedure.",Lower Infundibular height could be a good measurement tool for deciding which patients with lower calyceal lithiasis would benefit from SWL treatment. Height of less than 22 mm suggests a good outcome from lithotripsy.,9.08705882352941,15.33,16.08,-6.242941176470589,0.0952380952380952,698,,0.8535088896751404
pubmedqa,medium,clinical,False,actual,Are failures of anterior cruciate ligament reconstruction associated with steep posterior tibial slopes?,"Yes, failures of anterior cruciate ligament (ACL) reconstruction have been associated with steep posterior tibial slopes. The posterior tibial slope is a critical anatomical factor influencing the stability of the knee joint, particularly in relation to the forces exerted on the ACL. A steeper slope can lead to increased anterior tibial translation and may predispose the reconstructed ACL to failure due to altered biomechanics. Studies have demonstrated that patients with a greater posterior tibial slope are at a higher risk for graft failure following ACL reconstruction, emphasizing the importance of considering this anatomical feature during surgical planning and rehabilitation.",Both medial and lateral PTS were significantly steeper in failures of ACLR than the control group. Medial or lateral PTS 5 was a new risk factor of ACLR failure.,8.78224137931035,17.9,18.51,-9.11775862068965,0.109375,415,,0.8458086252212524
pubmedqa,medium,medium,True,actual,Can CT predict the level of CSF block in tuberculous hydrocephalus?,"The context provided does not directly answer the question about whether a CT scan can predict the level of cerebrospinal fluid (CSF) block in tuberculous hydrocephalus. However, I can explain a bit about the topic.

**Cerebrospinal Fluid (CSF)** is a clear fluid that surrounds the brain and spinal cord, helping to protect them and provide nutrients. **Hydrocephalus** is a condition where there is an excess of CSF, leading to increased pressure in the brain. **Tuberculous hydrocephalus** occurs when tuberculosis (a bacterial infection) causes inflammation and blockages in the CSF pathways.

A **CT scan** (computed tomography scan) is an imaging test that uses X-rays to create detailed pictures of the inside of the body, including the brain. It can help doctors see if there are blockages or swelling in the brain.

In cases of tuberculous hydrocephalus, a CT scan can show areas where the CSF flow is blocked, but it may not always predict the exact level of the blockage. The scan can help identify the presence of lesions or inflammation but determining the precise level of blockage often requires further evaluation.

In summary, while a CT scan can provide important information about the condition of the brain and CSF flow, it may not definitively predict the level of CSF block in tuberculous hydrocephalus. Further tests or evaluations might be needed for a complete understanding.",CT is therefore not useful in determining the level of CSF block in TBM. Air-encephalography remains the most reliable way of determining the level of CSF obstruction.,9.778703703703703,12.0,13.61,-2.2212962962962965,0.1185770750988142,793,,0.8364585638046265
pubmedqa,medium,clinical,False,actual,Post-tonsillectomy late haemorrhage: is it a preferably night-time event?,"Post-tonsillectomy late hemorrhage is not specifically characterized as a nighttime event; however, it can occur at any time, including during the night. Late hemorrhage typically occurs 5 to 10 days post-operatively when the eschar (scab) formed at the surgical site begins to slough off. This can lead to the rupture of blood vessels that were previously cauterized. 

While there is no definitive evidence suggesting that late hemorrhage is more common at night, patients may be more likely to notice bleeding during nighttime hours due to being in a supine position or when they are less active and more attuned to symptoms. It is crucial for patients and caregivers to be vigilant for signs of bleeding, such as swallowing more frequently, coughing up blood, or the presence of bright red blood in the saliva, regardless of the time of day. 

In conclusion, while late hemorrhage can occur at night, it is not inherently a nighttime event and should be monitored closely at all times post-tonsillectomy.","The incidence of post-tonsillectomy late haemorrhage in our study population was 1.78%. A statistically significant difference was found between night-time and day-time haemorrhages. Even though no significant distribution of haemorrhages per hour was observed, we underline that we recorded 32 (54.2%) events in 2 periods of the day: from 10 p.m. to 1 a.m. and from 6 to 9 a.m.",9.353333333333335,14.21,15.47,-4.856666666666666,0.1191489361702127,747,,0.8330402374267578
pubmedqa,medium,high,False,actual,Can folic acid protect against congenital heart defects in Down syndrome?,"Folic acid, also known as vitamin B9, is essential for DNA synthesis and repair, and it plays a critical role in cellular division and growth. Its importance in pregnancy, particularly in the prevention of neural tube defects, is well-established. However, the relationship between folic acid and congenital heart defects, particularly in the context of Down syndrome (trisomy 21), is more complex.

Research has indicated that adequate maternal folic acid intake before conception and during early pregnancy may reduce the risk of congenital heart defects in the general population. This is particularly relevant because individuals with Down syndrome have a higher prevalence of congenital heart defects, with estimates suggesting that approximately 40-50% of infants with Down syndrome are born with some form of heart anomaly.

While folic acid supplementation is recommended for all women of childbearing age to reduce the risk of neural tube defects, its specific protective effect against congenital heart defects in the context of Down syndrome is less clear and requires further investigation. Some studies suggest that maternal folate levels may influence the risk of congenital heart defects, but definitive conclusions regarding its protective role specifically for congenital heart defects in Down syndrome have not been firmly established.

In summary, while folic acid is beneficial for reducing the risk of certain congenital anomalies, including neural tube defects, its protective effect against congenital heart defects in Down syndrome is not conclusively proven and warrants further research. Therefore, it is advisable for women with a history of Down syndrome or those at risk to discuss folic acid supplementation with",Our study does not show a protective effect of FA on heart anomalies among infants with DS.,9.781176470588235,17.82,18.12,-8.038823529411765,0.0503597122302158,749,,0.8386937379837036
pubmedqa,medium,clinical,False,actual,Is robotically assisted laparoscopic radical prostatectomy less invasive than retropubic radical prostatectomy?,"A: Yes

Robotically assisted laparoscopic radical prostatectomy is considered less invasive than retropubic radical prostatectomy due to its minimally invasive approach, which typically results in reduced postoperative pain, shorter recovery times, and less blood loss. The laparoscopic technique employs smaller incisions compared to the larger incision required in the retropubic approach, thereby minimizing tissue trauma and promoting quicker patient recovery.",This study showed for the first time that RALP induces lower tissue trauma than RRP.,6.780000000000001,22.46,22.5,-15.68,0.08,434,,0.8495311737060547
pubmedqa,medium,high,False,actual,Does hippocampal atrophy on MRI predict cognitive decline?,"Hippocampal atrophy on MRI is indeed associated with cognitive decline, particularly in the context of neurodegenerative diseases such as Alzheimer's disease. The hippocampus is a critical structure for memory formation and spatial navigation, and its atrophy can correlate with deficits in short-term memory and other cognitive functions.

In the context provided, the 46-year-old woman exhibits cognitive difficulties, particularly with short-term memory, alongside MRI findings of generalized brain atrophy. While the specific details of hippocampal atrophy are not mentioned, the presence of generalized atrophy, especially if it includes the hippocampus, can be indicative of underlying neurodegenerative processes that may lead to further cognitive decline.

Therefore, while hippocampal atrophy is a strong predictor of cognitive decline, it is essential to consider it within the broader context of clinical symptoms and other diagnostic findings. In summary, yes, hippocampal atrophy on MRI can predict cognitive decline, particularly when associated with memory impairments and other cognitive deficits.",HCA was not found to be a predictor of subsequent cognitive decline in this series.,8.353333333333339,19.21,20.74,-10.856666666666662,0.0930232558139535,713,,0.8440451622009277
pubmedqa,medium,medium,True,actual,Can vitamin C prevent complex regional pain syndrome in patients with wrist fractures?,"The question about whether vitamin C can prevent complex regional pain syndrome (CRPS) in patients with wrist fractures is not directly answered in the contexts provided. However, I can give you some helpful information.

Complex regional pain syndrome is a condition that can occur after an injury, like a wrist fracture. It causes severe pain, swelling, and changes in skin color and temperature in the affected area. 

Some studies suggest that taking vitamin C after a wrist fracture may help reduce the risk of developing CRPS. Vitamin C is important for healing and may help reduce inflammation. However, not all research agrees, and more studies are needed to confirm its effectiveness.

In summary, while there is some evidence that vitamin C might help prevent CRPS after wrist fractures, it is not guaranteed. It's always best to discuss any supplements or treatments with a healthcare provider to get personalized advice.",Vitamin C reduces the prevalence of complex regional pain syndrome after wrist fractures. A daily dose of 500 mg for fifty days is recommended.,9.248333333333337,10.59,12.84,-1.3416666666666632,0.160919540229885,687,,0.853218674659729
pubmedqa,medium,clinical,False,actual,PSA repeatedly fluctuating levels are reassuring enough to avoid biopsy?,"In the context of prostate-specific antigen (PSA) testing, fluctuating levels of PSA can sometimes be a source of concern, but they do not automatically preclude the need for a biopsy. The decision to avoid biopsy based on PSA levels depends on several factors, including the degree of fluctuation, the absolute values of PSA, the patient's age, family history, and the presence of any urinary symptoms or other risk factors for prostate cancer.

Generally, a PSA level that remains consistently below 4 ng/mL is often considered within the normal range, and fluctuations within this range may not be clinically significant. However, if PSA levels are elevated (typically above 4 ng/mL) or show significant increases over time, further evaluation, including a biopsy, may be warranted regardless of fluctuations.

In summary, while fluctuating PSA levels can be reassuring, they do not definitively indicate that a biopsy can be avoided. Clinical judgment, taking into account the entire clinical picture, is essential in making this determination.","Our study demonstrates no difference in PC detection rate at repeat biopsy between patients with flu or si-PSA levels. PSA Slope, PSAV and PSADT were not found helpful tools in cancer detection.",9.825,17.3,18.24,-7.475000000000001,0.0909090909090909,655,,0.82216477394104
pubmedqa,medium,clinical,False,actual,Serum angiotensin-converting enzyme and frequency of severe hypoglycaemia in Type 1 diabetes: does a relationship exist?,"The relationship between serum angiotensin-converting enzyme (ACE) levels and the frequency of severe hypoglycemia in Type 1 diabetes is not well established in the current literature. ACE is primarily involved in the renin-angiotensin system, which regulates blood pressure and fluid balance. While there is some evidence suggesting that the renin-angiotensin system may play a role in glucose metabolism and insulin sensitivity, direct correlations between ACE levels and hypoglycemic events in Type 1 diabetes remain unclear.

In Type 1 diabetes, severe hypoglycemia is typically related to factors such as insulin dosing, carbohydrate intake, physical activity, and individual patient variability rather than serum ACE levels. Therefore, while it is essential to monitor various metabolic parameters in patients with Type 1 diabetes, the estimation of serum ACE does not have a direct clinical relevance in predicting or managing severe hypoglycemic episodes.

In summary, based on the current understanding and available data, there does not appear to be a significant relationship between serum angiotensin-converting enzyme levels and the frequency of severe hypoglycemia in Type 1 diabetes. Further research may be needed to explore any potential indirect associations or mechanisms.","The present survey showed a weak relationship between serum ACE and the frequency of SH, the clinical relevance of which is unclear. This limits the proposed role for serum ACE as an index of risk for SH.",9.80337837837838,19.53,19.14,-9.72662162162162,0.1504424778761061,697,,0.8555529713630676
pubmedqa,medium,high,False,actual,"Syncope during bathing in infants, a pediatric form of water-induced urticaria?","The context provided discusses a phenomenon observed in infants during bathing, characterized by syncope, or fainting, which may be related to a form of water-induced urticaria. In this scenario, eight infants aged 2 to 15 months experienced episodes of becoming pale, hypotonic (decreased muscle tone), and unresponsive upon immersion in water. These episodes resolved quickly upon removal from the water.

While the term ""water-induced urticaria"" typically refers to an allergic reaction characterized by hives (urticaria) triggered by water exposure, the syncope described here does not align with the classic presentation of urticaria. Instead, it suggests a reflex response, possibly due to a combination of factors such as the immersion reflex, which can lead to bradycardia (slowed heart rate) and hypotension (low blood pressure), resulting in syncope.

In summary, while the episodes of syncope in infants during bathing may superficially resemble a form of urticaria, they are more likely related to a physiological response to water immersion rather than an allergic reaction. Further investigation into the underlying mechanisms and potential risk factors, including the association with sudden infant death syndrome (SIDS), is warranted to better understand these events and their implications for infant safety during bathing.","""Aquagenic maladies"" could be a pediatric form of the aquagenic urticaria.",9.081818181818182,17.48,17.77,-8.398181818181818,0.0576923076923076,781,,0.8241145610809326
pubmedqa,medium,clinical,False,actual,Is double-balloon enteroscopy an accurate method to diagnose small-bowel disorders?,"Double-balloon enteroscopy (DBE) has been demonstrated to be an efficacious method for diagnosing small-bowel disorders, particularly in the context of evaluating conditions such as gastrointestinal bleeding, small bowel inflammatory bowel disease (IBD), and strictures. In the study referenced, 88 DBE procedures were performed on 66 patients, indicating a significant application of this technique in a clinical setting. The use of video-capsule endoscopy (VCE) prior to DBE in 43 of the patients suggests that DBE is often employed as a follow-up or confirmatory procedure after non-invasive imaging, which supports its diagnostic utility.

The mean age of the patients (62 years) and the demographic breakdown (including gender and ethnicity) provide context for the population studied, but the critical takeaway is that DBE has been utilized effectively for various indications related to small-bowel pathology. Therefore, based on the available data, double-balloon enteroscopy can be considered an accurate and safe method for diagnosing small-bowel disorders in a community setting.","1. DBE is a safe and and accurate method to diagnose small bowel disorders; 2. this method permits chromoscopy, biopsies and treatment of the lesions.",8.165000000000003,20.02,20.27,-11.854999999999997,0.1170212765957446,726,,0.8543823957443237
pubmedqa,medium,high,False,actual,Are physicians aware of the side effects of angiotensin-converting enzyme inhibitors?,"Yes, physicians are generally well aware of the side effects associated with angiotensin-converting enzyme (ACE) inhibitors. These medications are commonly prescribed for conditions such as hypertension and heart failure, and their side effects are well-documented in clinical literature and medical training.

The most common side effects of ACE inhibitors include:

1. **Cough**: A persistent dry cough is a notable side effect that occurs in a subset of patients, attributed to the accumulation of bradykinin.

2. **Hyperkalemia**: ACE inhibitors can lead to elevated potassium levels in the blood, which can be dangerous if not monitored, particularly in patients with renal impairment or those on potassium-sparing diuretics.

3. **Angioedema**: Although rare, this serious side effect involves swelling of the deeper layers of the skin, often around the eyes and lips, and can affect breathing.

4. **Hypotension**: Especially after the first dose, patients may experience a significant drop in blood pressure, particularly if they are volume-depleted or on diuretics.

5. **Renal Impairment**: ACE inhibitors can affect renal function, particularly in patients with pre-existing kidney disease or those who are dehydrated.

Physicians routinely evaluate the risk-benefit profile of ACE inhibitors for each patient, considering these potential side effects alongside the therapeutic benefits. Monitoring of renal function and electrolytes is standard practice during treatment with these agents.","Overall, there was a poor knowledge of the side effects of ACE-I. This may account for the increased referrals for chronic cough and angioedema.",6.298333333333332,15.39,16.4,-9.091666666666669,0.0905349794238683,767,,0.8426852822303772
pubmedqa,medium,medium,True,actual,Undescended testes: does age at orchiopexy affect survival of the testis?,"The question about whether the age at which orchiopexy is performed affects the survival of the testis relates to a condition called cryptorchidism, where one or both testes have not descended into the scrotum. 

Orchiopexy is a surgical procedure used to move an undescended testis into the scrotum and fix it there. The study mentioned in the context aimed to find out if the age at which this surgery is done has any impact on whether the testis remains healthy or shrinks (a condition known as testicular atrophy).

While the specific results of the study are not provided in the context, it is generally understood that performing orchiopexy at a younger age is often recommended. This is because earlier intervention may help improve the chances of the testis developing normally and reduce the risk of complications later on.

In summary, while the exact findings of the study are not detailed, it is commonly believed that the age at which orchiopexy is performed can affect the health and survival of the testis. Early surgery is usually better for the testis's development.",From this study we conclude that there is no increase in testicular atrophy in patients less than 13 months.,9.209473684210526,13.19,14.35,-3.980526315789474,0.05,696,,0.8393236994743347
pubmedqa,medium,medium,True,actual,Is there a model to teach and practice retroperitoneoscopic nephrectomy?,"Based on the context provided, there is no specific information about a model to teach and practice retroperitoneoscopic nephrectomy. Retroperitoneoscopic nephrectomy is a surgical procedure used to remove a kidney through small incisions in the back. 

However, in general, surgical training often includes the use of simulation models or training programs to help surgeons practice and improve their skills before performing actual surgeries. These models can be physical or virtual and are designed to mimic real-life surgical scenarios.

If you are looking for specific training models for retroperitoneoscopic nephrectomy, it would be best to consult medical training institutions or surgical training programs that specialize in urology or minimally invasive surgery. They can provide more detailed information about available resources and training opportunities.",RPN in a porcine model is feasible and could be very useful for teaching and practicing retroperitoneoscopy.,9.781176470588235,15.75,17.32,-5.968823529411765,0.0999999999999999,428,,0.8421318531036377
pubmedqa,medium,high,False,actual,Does quilting suture prevent seroma in abdominoplasty?,"Quilting sutures, also known as ""purse-string sutures"" or ""tacking sutures,"" are often employed in abdominoplasty (tummy tuck) procedures to help minimize the potential for seroma formation. A seroma is a collection of fluid that can accumulate in the space left after surgical procedures, particularly in areas where tissue has been manipulated or removed.

The mechanism by which quilting sutures may prevent seroma formation involves the approximation of the tissue layers, which helps to reduce the dead space created during surgery. By securing the tissue in place, these sutures can promote adherence between the layers, thereby minimizing fluid accumulation. Additionally, quilting sutures can enhance lymphatic drainage and vascular supply to the area, further reducing the risk of seroma.

While the use of quilting sutures has been shown to be beneficial in some studies, it is important to note that they are not a guaranteed method for preventing seromas. Other factors, such as surgical technique, patient factors (e.g., body mass index, activity level), and postoperative care, also play significant roles in the development of seromas.

In summary, while quilting sutures can help reduce the risk of seroma formation in abdominoplasty, they are not an absolute preventive measure, and their effectiveness may vary among patients.",The quilting suture seems to be an efficient technique with which to prevent seroma formation.,9.140000000000004,14.72,15.47,-5.5799999999999965,0.0821917808219178,807,,0.8494089841842651
pubmedqa,medium,clinical,False,actual,Does treatment duration affect outcome after radiotherapy for prostate cancer?,"The context provided does not directly address the question regarding the effect of treatment duration on outcomes after radiotherapy for prostate cancer. However, based on current clinical understanding, the duration of radiotherapy can influence treatment outcomes. 

In general, longer treatment durations with radiotherapy, particularly when employing fractionated regimens, may allow for better tumor control and potentially improved survival rates. Conversely, shorter courses of radiotherapy may be associated with increased risks of acute and late toxicities, although they can also lead to similar oncological outcomes in select patient populations. 

Ultimately, the optimal duration of radiotherapy should be individualized based on tumor characteristics, patient health status, and the specific treatment protocol being utilized. Further clinical studies are necessary to establish definitive correlations between treatment duration and outcomes in prostate cancer radiotherapy.","A proportionally longer treatment duration was identified as an adverse factor in low-risk patients. Treatment breaks resulting in a NTDR of>/=33% (e.g., four or more breaks during a 40-fraction treatment, 5 d/wk) should be avoided.",8.514285714285716,19.14,18.42,-10.625714285714285,0.0946745562130177,509,,0.8250254988670349
pubmedqa,medium,medium,True,actual,Should direct mesocolon invasion be included in T4 for the staging of gastric cancer?,"Yes, direct mesocolon invasion should be included in T4 for the staging of gastric cancer. 

In cancer staging, the ""T"" category describes the size and extent of the primary tumor. T4 indicates that the cancer has spread beyond the stomach to nearby structures, including the mesocolon, which is the part of the peritoneum that attaches the colon to the back of the abdominal wall. This means that if the gastric cancer invades the mesocolon, it is classified as T4, indicating a more advanced stage of cancer.",Mesocolon invasion should be included in T4 for the staging of gastric cancer.,8.541538461538462,11.04,12.16,-2.4984615384615374,0.2626262626262626,355,,0.8813228011131287
pubmedqa,medium,high,False,actual,Is there any interest to perform ultrasonography in boys with undescended testis?,"Yes, there is interest in performing ultrasonography (USG) in boys with undescended testis, particularly in cases where the testis is not palpable during physical examination. In the scenario described, where a poorly rugated scrotum is noted and one testicle is palpated in the inguinal canal, ultrasonography can be a useful non-invasive imaging modality to locate the undescended testis. 

Ultrasonography can help confirm the presence and location of the testis, whether it is intra-abdominal or in the inguinal canal, which is crucial for planning appropriate surgical intervention. In cases of non-palpable testis, USG can provide valuable information that may influence the timing and type of surgical approach, such as orchidopexy or laparoscopic exploration if necessary. 

However, it is important to note that if the testis is palpable, as in the case described, a physical examination may suffice, and the decision to proceed with surgery can be made without the need for ultrasonography. Ultimately, the use of USG in the context of undescended testis is determined by clinical judgment based on the individual case.",Sonography has no place in the diagnosis of undescended testis.,9.55,17.61,18.6,-8.059999999999999,0.054054054054054,661,,0.852121889591217
pubmedqa,high,high,True,actual,Should prostate specific antigen be adjusted for body mass index?,"Yes, prostate specific antigen (PSA) levels should be considered in the context of body mass index (BMI). Research indicates that obesity may lead to lower PSA levels due to a phenomenon known as hemodilution, where increased blood volume in obese individuals dilutes the concentration of PSA in the serum. Therefore, when interpreting PSA levels, especially in men with elevated BMI, it may be prudent to adjust for body mass index to avoid misinterpretation of PSA results. This adjustment is particularly relevant in clinical settings to ensure accurate assessment of prostate health and to distinguish between benign conditions and potential malignancies.","Consistent with prior studies, we found an inverse relationship between obesity and serum prostate specific antigen. However, the magnitude of the difference was small. Thus, adjusting prostate specific antigen for body mass index does not appear warranted.",12.501081081081086,16.11,16.83,-3.6089189189189135,0.1605839416058394,598,,0.8601472973823547
pubmedqa,high,medium,False,actual,Do foreign bodies migrate through the body towards the heart?,"No, foreign bodies do not migrate through the body towards the heart. When a foreign object gets lodged in the body, it usually stays in the place where it got stuck unless it is removed. For example, in the context of the esophagus, foreign bodies most commonly get stuck at specific points, like where the esophagus is narrow or where it bends. 

If you have more questions about how the body handles foreign objects or any other health-related topics, feel free to ask!","The study allows us to determine that FB can move through the body but not towards the heart. The study also serves as a warning sign: in cases of prolonged histories of FB ingestion, imaging studies are mandatory before endoscopic examination.",12.551341463414635,9.99,10.69,2.561341463414635,0.144,440,,0.8502954840660095
pubmedqa,high,high,True,actual,Does the manic/mixed episode distinction in bipolar disorder patients run true over time?,"The question regarding whether the manic/mixed episode distinction in bipolar disorder patients runs true over time is addressed in the context of a study that observed the distribution of manic and mixed episodes over an 11-year period. The study involved 1,224 episodes from 241 patients who had three or more entries in a community mental health center's management information system. The authors aimed to compare the observed distribution of these episodes to an expected distribution, which was determined by averaging.

While the specific results of the study are not detailed in the provided context, the implication is that the authors were investigating the stability of the manic and mixed episode classifications over time. The distinction between manic and mixed episodes is clinically significant, as it can influence treatment strategies and prognostic considerations in bipolar disorder. If the distinction holds true over time, it suggests that patients consistently exhibit either manic or mixed episodes rather than fluctuating between classifications.

In summary, the study sought to determine the temporal reliability of the manic/mixed episode distinction in bipolar disorder, indicating that the authors were interested in understanding whether these classifications remain consistent throughout the course of the illness in patients.",These data suggest a pattern of diagnostic stability over time for manic and mixed episodes in patients with bipolar disorder. Careful prospective studies of this issue are needed.,11.784285714285716,17.97,19.0,-6.185714285714283,0.1217391304347826,547,,0.8627627491950989
pubmedqa,high,high,True,actual,Is aneurysm repair justified for the patients aged 80 or older after aneurysmal subarachnoid hemorrhage?,"The context provided indicates that there is currently no comparative study examining the outcomes of elderly patients aged 80 or older who undergo definitive treatment for aneurysmal subarachnoid hemorrhage (aSAH) versus those who receive conservative management. Given the increasing incidence of aSAH in the aging population, the question of whether aneurysm repair is justified in this demographic remains complex and unresolved.

While definitive surgical intervention, such as clipping or coiling of the aneurysm, may offer potential benefits in preventing rebleeding and improving outcomes, the risks associated with surgery in elderly patients—such as increased morbidity and mortality—must also be carefully considered. The absence of specific data on this age group means that clinical decision-making should be individualized, taking into account the patient's overall health status, comorbidities, functional capacity, and personal preferences.

In summary, without robust evidence to support the efficacy and safety of aneurysm repair in patients aged 80 or older following aSAH, it is difficult to definitively justify such interventions. Further research is needed to establish clear guidelines for this population.","Better prognosis was obtained when ruptured aneurysm was repaired in the elderly than it was treated conservatively. From the results of this study, we should not hesitate to offer the definitive surgery for the elderly with aSAH.",11.397972972972973,19.26,20.11,-7.862027027027029,0.1226415094339622,721,,0.8580856919288635
pubmedqa,high,medium,False,actual,Do cytokines have any role in epilepsy?,"Cytokines are small proteins that are important for cell signaling in the immune system. They help regulate inflammation and immune responses. While the context you provided does not directly mention epilepsy, research has shown that cytokines can play a role in various neurological conditions, including epilepsy.

In epilepsy, some studies suggest that certain cytokines may influence the development and severity of seizures. For example, inflammation in the brain can lead to changes in how neurons (the cells that send signals in the brain) function, which can trigger seizures.

So, to answer your question: Yes, cytokines can have a role in epilepsy by affecting inflammation and neuronal activity, but the specific details about their role would depend on further research and context.",We found increased post-ictal serum cytokine levels in patients with several epilepsy syndromes.,12.172307692307694,12.85,14.55,-0.6776923076923058,0.0592592592592592,553,,0.8421165347099304
pubmedqa,high,clinical,False,actual,Does a well developed collateral circulation predispose to restenosis after percutaneous coronary intervention?,"Yes, well-developed collateral circulation can predispose to restenosis after percutaneous coronary intervention (PCI). While collateral vessels may provide some degree of myocardial perfusion in the presence of significant coronary artery disease, their presence can also lead to altered hemodynamics and increased shear stress at the site of the intervention. This can promote neointimal hyperplasia, a key mechanism underlying restenosis. Additionally, the presence of collateral circulation may indicate a more advanced stage of coronary artery disease, which is associated with a higher likelihood of restenosis following PCI. Therefore, while collateral circulation can be beneficial in terms of myocardial protection, it may also contribute to adverse outcomes such as restenosis.",A well developed collateral circulation does not predict an increased risk of restenosis after PCI.,11.500000000000004,17.75,18.03,-6.2499999999999964,0.1290322580645161,604,,0.8787403106689453
pubmedqa,high,high,True,actual,Does obstructive sleep apnea affect aerobic fitness?,"Yes, obstructive sleep apnea (OSA) does affect aerobic fitness. The context indicates that a study was conducted to evaluate whether patients with OSA exhibited an objective change in aerobic fitness, specifically measured by maximum oxygen consumption (VO2max) during cycle ergometry tests. The findings from this retrospective cohort analysis, which included 247 patients with OSA compared to a normal control group, suggest that individuals with OSA may experience a decline in aerobic fitness relative to those without the condition. This decline can be attributed to the intermittent hypoxia and sleep fragmentation characteristic of OSA, which can impair cardiovascular function and overall physical performance.","Overall, in a US Air Force population, OSA does not predict a decrease in aerobic fitness as measured by cycle ergometry. However, patients with an apnea-hypopnea index of greater than 20 have a statistically significant decrease in aerobic fitness compared to the normal population. This study demonstrates the effects of OSA on aerobic fitness. Further correlation of fitness testing results with OSA severity and treatment is needed.",12.957425373134331,18.19,19.03,-5.23257462686567,0.2705882352941177,432,,0.8803879022598267
pubmedqa,high,clinical,False,actual,Is cardiovascular evaluation necessary prior to and during beta-blocker therapy for infantile hemangiomas?,"Yes, cardiovascular evaluation is necessary prior to and during beta-blocker therapy for infantile hemangiomas. This is particularly important due to the potential for systemic effects associated with beta-blockers, such as bradycardia and hypotension. Monitoring cardiovascular status ensures that any adverse effects can be promptly identified and managed. Additionally, baseline assessments can help gauge the infant's response to therapy and facilitate adjustments as needed.",Pretreatment ECG is of limited value for patients with an unremarkable cardiovascular history and a normal heart rate and blood pressure. Hypotension may occur during treatment.,12.626153846153848,17.15,16.22,-4.523846153846151,0.1304347826086956,495,,0.8523452281951904
pubmedqa,high,high,True,actual,Volume change of uterine myomas during pregnancy: do myomas really grow?,"Uterine myomas, also known as fibroids, are benign tumors composed of smooth muscle and fibrous tissue that can vary in size and number. During pregnancy, hormonal changes, particularly increased levels of estrogen and progesterone, can influence the growth of these myomas. 

Research indicates that myomas may indeed grow during pregnancy, particularly in the first and second trimesters, due to the heightened levels of these hormones. However, the degree of growth can vary significantly among individuals. Some women may experience substantial enlargement of their myomas, while others may see little to no change. 

In some cases, myomas can also undergo degeneration or calcification, especially if they outgrow their blood supply, which can lead to complications such as pain or pressure symptoms. It is important for pregnant women with known myomas to be monitored closely, as the presence of large or multiple fibroids can influence labor and delivery, potentially complicating the process.

In summary, while uterine myomas can grow during pregnancy due to hormonal influences, the extent of growth is variable, and individual monitoring is essential to manage any associated risks.","Contrary to common belief, we found that uterine myomas commonly decrease in volume over the course of pregnancy.",12.407777777777778,14.96,15.58,-2.5522222222222233,0.0609137055837563,770,,0.8522352576255798
pubmedqa,high,high,True,actual,Does rural or urban residence make a difference to neonatal outcome in premature birth?,"Based on the context provided, the study investigates whether there is a difference in neonatal outcomes for very premature infants born to mothers residing in rural areas compared to those in urban areas in New South Wales (NSW) and the Australian Capital Territory (ACT). The hypothesis suggests that rural residents may face disadvantages in accessing tertiary health care, which could potentially lead to poorer outcomes for premature infants.

Therefore, the answer to the question ""Does rural or urban residence make a difference to neonatal outcome in premature birth?"" is likely **yes**, as the context implies that the disparities in access to healthcare services between rural and urban settings could influence neonatal outcomes.",Premature births from rural mothers have a higher risk of stillbirth and mortality in neonatal intensive care than urban infants.,13.450000000000005,16.93,17.69,-3.479999999999995,0.0909090909090909,429,,0.8639293313026428
pubmedqa,high,medium,False,actual,MR arthrography of the shoulder: do we need local anesthesia?,"MR arthrography is a special type of MRI (Magnetic Resonance Imaging) that helps doctors look at the shoulder joint in detail. During this procedure, a contrast dye is injected into the shoulder joint to make the images clearer. 

Whether or not local anesthesia is needed depends on the patient's comfort level and the doctor's preference. Local anesthesia numbs the area where the injection will be given, which can help reduce pain or discomfort during the procedure. 

In many cases, local anesthesia is used for MR arthrography to make the experience more comfortable for the patient. However, some patients may not need it if they can tolerate the injection without much discomfort. 

So, in summary, local anesthesia is often used during MR arthrography of the shoulder to help with pain management, but it is not always necessary. It’s best to discuss this with the healthcare provider performing the procedure.","Local anesthesia is not required to lower a patient's pain intensity when applying intra-articular contrast media for MR arthrography of the shoulder. This could result in reduced costs and a reduced risk of adverse reactions, without an impact on patient comfort.",13.990365853658538,11.72,14.19,2.2703658536585376,0.134020618556701,714,,0.8631280064582825
pubmedqa,high,medium,False,actual,SPECT study with I-123-Ioflupane (DaTSCAN) in patients with essential tremor. Is there any correlation with Parkinson's disease?,"The answer to the question about the SPECT study with I-123-Ioflupane (DaTSCAN) in patients with essential tremor and its correlation with Parkinson's disease is **A: yes**. 

To explain further, a SPECT study is a type of imaging test that helps doctors see how blood flows to the brain and can show how well certain brain areas are working. I-123-Ioflupane (DaTSCAN) is a specific type of radioactive substance used in this test to look at dopamine transporters in the brain. Dopamine is a chemical that helps control movement, and its loss is a key feature in Parkinson's disease.

Essential tremor is a condition that causes shaking, but it is different from Parkinson's disease. However, studies have shown that there can be some overlap in symptoms and brain changes between the two conditions. Therefore, the SPECT study can help doctors understand if a patient with essential tremor may also have signs of Parkinson's disease.","Our results do not support the hypothesis of a link between essential tremor and Parkinson's disease. However, it appears that ET patients have a small degree of striatal dopaminergic degeneration. If this is due to alterations in the nigrostriatl pathway or of other origin it is not clear. Follow-up studies of essential tremor patients are warranted to assess progression of disease and to understand better the possible cause for striatal dopaminergic degeneration.",13.063333333333333,11.04,13.26,2.0233333333333334,0.1794871794871795,723,,0.8398042917251587
pubmedqa,high,high,True,actual,Does combining antiretroviral agents in a single dosage form enhance quality of life of HIV/AIDS patients?,"Combining antiretroviral agents in a single dosage form can significantly enhance the quality of life for patients living with HIV/AIDS. This approach, often referred to as fixed-dose combination therapy, offers several advantages:

1. **Adherence Improvement**: Simplifying the treatment regimen by combining multiple antiretroviral agents into a single pill can improve adherence to the medication schedule. Patients are more likely to take their medications consistently when they have fewer pills to manage, which is crucial for maintaining viral suppression and preventing drug resistance.

2. **Reduced Pill Burden**: Many patients with HIV/AIDS face the challenge of polypharmacy, which can lead to confusion and non-adherence. A single dosage form reduces the number of pills taken daily, making it easier for patients to incorporate their medication into their daily routines.

3. **Enhanced Efficacy**: Fixed-dose combinations often include drugs with complementary mechanisms of action, which can lead to more effective viral suppression. This is particularly important in cases where patients may have experienced treatment failure with previous regimens, as seen in the context of the 37-year-old woman whose CD4 count decreased and viral load increased despite ongoing treatment.

4. **Improved Tolerability**: Combining medications can also lead to a more favorable side effect profile. When drugs are combined, it may be possible to use lower doses of each agent, potentially reducing the incidence and severity of adverse effects.

5. **Streamlined Monitoring**: With a simplified regimen, healthcare providers","Although the cost-effectiveness of a single-pill strategy was within the acceptable willingness-to-pay threshold, the QALY difference were minimal. Further research is recommended to explore the long-term impact of the strategy.",13.860000000000005,14.82,15.79,-0.9599999999999956,0.0879120879120879,753,,0.8176348209381104
pubmedqa,high,high,True,actual,Preoperative platelet count in esophageal squamous cell carcinoma: is it a prognostic factor?,"The preoperative platelet count in esophageal squamous cell carcinoma (ESCC) has been studied as a potential prognostic factor, although its significance can vary based on the context of the disease and the overall clinical picture. Elevated platelet counts, or thrombocytosis, have been associated with poorer outcomes in various malignancies, including ESCC. This may be attributed to the role of platelets in tumor progression, angiogenesis, and metastasis.

Conversely, low platelet counts (thrombocytopenia) can also indicate advanced disease, bone marrow involvement, or the effects of systemic therapies, which may negatively impact prognosis. However, the prognostic value of platelet count alone is not universally accepted and should be interpreted in conjunction with other clinical parameters such as tumor stage, lymph node involvement, and overall patient health.

In summary, while preoperative platelet count may provide some insights into prognosis in esophageal squamous cell carcinoma, it should not be relied upon as a standalone prognostic factor. A comprehensive evaluation that includes multiple clinical and pathological factors is essential for accurate prognostication and treatment planning.","Preoperative platelet count is a predictive factor for long-term survival in ESCC, especially in nodal-positive patients. We conclude that 205 ( 10(9)/L) may be the optimum cutoff point for platelet count in predicting survival in ESCC patients.",12.735555555555557,17.43,18.09,-4.694444444444443,0.1339712918660287,561,,0.8483914136886597
pubmedqa,high,clinical,False,actual,Is non-HDL-cholesterol a better predictor of long-term outcome in patients after acute myocardial infarction compared to LDL-cholesterol?,"Non-HDL cholesterol is increasingly recognized as a more comprehensive predictor of cardiovascular risk compared to LDL cholesterol, particularly in the context of acute myocardial infarction (AMI). While LDL cholesterol has traditionally been the primary target for lipid-lowering therapy, non-HDL cholesterol encompasses all atherogenic lipoproteins, including very-low-density lipoprotein (VLDL) and intermediate-density lipoprotein (IDL), which may contribute to cardiovascular events.

In patients post-AMI, elevated non-HDL cholesterol levels have been associated with worse long-term outcomes, including recurrent myocardial infarction and overall mortality. This is due to its reflection of the total burden of atherogenic particles, which can provide a better assessment of a patient's lipid-related risk profile.

Furthermore, studies have shown that non-HDL cholesterol levels correlate more closely with inflammatory markers and other risk factors associated with atherosclerosis, making it a potentially superior prognostic marker in this population. Therefore, in the context of long-term outcomes after acute myocardial infarction, non-HDL cholesterol may indeed serve as a better predictor compared to LDL cholesterol alone. 

In summary, while both lipid parameters are important, non-HDL cholesterol offers a broader insight into cardiovascular risk and may be a more reliable prognostic indicator in patients following an acute myocardial infarction.","Non-attaining non-HDL-C goal predicted MACE at long-term follow-up after AMI whereas non-attaining LDL-C goal was not associated with the higher risk. Therefore, non-HDL-C may be a more suitable target of dyslipidemia treatment than LDL-C in patients after AMI.",12.625263157894736,21.6,20.27,-8.974736842105266,0.1411764705882353,728,,0.8464369773864746
pubmedqa,high,clinical,False,actual,Does SYNTAX score predict in-hospital outcomes in patients with ST elevation myocardial infarction undergoing primary percutaneous coronary intervention?,"A: yes

The SYNTAX score has been shown to predict in-hospital outcomes in patients with ST elevation myocardial infarction (STEMI) undergoing primary percutaneous coronary intervention (PCI). Higher SYNTAX scores correlate with increased risk of adverse events, including mortality and major complications, thereby serving as a valuable prognostic tool in this patient population.",SxS is a useful tool that can predict in-hospital outcomes of patients with STEMI undergoing pPCI.,11.3,19.51,19.29,-8.21,0.2571428571428572,518,,0.8734884262084961
pubmedqa,high,low,False,actual,Storage of vaccines in the community: weak link in the cold chain?,"Yes, the storage of vaccines in the community can be a weak link in the cold chain. The cold chain is a way to keep vaccines at the right temperature so they stay safe and work well. If vaccines are not stored properly, they can lose their strength and not protect people. This is important for keeping everyone healthy, especially young children.","Vaccines were exposed to temperatures that may reduce their potency. Safe storage of vaccines in the clinics cannot be ensured without adhering to the recommended guidelines. Provision of adequate equipment and training for staff in maintaining the ""cold chain"" and the use and care of equipment are important components of a successful immunisation programme.",12.18925925925926,6.44,10.13,5.749259259259259,0.2413793103448275,344,,0.8735554814338684
pubmedqa,high,clinical,False,actual,Does age moderate the effect of personality disorder on coping style in psychiatric inpatients?,"The question regarding whether age moderates the effect of personality disorder on coping style in psychiatric inpatients is not directly addressed by the clinical scenarios provided. However, we can infer some relevant considerations based on existing literature in psychiatric research.

Personality disorders can significantly influence coping mechanisms, as individuals with certain personality traits may exhibit maladaptive coping styles. Age may play a moderating role in this relationship, as developmental factors and life experiences can impact both personality traits and coping strategies. For instance, younger individuals may demonstrate more impulsive or maladaptive coping strategies due to less life experience, while older individuals may have developed more adaptive coping mechanisms over time.

In psychiatric inpatients, the interplay between age and personality disorder could manifest in various ways. Older patients may have a greater capacity for emotional regulation and problem-solving skills, potentially leading to more effective coping strategies. Conversely, younger patients with personality disorders may struggle more with stress and exhibit less effective coping due to their developmental stage.

In conclusion, while the provided clinical contexts do not specifically address the moderating effect of age on coping styles in patients with personality disorders, existing literature suggests that age could indeed moderate this relationship, with older individuals potentially exhibiting more adaptive coping strategies compared to younger individuals with similar personality disorders. Further empirical research would be necessary to elucidate the specifics of this interaction.",This study found that influences on coping were multifactorial and moderated by age. These factors have implications for interventions designed to enhance coping strategies.,13.181666666666665,19.29,19.88,-6.108333333333334,0.0784313725490196,728,,0.8399032354354858
pubmedqa,high,medium,False,actual,Convulsions and retinal haemorrhage: should we look further?,"Based on the context provided, convulsions (which are seizures) and retinal hemorrhage (bleeding in the eye) can be serious symptoms that may indicate an underlying health issue. While the information given does not directly address these specific symptoms, it's important to consider what they could mean.

1. **Convulsions**: These can happen for various reasons, including brain injuries, infections, or tumors. In the case of a brain tumor, like the one mentioned in the context of the 54-year-old female, it could lead to seizures if the tumor is affecting certain areas of the brain.

2. **Retinal Hemorrhage**: This refers to bleeding in the retina, which can occur due to various conditions, including high blood pressure, diabetes, or trauma. In some cases, it can also be associated with neurological issues.

Given these symptoms, it would be wise to look further into the patient's condition. This could involve:

- **Imaging tests**: Such as a CT scan or MRI to check for any brain abnormalities or tumors.
- **Blood tests**: To look for underlying conditions that may cause seizures or bleeding.
- **Neurological examination**: To assess brain function and determine if there are any other symptoms that need attention.

In summary, yes, convulsions and retinal hemorrhage are concerning symptoms, and further investigation is recommended to understand their cause and ensure appropriate treatment.","Retinal haemorrhages following a convulsive episode are rare. Such a finding should trigger an extensive search for other reasons, including child abuse.",10.690909090909091,12.34,14.81,-1.6490909090909085,0.0497925311203319,773,,0.8333243131637573
pubmedqa,high,clinical,False,actual,Can distal ureteral diameter predict reflux resolution after endoscopic injection?,"The question regarding whether distal ureteral diameter can predict reflux resolution after endoscopic injection pertains to the assessment of vesicoureteral reflux (VUR) and its management. While the provided contexts do not directly address this specific inquiry, existing literature suggests that distal ureteral diameter may have some correlation with reflux resolution outcomes post-endoscopic injection of bulking agents.

In general, a larger distal ureteral diameter may indicate a more significant anatomical abnormality or a higher likelihood of persistent reflux, while a normal or smaller diameter may suggest a better chance of resolution following intervention. However, the relationship is not strictly predictive, as other factors such as the degree of reflux, bladder compliance, and the presence of any associated anomalies also play critical roles in determining the success of endoscopic treatment.

To summarize, while distal ureteral diameter may provide some insight into the likelihood of reflux resolution after endoscopic injection, it should not be used in isolation as a predictive measure. A comprehensive assessment considering multiple anatomical and functional parameters is essential for accurately predicting outcomes in patients undergoing this procedure.",UDR provides an objective measurement of VUR and appears as a predictive tool of success after endoscopic injection.,13.063333333333333,21.24,21.19,-8.176666666666666,0.1015228426395939,762,,0.8424691557884216
pubmedqa,clinical,clinical,True,actual,Pharmacologic regimens for knee osteoarthritis prevention: can they be cost-effective?,"The context provided does not directly address pharmacologic regimens for knee osteoarthritis prevention or their cost-effectiveness. However, based on existing clinical knowledge, the cost-effectiveness of pharmacologic interventions for knee osteoarthritis can be influenced by several factors, including the efficacy of the medications, the severity of the disease, patient adherence to treatment, and overall healthcare costs associated with managing osteoarthritis complications.

Common pharmacologic options for knee osteoarthritis include non-steroidal anti-inflammatory drugs (NSAIDs), acetaminophen, topical analgesics, and intra-articular corticosteroid injections. The cost-effectiveness of these treatments can be evaluated through health economic analyses that consider the quality-adjusted life years (QALYs) gained versus the costs incurred.

In general, while some pharmacologic regimens may demonstrate efficacy in symptom relief and functional improvement, their cost-effectiveness can vary widely based on individual patient factors, the specific treatment regimen, and the healthcare system in question. Therefore, a thorough economic evaluation is necessary to determine the cost-effectiveness of pharmacologic regimens for knee osteoarthritis prevention in a specific population. 

In summary, while pharmacologic regimens for knee osteoarthritis can be effective, their cost-effectiveness is contingent upon various clinical and economic factors that require careful analysis.",The cost-effectiveness of DMOADs for OA prevention for persons at high risk for incident OA may be comparable to other accepted preventive therapies.,14.927826086956523,22.88,21.83,-7.952173913043476,0.0825688073394495,675,,0.8356755375862122
pubmedqa,clinical,clinical,True,actual,Does high-dose radiotherapy benefit palliative lung cancer patients?,"Yes, high-dose radiotherapy can benefit palliative lung cancer patients. In palliative care settings, high-dose radiotherapy is often utilized to alleviate symptoms such as pain, dyspnea, and hemoptysis associated with lung cancer. This approach can provide significant symptomatic relief and improve the quality of life for patients with advanced disease. Additionally, studies have shown that high-dose radiotherapy can be effective in controlling local tumor growth, which may further contribute to symptom management. However, treatment plans should be individualized based on the patient's overall health status, performance status, and specific symptomatology.","The palliative treatment concept of 25 Gy applied in 5 fractions is sufficient for radiation of lung cancer, given that there was no obvious survival improvement in patients treated with the higher total dose regimen.",18.625714285714285,15.88,15.9,2.745714285714284,0.1406249999999999,351,,0.8528556227684021
pubmedqa,clinical,clinical,True,actual,Does normothermic normokalemic simultaneous antegrade/retrograde perfusion improve myocardial oxygenation and energy metabolism for hypertrophied hearts?,"The context provided indicates that normothermic normokalemic simultaneous antegrade/retrograde perfusion (NNSP) is being investigated for its potential benefits in improving myocardial oxygenation and energy metabolism specifically for hypertrophied hearts during beating-heart valve surgery. While the technique appears promising in enhancing myocardial perfusion, the definitive effects of NNSP on myocardial oxygenation and energy metabolism remain unclear as per the study referenced. Therefore, without conclusive evidence from the study, it cannot be definitively stated that NNSP improves myocardial oxygenation and energy metabolism for hypertrophied hearts. Further research is necessary to elucidate these effects.","Normothermic normokalemic simultaneous antegrade/retrograde perfusion did not improve, but slightly impaired myocardial oxygenation and energy metabolism of beating hypertrophied hearts relative to NNAP. Therefore, NNSP for protection of beating hypertrophied hearts during valve surgery should be used with extra caution.",17.285,20.9,20.74,-3.6149999999999984,0.2835820895522388,580,,0.902941644191742
pubmedqa,clinical,high,False,actual,Is serum total bilirubin useful to differentiate cardioembolic stroke from other stroke subtypes?,"Serum total bilirubin levels are not typically utilized as a diagnostic tool to differentiate between cardioembolic stroke and other stroke subtypes. While bilirubin is a byproduct of hemoglobin breakdown and can indicate liver function or hemolysis, its levels do not provide specific information regarding the etiology of a stroke.

Cardioembolic strokes are caused by emboli originating from the heart, often due to conditions such as atrial fibrillation or myocardial infarction, leading to occlusion of cerebral arteries. In contrast, other stroke subtypes, such as ischemic strokes due to atherosclerosis or hemorrhagic strokes, have different underlying mechanisms and risk factors.

Diagnostic differentiation between stroke subtypes is primarily achieved through neuroimaging techniques, such as CT or MRI, which can visualize the presence of ischemia or hemorrhage, and through clinical assessment of risk factors and symptoms. Therefore, while bilirubin levels may provide some information about a patient’s overall health or liver function, they do not serve as a reliable marker for distinguishing between cardioembolic and other stroke types.",Serum TB level was independently associated with cardioembolic stroke. The combination of clinical data and serum TB may be a feasible strategy to diagnose cardioembolic stroke in the acute phase.,14.646666666666672,17.81,18.06,-3.163333333333327,0.123076923076923,679,,0.8421890139579773
pubmedqa,clinical,high,False,actual,Do somatic complaints predict subsequent symptoms of depression?,"The context provided does not directly address the relationship between somatic complaints and subsequent symptoms of depression. However, existing literature in psychosomatic medicine suggests that somatic complaints can indeed predict the onset or exacerbation of depressive symptoms. 

Somatic complaints, which refer to physical symptoms that may not have a clear medical cause, can be indicative of underlying psychological distress. Research has shown that individuals presenting with unexplained physical symptoms are at a higher risk for developing mood disorders, including depression. This relationship may be due to several factors, including the stress of dealing with chronic pain or illness, the impact of physical symptoms on daily functioning, and the potential for these complaints to lead to feelings of helplessness or hopelessness.

In summary, while the provided context does not explicitly address this question, there is substantial evidence in the literature to support the notion that somatic complaints can serve as predictors for subsequent symptoms of depression.","Our findings suggest that somatic complaints may represent one, but not necessarily the most important, risk factor for the subsequent development of depressive symptoms in women in nonclinical populations. The results also highlight the importance of including social variables in studies on women's depression as well as conducting additional research to further examine predictors of depressive symptoms in men.",19.515000000000004,17.02,18.77,2.4950000000000045,0.1767441860465116,505,,0.8570612072944641
pubmedqa,clinical,high,False,actual,Are physician estimates of asthma severity less accurate in black than in white patients?,"The question of whether physician estimates of asthma severity are less accurate in Black patients compared to White patients is an important one, particularly in the context of health disparities. The provided context suggests that racial differences in asthma care cannot be fully attributed to socioeconomic factors, access to care, or insurance status. This indicates that there may be inherent biases or inaccuracies in how physicians assess asthma severity based on the patient's racial background.

While the context does not provide direct evidence or data to conclusively answer the question, it does imply a hypothesis that physician underestimation of asthma severity may be more prevalent in Black patients than in White patients. This underestimation could lead to inadequate treatment and management of asthma, contributing to disparities in health outcomes.

In summary, while the context raises the possibility of less accurate physician estimates of asthma severity in Black patients compared to White patients, it does not provide definitive evidence. Further research would be necessary to explore this hypothesis and understand the underlying factors contributing to any observed differences in assessment accuracy.",Biased estimates of asthma severity may contribute to racially disparate asthma care. Interventions to improve physicians' assessments of asthma severity and patient-physician communication may minimize racial disparities in asthma care.,17.793333333333333,17.65,17.77,0.1433333333333344,0.1792452830188679,724,,0.87283855676651
pubmedqa,clinical,clinical,True,actual,Are lower fasting plasma glucose levels at diagnosis of type 2 diabetes associated with improved outcomes?,"Lower fasting plasma glucose levels at the time of diagnosis of type 2 diabetes are generally associated with improved outcomes. This correlation can be attributed to several factors:

1. **Metabolic Memory**: Patients diagnosed with lower fasting plasma glucose levels may have a less advanced form of the disease, which can lead to better long-term glycemic control and a reduced risk of microvascular and macrovascular complications.

2. **Insulin Sensitivity**: Lower fasting glucose levels often indicate better insulin sensitivity at diagnosis. This can facilitate more effective management of blood glucose levels through lifestyle modifications and pharmacotherapy, potentially leading to better overall metabolic health.

3. **Reduced Risk of Complications**: Early intervention in patients with lower fasting glucose levels can prevent the progression of the disease and reduce the risk of complications such as neuropathy, nephropathy, and retinopathy.

4. **Treatment Response**: Patients with lower fasting plasma glucose levels may respond better to first-line therapies, such as metformin, which can further improve glycemic control and reduce the risk of progression to insulin dependence.

In summary, lower fasting plasma glucose levels at diagnosis of type 2 diabetes are associated with a more favorable prognosis and improved clinical outcomes, emphasizing the importance of early detection and management of the disease.","People presenting with type 2 diabetes with lower initial glycemia who may be earlier in the course of their disease had fewer adverse clinical outcomes despite similar glycemic progression. Since most such people are asymptomatic at diagnosis, active case detection programs would be required to identify them.",15.6686170212766,17.56,17.12,-1.891382978723399,0.119047619047619,698,,0.8369084000587463
pubmedqa,clinical,clinical,True,actual,The HELPP syndrome--evidence of a possible systemic inflammatory response in pre-eclampsia?,"HELLP syndrome, which stands for Hemolysis, Elevated Liver enzymes, and Low Platelets, is a severe complication associated with pre-eclampsia and eclampsia. It is characterized by a systemic inflammatory response that can lead to significant maternal and fetal morbidity and mortality.

In the context of pre-eclampsia, the systemic inflammatory response is evidenced by the following clinical and laboratory findings:

1. **Hemolysis**: This is indicated by elevated levels of lactate dehydrogenase (LDH) and the presence of schistocytes on peripheral blood smear. Hemolysis contributes to the inflammatory milieu and can lead to organ dysfunction.

2. **Elevated Liver Enzymes**: The elevation of liver enzymes (AST and ALT) is indicative of hepatic involvement and can reflect hepatic ischemia or microvascular damage due to the inflammatory process.

3. **Low Platelet Count**: Thrombocytopenia is a hallmark of HELLP syndrome and can be attributed to increased platelet consumption due to the inflammatory response and microangiopathic hemolysis.

The presence of these findings suggests a dysregulated immune response and endothelial dysfunction, which are central to the pathophysiology of pre-eclampsia and HELLP syndrome. Therefore, the evidence of a systemic inflammatory response in pre-eclampsia can be inferred from the clinical manifestations and laboratory abnormalities associated with HELLP syndrome. 

In summary, HELLP syndrome serves as a critical indicator of the systemic inflammatory response","We found an important renal damage, low platelets, elevated liver enzymes in women with two or more pregnancies. Then we propose there are similarities between HELLP syndrome and Systemic Inflammatory Response Syndrome (SIRS) because they could have the same pathophysiology.",14.040000000000004,16.48,17.01,-2.439999999999996,0.1102362204724409,754,,0.8286852836608887
pubmedqa,clinical,medium,False,actual,Stage I non-small cell lung carcinoma: really an early stage?,"Stage I non-small cell lung carcinoma (NSCLC) is considered an early stage of lung cancer. In this stage, the cancer is usually confined to the lungs and has not spread to nearby lymph nodes or other parts of the body. 

In Stage I, the tumor is typically small, and the chances of successful treatment, such as surgery or radiation, are higher compared to later stages. This is because the cancer has not advanced significantly, making it easier to remove or treat effectively. 

So, yes, Stage I non-small cell lung carcinoma is really considered an early stage of lung cancer, which is important for determining the best treatment options and improving the chances of recovery.","Despite advances in early diagnosis and surgical technique, 5-year survival of stage I non-small cell lung carcinoma remains low as compared to survival of other solid organ neoplasm. Tumour size<or=3cm, adenocarcinoma histologic type and negative bronchial resection margins were associated with a more favourable outcome in our patient population. More effective multimodality treatments are needed to increase survival rates.",16.880000000000006,12.24,13.97,4.640000000000006,0.1452513966480446,557,,0.8467711806297302
pubmedqa,clinical,clinical,True,actual,Can bedside assessment reliably exclude aspiration following acute stroke?,"Bedside assessment cannot reliably exclude aspiration following acute stroke. While bedside swallowing assessments, conducted by trained professionals such as doctors and speech-language therapists, can provide valuable initial information regarding a patient's swallowing ability, they are not definitive. The study context indicates that these assessments were performed on patients admitted within 24 hours of stroke onset, but aspiration may still occur even if the bedside assessment appears normal. 

To accurately diagnose aspiration, a more sensitive and specific evaluation, such as videofluoroscopy, is necessary. This imaging technique allows for direct visualization of swallowing mechanics and can identify aspiration that may not be detectable through bedside assessment alone. Therefore, while bedside assessments can be useful for initial screening, they should not be solely relied upon to exclude the risk of aspiration in patients post-stroke.","Bedside assessment of swallowing lacks the necessary sensitivity to be used as a screening instrument in acute stroke, but there are concerns about the use of videofluoroscopy as a gold standard. The relative importance of aspiration and bedside assessment in predicting complications and outcome needs to be studied.",15.157500000000002,16.89,17.88,-1.7324999999999982,0.1538461538461538,610,,0.8728265166282654
pubmedqa,clinical,clinical,True,actual,Are even impaired fasting blood glucose levels preoperatively associated with increased mortality after CABG surgery?,"Yes, impaired fasting blood glucose (IFG) levels preoperatively are associated with increased mortality after coronary artery bypass grafting (CABG) surgery. The evidence indicates that IFG, even below the diagnostic threshold for diabetes mellitus, correlates with macrovascular complications and heightened mortality risk following surgical interventions such as CABG. This association underscores the importance of assessing and managing glycemic levels in patients undergoing cardiac surgery to potentially improve postoperative outcomes.",The elevated risk of death after CABG surgery known previously to be associated with CDM seems also to be shared by a group of similar size that includes patients with IFG and undiagnosed DM.,16.75823529411765,21.01,20.89,-4.251764705882351,0.1176470588235294,592,,0.8533431887626648
pubmedqa,clinical,high,False,actual,Does the clinical presentation of a prior preterm birth predict risk in a subsequent pregnancy?,"The clinical presentation of a prior preterm birth is indeed a significant predictor of risk in subsequent pregnancies. Women who have experienced a preterm birth are at an increased risk of having another preterm birth in future pregnancies. This risk is multifactorial and can be influenced by various factors, including maternal health, obstetric history, and underlying medical conditions.

Research indicates that the recurrence risk of preterm birth can be as high as 30-50% in women with a history of one or more previous preterm deliveries. Factors such as the gestational age at which the previous preterm birth occurred, the presence of cervical insufficiency, and maternal lifestyle factors (such as smoking or inadequate prenatal care) can further modify this risk.

In clinical practice, the history of preterm birth is often taken into account when developing a management plan for subsequent pregnancies. This may include closer monitoring, lifestyle modifications, and potentially the use of interventions such as progesterone supplementation or cervical cerclage in high-risk cases.

In summary, a prior preterm birth is a strong predictor of increased risk for subsequent preterm births, necessitating careful consideration and management in future pregnancies.",Patients with a history of ACD are at an increased risk of having recurrent preterm birth and cervical shortening in a subsequent pregnancy compared with women with prior preterm birth associated PPROM or PTL.,17.799411764705884,15.98,17.69,1.8194117647058832,0.1785714285714285,695,,0.8632323145866394
pubmedqa,clinical,high,False,actual,Treadmill training post stroke: are there any secondary benefits?,"Treadmill training post-stroke can offer several secondary benefits beyond mere cardiovascular fitness. While the context provided does not directly address post-stroke rehabilitation, we can extrapolate from established literature on the subject.

1. **Improved Gait and Mobility**: Treadmill training can enhance walking speed and efficiency in stroke survivors. The repetitive nature of treadmill exercise allows for the practice of gait mechanics, which can help in retraining the brain and body to improve ambulation.

2. **Muscle Strength and Endurance**: Regular treadmill training can lead to increased muscle strength, particularly in the lower extremities. This is crucial for stroke survivors who may experience muscle weakness or spasticity.

3. **Neurological Recovery**: Engaging in treadmill training may promote neuroplasticity, which is the brain's ability to reorganize itself by forming new neural connections. This can be particularly beneficial in recovering motor function after a stroke.

4. **Cardiovascular Health**: Treadmill training can improve cardiovascular fitness, which is often compromised after a stroke. Enhanced cardiovascular health can lead to better overall physical performance and reduced risk of future cardiovascular events.

5. **Psychological Benefits**: Exercise, including treadmill training, has been associated with improved mood and reduced symptoms of depression and anxiety, which can be prevalent in stroke survivors.

6. **Balance and Coordination**: Treadmill training can also help improve balance and coordination, which are often affected following a stroke. This can contribute to greater","A task-specific intervention designed to improve gait speed may potentially provide secondary benefits by positively impacting depression, mobility and social participation for people post stroke.",21.063999999999997,14.84,14.99,6.223999999999997,0.0632411067193676,750,,0.8412203192710876
pubmedqa,clinical,clinical,True,actual,Are wandering and physically nonaggressive agitation equivalent?,"Wandering and physically nonaggressive agitation (PNA) are not equivalent concepts. The study referenced in the context indicates that the authors examined the equivalence of these two behaviors in individuals with dementia. While both behaviors may manifest in similar settings, they represent distinct clinical phenomena. Wandering typically refers to aimless or purposeless movement, often seen in individuals with cognitive impairments, whereas PNA encompasses a broader range of behaviors that may include restlessness or fidgeting without physical aggression. The study utilized a cross-sectional correlational design to analyze these behaviors in a population of ambulatory residents diagnosed with dementia, suggesting that further investigation is necessary to delineate the characteristics and underlying mechanisms of each behavior.","Findings depict wandering and PNA as overlapping, but nonequivalent phenomena. Evidence supporting construct validity of wandering was more robust than that for PNA. Results have implications for accuracy in scientific and clinical detection and labeling of wandering and agitation.",14.592820512820516,19.59,20.83,-4.9971794871794835,0.1184210526315789,478,,0.8470177054405212
pubmedqa,clinical,clinical,True,actual,Are there mental health differences between francophone and non-francophone populations in manitoba?,"Yes, there are mental health differences between Francophone and non-Francophone populations in Manitoba. The study indicates that Francophones may experience poorer mental health outcomes due to several factors, including social status, cultural differences in lifestyle and attitudes, and significant language barriers that can impede access to healthcare services. These barriers may lead to disparities in the utilization of mental health resources and overall health outcomes. The comparison of mental health indicators between these two populations highlights the need for targeted interventions that address these disparities and improve mental health support for Francophone individuals in Manitoba.",The discrepancy in how Francophones view their mental health and their rates of diagnosed mental disorders may be related to health seeking behaviours in the Francophone population. Community and government agencies should try to improve the mental health of this population through mental health promotion and by addressing language and cultural barriers to health services.,16.589545454545455,17.89,18.51,-1.3004545454545458,0.2251655629139072,571,,0.8913161754608154
pubmedqa,clinical,clinical,True,actual,Inpatient versus outpatient management of neutropenic fever in gynecologic oncology patients: is risk stratification useful?,"In the context of managing neutropenic fever in gynecologic oncology patients, risk stratification is indeed a useful tool. The decision to manage patients as inpatients or outpatients hinges on several clinical factors, including the severity of neutropenia, the presence of comorbidities, and the clinical status of the patient at presentation.

Patients with a neutrophil count of less than 500 cells/mm³ and those who exhibit signs of sepsis, hemodynamic instability, or significant comorbidities typically warrant inpatient management due to the higher risk of complications and the need for close monitoring and aggressive intravenous antibiotic therapy. Conversely, patients who are afebrile, have a stable clinical status, and possess a neutrophil count above 500 cells/mm³ may be suitable for outpatient management, especially if they can be closely monitored and have access to prompt medical care if their condition deteriorates.

Utilizing risk stratification tools, such as the Multinational Association for Supportive Care in Cancer (MASCC) score, can aid in identifying low-risk patients who may be safely managed as outpatients. This approach not only optimizes resource utilization but also minimizes the psychological and physical burden of hospitalization on patients.

In summary, risk stratification is crucial in determining the appropriate management pathway for neutropenic fever in gynecologic oncology patients, facilitating tailored treatment that aligns with the patient's clinical risk profile.","Based on this pilot data, MASCC score appears promising in determining suitability for outpatient management of NF in gynecologic oncology patients. Prospective study is ongoing to confirm safety and determine impact on cost.",14.802575757575756,20.04,19.85,-5.237424242424243,0.0796812749003984,715,,0.8381153345108032
pubmedqa,clinical,high,False,actual,Has the use of complementary and alternative medicine therapies by U.S. adults with chronic disease-related functional limitations changed from 2002 to 2007?,"The use of complementary and alternative medicine (CAM) therapies by U.S. adults with chronic disease-related functional limitations has indeed changed from 2002 to 2007. According to data from various health surveys and studies conducted during this period, there was a notable increase in the utilization of CAM therapies among this population. 

Several factors contributed to this trend. Increased awareness and acceptance of CAM therapies, along with a growing body of research supporting their efficacy for certain conditions, may have encouraged individuals with chronic diseases to explore these options. Additionally, the rise of the internet and social media facilitated access to information about alternative treatments, leading to greater patient empowerment and decision-making regarding their health care.

Specifically, studies indicated that individuals with chronic conditions such as arthritis, back pain, and other functional limitations were more likely to incorporate CAM therapies, including acupuncture, herbal supplements, and mind-body practices like yoga and meditation, into their treatment regimens. 

In summary, from 2002 to 2007, there was an observable increase in the use of complementary and alternative medicine therapies among U.S. adults with chronic disease-related functional limitations, reflecting broader trends in health care seeking behavior and the integration of holistic approaches to health management.","Among U.S. adults with chronic disease-related functional limitations, the overall increase in CAM use from 2002 to 2007 was significant, particularly among those with changing and maintaining body position limitations.",20.103333333333335,16.93,18.36,3.1733333333333356,0.1687763713080168,803,,0.8722440004348755
pubmedqa,clinical,clinical,True,actual,Sub-classification of low-grade cerebellar astrocytoma: is it clinically meaningful?,"A: Yes.

The sub-classification of low-grade cerebellar astrocytoma is clinically meaningful as it provides prognostic information that can influence treatment decisions and patient management. The study aimed to identify prognostic factors for survival in children with cerebellar astrocytoma and evaluated the reproducibility and prognostic value of histological sub-classification and grading. This indicates that understanding the histological characteristics of these tumors can have significant implications for patient outcomes.","Discordant observations due to interobserver variability make histological sub-classification of low-grade cerebellar astrocytomas in children insufficient for predicting prognosis and biological behaviour. Similar survival rates in a population of paediatric low-grade cerebellar astrocytomas of grades I and II indicate that tumour grade has no prognostic significance within this group of patients. ""Surgically gross-total removal"", especially if the tumour is located in the fourth ventricle is o",18.675401234567904,20.42,19.95,-1.744598765432098,0.2420382165605095,493,,0.8795731067657471
pubmedqa,clinical,clinical,True,actual,Does limb-salvage surgery offer patients better quality of life and functional capacity than amputation?,"Limb-salvage surgery has been shown to offer certain advantages over amputation in terms of quality of life and functional capacity, particularly for patients with aggressive lower extremity musculoskeletal tumors. While both treatment options can be effective, the subjective and objective benefits of limb-salvage surgery compared to above-knee amputation are not fully elucidated in the literature. 

Patients who undergo limb-salvage procedures often report improved functional outcomes, including better mobility and the ability to perform daily activities, which can contribute to an enhanced quality of life. However, the decision between limb-salvage surgery and amputation must be individualized, taking into account tumor characteristics, patient health status, and personal preferences. 

In summary, while limb-salvage surgery may provide better quality of life and functional capacity for some patients, the overall benefits can vary, and further comparative studies are necessary to establish definitive conclusions.","These data suggest that limb-salvage surgery offers better gait efficiency and return to normal living compared with above-knee amputation, but does not improve the patient's perception of quality of life.",17.350000000000005,20.74,21.55,-3.3899999999999935,0.1807909604519773,623,,0.8834240436553955
pubmedqa,clinical,clinical,True,actual,Does preoperative anemia adversely affect colon and rectal surgery outcomes?,"Preoperative anemia has been shown to adversely affect outcomes in colon and rectal surgery. Studies indicate that patients with anemia prior to surgical intervention are at an increased risk for postoperative complications, including infection, longer hospital stays, and increased morbidity and mortality. Anemia can impair oxygen delivery to tissues, which is critical for wound healing and recovery. Additionally, it may lead to a higher likelihood of requiring blood transfusions during or after surgery, further complicating the clinical course.

In the context of colon and rectal surgery, it is essential to identify and manage preoperative anemia to optimize surgical outcomes. This may involve iron supplementation, erythropoiesis-stimulating agents, or blood transfusions, depending on the severity and underlying cause of the anemia. Therefore, addressing preoperative anemia is a critical component of perioperative care in patients undergoing colon and rectal procedures.",This large multicenter database analysis suggests that the presence of severe and moderate and even mild preoperative anemia is an independent risk factor for complications and a longer hospital stay after colon surgery.,21.595151515151517,17.88,18.24,3.7151515151515184,0.1403508771929824,643,,0.8649336695671082
pubmedqa,medium,medium,True,upper_bound,Can infundibular height predict the clearance of lower pole calyceal stone after extracorporeal shockwave lithotripsy?,"The question about whether infundibular height can predict the clearance of lower pole calyceal stones after extracorporeal shockwave lithotripsy (ESWL) is not directly addressed in the information provided. However, I can explain some terms and concepts to help you understand the topic better.

**Extracorporeal Shockwave Lithotripsy (ESWL)**: This is a non-invasive procedure used to break up kidney stones into smaller pieces so they can be passed more easily through the urinary tract.

**Infundibular Height**: This refers to the height of the infundibulum, which is a part of the kidney's drainage system. It connects the kidney's calyx (the area where urine collects) to the renal pelvis (the area that leads to the ureter). The size and shape of the infundibulum can affect how easily stones can pass through.

**Lower Pole Calyceal Stones**: These are kidney stones located in the lower part of the kidney's calyx. They can sometimes be more difficult to treat because of their location.

While infundibular height may play a role in how easily stones can be cleared after ESWL, the information provided does not specifically confirm or deny its predictive value. In general, studies in medical literature often explore how anatomical features like infundibular height can influence treatment outcomes, but you would need to look at specific research studies to find a definitive answer.

In summary, while",Lower Infundibular height could be a good measurement tool for deciding which patients with lower calyceal lithiasis would benefit from SWL treatment. Height of less than 22 mm suggests a good outcome from lithotripsy.,9.08705882352941,11.57,13.46,-2.4829411764705895,0.0697674418604651,769,,0.831762433052063
pubmedqa,medium,medium,True,upper_bound,Are failures of anterior cruciate ligament reconstruction associated with steep posterior tibial slopes?,"The question about failures of anterior cruciate ligament (ACL) reconstruction and their association with steep posterior tibial slopes is not directly answered in the context you provided. However, I can explain the concepts involved.

The anterior cruciate ligament is a key ligament in the knee that helps stabilize the joint. Reconstruction is a surgical procedure to repair a torn ACL. The ""posterior tibial slope"" refers to the angle of the tibia (the larger bone in the lower leg) where it meets the knee. A steeper slope can affect how forces are distributed across the knee during movement.

Research has shown that a steep posterior tibial slope can increase the risk of failure after ACL reconstruction. This is because it may lead to increased stress on the new ligament, making it more likely to tear again.

In summary, while the context provided does not directly address this question, studies suggest that there is a connection between steep posterior tibial slopes and higher failure rates in ACL reconstruction. If you have concerns about ACL surgery or recovery, it's best to discuss them with a healthcare professional.",Both medial and lateral PTS were significantly steeper in failures of ACLR than the control group. Medial or lateral PTS 5 was a new risk factor of ACLR failure.,8.78224137931035,11.21,13.35,-2.4277586206896515,0.0747663551401869,520,,0.8262210488319397
pubmedqa,medium,medium,True,upper_bound,Post-tonsillectomy late haemorrhage: is it a preferably night-time event?,"The context provided does not directly address the question about post-tonsillectomy late hemorrhage or whether it is more likely to happen at night. 

However, I can provide some general information on this topic. 

Post-tonsillectomy late hemorrhage refers to bleeding that occurs after a tonsillectomy (surgery to remove the tonsils), typically happening more than 24 hours after the surgery. This type of bleeding can occur at any time, but some patients may notice it more at night. This could be due to several factors, such as lying down, which can make it easier for blood to pool and be noticed.

If someone has had a tonsillectomy and experiences any bleeding, they should contact their healthcare provider immediately, regardless of the time of day. 

In summary, while late hemorrhage can happen at night, it is not exclusively a night-time event. It's important to monitor for any signs of bleeding after surgery and seek help if needed.","The incidence of post-tonsillectomy late haemorrhage in our study population was 1.78%. A statistically significant difference was found between night-time and day-time haemorrhages. Even though no significant distribution of haemorrhages per hour was observed, we underline that we recorded 32 (54.2%) events in 2 periods of the day: from 10 p.m. to 1 a.m. and from 6 to 9 a.m.",9.353333333333335,11.84,13.43,-2.4866666666666646,0.1061946902654867,743,,0.829139769077301
pubmedqa,medium,medium,True,upper_bound,Can folic acid protect against congenital heart defects in Down syndrome?,"Folic acid is a type of B vitamin that is important for many functions in the body, especially during pregnancy. It helps in the formation of DNA and is crucial for the growth and development of cells. 

Research has shown that taking folic acid before and during pregnancy can help reduce the risk of certain birth defects, including congenital heart defects. This is especially important for women who are at higher risk of having a baby with Down syndrome, as babies with Down syndrome often have a higher chance of congenital heart defects.

While the context you provided does not specifically mention folic acid or its effects on congenital heart defects in Down syndrome, the general consensus in medical research supports that folic acid can indeed help protect against these types of defects. Therefore, it is recommended for women who are planning to become pregnant or who are pregnant to take folic acid supplements to help reduce the risk of congenital heart defects, including in pregnancies where Down syndrome is a concern. 

In summary, yes, folic acid can help protect against congenital heart defects, which is important for pregnancies involving Down syndrome.",Our study does not show a protective effect of FA on heart anomalies among infants with DS.,9.781176470588235,14.65,14.76,-4.868823529411765,0.0478468899521531,671,,0.8372066020965576
pubmedqa,medium,medium,True,upper_bound,Is robotically assisted laparoscopic radical prostatectomy less invasive than retropubic radical prostatectomy?,"Yes, robotically assisted laparoscopic radical prostatectomy is less invasive than retropubic radical prostatectomy. 

To explain further, ""less invasive"" means that the procedure causes less damage to the body and usually involves smaller cuts (incisions). In a robotically assisted laparoscopic surgery, doctors use small instruments and a camera to perform the surgery through tiny openings in the skin. This typically leads to quicker recovery times and less pain compared to the retropubic radical prostatectomy, which involves a larger incision in the lower abdomen.",This study showed for the first time that RALP induces lower tissue trauma than RRP.,6.780000000000001,16.29,18.24,-9.509999999999998,0.0618556701030927,469,,0.8380619287490845
pubmedqa,medium,medium,True,upper_bound,Does hippocampal atrophy on MRI predict cognitive decline?,"Yes, hippocampal atrophy on an MRI can predict cognitive decline. The hippocampus is a part of the brain that is important for memory and learning. When it shrinks or shows signs of atrophy, it can indicate problems with these cognitive functions. 

In the context provided, the 46-year-old woman has been experiencing difficulties with multitasking and has impaired short-term memory, which suggests that her cognitive abilities are declining. The MRI findings of generalized atrophy, particularly in areas like the hippocampus, support the idea that there may be a link between the brain's physical changes and her cognitive issues. 

In summary, if an MRI shows atrophy in the hippocampus, it can be a sign that a person may experience memory problems or other cognitive declines in the future.",HCA was not found to be a predictor of subsequent cognitive decline in this series.,8.353333333333339,13.2,16.11,-4.8466666666666605,0.0689655172413793,677,,0.84268718957901
pubmedqa,medium,medium,True,upper_bound,PSA repeatedly fluctuating levels are reassuring enough to avoid biopsy?,"The question about whether fluctuating levels of PSA (Prostate-Specific Antigen) are reassuring enough to avoid a biopsy is not directly answered in the provided context. However, I can explain what PSA levels mean and how they relate to the decision for a biopsy.

PSA is a protein produced by both normal and cancerous prostate cells. Doctors often measure PSA levels in the blood to help detect prostate problems, including prostate cancer. 

Fluctuating PSA levels can sometimes be reassuring, especially if the changes are not significant or if they stay within a normal range. However, consistently high or rapidly increasing PSA levels might raise concerns and lead to further testing, including a biopsy. A biopsy is a procedure where a small sample of prostate tissue is taken to check for cancer.

In general, if PSA levels are fluctuating but remain low and stable, doctors may consider it safe to avoid a biopsy. However, if there are significant increases or if the levels are high, a biopsy might be recommended to rule out cancer.

It's important to discuss any concerns about PSA levels and the need for a biopsy with a healthcare provider, as they can give personalized advice based on individual health and risk factors.","Our study demonstrates no difference in PC detection rate at repeat biopsy between patients with flu or si-PSA levels. PSA Slope, PSAV and PSADT were not found helpful tools in cancer detection.",9.825,12.38,14.27,-2.5550000000000015,0.0669456066945606,698,,0.8172717690467834
pubmedqa,medium,medium,True,upper_bound,Serum angiotensin-converting enzyme and frequency of severe hypoglycaemia in Type 1 diabetes: does a relationship exist?,"The question about the relationship between serum angiotensin-converting enzyme (ACE) levels and the frequency of severe hypoglycemia in Type 1 diabetes is not directly addressed in the context provided. However, I can explain both concepts to help you understand them better.

**Angiotensin-Converting Enzyme (ACE):** This is an enzyme in the body that helps regulate blood pressure and fluid balance. It converts a substance called angiotensin I into angiotensin II, which can narrow blood vessels and increase blood pressure.

**Severe Hypoglycemia:** This is a condition where blood sugar (glucose) levels drop too low, which can be dangerous. In people with Type 1 diabetes, it can happen if they take too much insulin or do not eat enough food.

Now, regarding the relationship between ACE levels and severe hypoglycemia in Type 1 diabetes, there is currently no strong evidence to suggest a direct connection. ACE is more related to blood pressure and fluid balance rather than directly affecting blood sugar levels. 

In summary, while both ACE and blood sugar levels are important in managing health, there is no clear evidence from the context provided that shows a relationship between serum ACE levels and the frequency of severe hypoglycemia in Type 1 diabetes. If you have more specific information or studies, I could help interpret those as well!","The present survey showed a weak relationship between serum ACE and the frequency of SH, the clinical relevance of which is unclear. This limits the proposed role for serum ACE as an index of risk for SH.",9.80337837837838,13.32,14.55,-3.5166216216216206,0.1259842519685039,739,,0.8289498090744019
pubmedqa,medium,medium,True,upper_bound,"Syncope during bathing in infants, a pediatric form of water-induced urticaria?","The question about ""syncope during bathing in infants"" refers to a situation where infants faint or lose consciousness while they are in the bath. This can be concerning because it may be linked to a condition called water-induced urticaria, which is a type of allergic reaction to water that can cause hives (itchy welts on the skin) and other symptoms.

In the context provided, a group of eight infants aged 2 to 15 months experienced similar problems while bathing. When they were immersed in water, they became pale, limp, and unresponsive, but they recovered quickly once they were taken out of the water. This suggests that the bathwater might trigger a reaction in these infants that causes them to faint.

It's important to note that this situation is serious because it can be related to other health risks, such as sudden infant death syndrome (SIDS), which is when an infant unexpectedly dies during sleep. The exact cause of syncope (fainting) during bathing in these infants is not fully understood, and it requires careful evaluation by healthcare professionals.

In summary, syncope during bathing in infants may be linked to a reaction to water, and it is crucial for parents and caregivers to be aware of this potential risk and seek medical advice if they notice any concerning symptoms in their children while bathing.","""Aquagenic maladies"" could be a pediatric form of the aquagenic urticaria.",9.081818181818182,13.68,14.01,-4.598181818181818,0.0340425531914893,795,,0.8281034827232361
pubmedqa,medium,medium,True,upper_bound,Is double-balloon enteroscopy an accurate method to diagnose small-bowel disorders?,"Double-balloon enteroscopy (DBE) is a medical procedure used to examine the small intestine. Based on the information provided, it appears that DBE has been used effectively in a community setting for various reasons, including evaluating conditions like anemia (low red blood cells) and gastrointestinal bleeding, as well as for treating strictures (narrowed areas) in the small bowel.

While the context does not provide specific statistics on how accurate DBE is for diagnosing small-bowel disorders, it does mention that it was performed on patients who had already undergone video-capsule endoscopy (VCE), which is another method for examining the small intestine. This suggests that DBE is considered a valuable tool in diagnosing these conditions.

In summary, double-balloon enteroscopy is likely an accurate method for diagnosing small-bowel disorders, especially when used in conjunction with other diagnostic techniques. However, the exact accuracy rate isn't specified in the provided information.","1. DBE is a safe and and accurate method to diagnose small bowel disorders; 2. this method permits chromoscopy, biopsies and treatment of the lesions.",8.165000000000003,16.54,18.95,-8.374999999999996,0.1363636363636363,712,,0.8551566004753113
pubmedqa,medium,medium,True,upper_bound,Are physicians aware of the side effects of angiotensin-converting enzyme inhibitors?,"Yes, physicians are generally aware of the side effects of angiotensin-converting enzyme (ACE) inhibitors. ACE inhibitors are a type of medication often used to treat high blood pressure and heart failure. They work by relaxing blood vessels, which helps lower blood pressure.

Common side effects of ACE inhibitors can include:

1. **Cough**: Some people develop a dry cough while taking these medications.
2. **Elevated Blood Potassium Levels**: This can lead to heart problems if potassium levels become too high.
3. **Low Blood Pressure**: If blood pressure drops too much, it can cause dizziness or fainting.
4. **Angioedema**: This is a rare but serious reaction that causes swelling, often in the face or throat, which can be life-threatening.

Physicians monitor patients for these side effects, especially when starting the medication or adjusting the dose. They also consider the patient's overall health and any other medications they are taking to minimize risks.","Overall, there was a poor knowledge of the side effects of ACE-I. This may account for the increased referrals for chronic cough and angioedema.",6.298333333333332,9.85,12.52,-3.5516666666666676,0.1123595505617977,680,,0.8493025898933411
pubmedqa,medium,medium,True,upper_bound,Does quilting suture prevent seroma in abdominoplasty?,"Quilting sutures are a technique used during surgeries, including abdominoplasty (a type of tummy tuck), to help reduce the space between the skin and the underlying tissue. This technique can help prevent the formation of seromas, which are pockets of fluid that can build up after surgery.

In abdominoplasty, when the skin is lifted, there is a risk of fluid accumulating in the space created. By using quilting sutures, the surgeon can stitch the skin down to the underlying tissue in a way that minimizes this space. This can help reduce the chance of seromas developing, making it less likely for fluid to collect.

So, to answer your question: Yes, quilting sutures can help prevent seromas in abdominoplasty by reducing the space where fluid can accumulate.",The quilting suture seems to be an efficient technique with which to prevent seroma formation.,9.140000000000004,11.33,12.16,-2.189999999999996,0.1134751773049645,709,,0.8559384942054749
pubmedqa,medium,medium,True,upper_bound,Does treatment duration affect outcome after radiotherapy for prostate cancer?,"The information you provided does not directly address the question about whether treatment duration affects outcomes after radiotherapy for prostate cancer. However, I can give you some general information about this topic.

In cancer treatment, including radiotherapy for prostate cancer, the duration and timing of treatment can be important. Research suggests that the length of radiotherapy can influence how effective the treatment is. Longer treatment durations may lead to better outcomes for some patients, while others may do well with shorter courses.

It's important to consider each patient's specific situation, including their overall health, the stage of cancer, and how well they respond to treatment. Doctors usually tailor the treatment plan based on these factors.

If you have more specific questions or need further information, feel free to ask!","A proportionally longer treatment duration was identified as an adverse factor in low-risk patients. Treatment breaks resulting in a NTDR of>/=33% (e.g., four or more breaks during a 40-fraction treatment, 5 d/wk) should be avoided.",8.514285714285716,11.65,13.23,-3.1357142857142843,0.0818713450292397,507,,0.8188574314117432
pubmedqa,medium,medium,True,upper_bound,Is there any interest to perform ultrasonography in boys with undescended testis?,"Yes, there is interest in performing ultrasonography (USG) in boys with undescended testis. 

Ultrasonography is a safe and non-invasive imaging test that uses sound waves to create pictures of the inside of the body. In the case of an undescended testis, USG can help doctors locate the position of the testicle that has not moved down into the scrotum. This is important because it can help determine if the testicle is in the inguinal canal (the area in the groin) or if it is located somewhere else in the abdomen. 

Finding the testicle's location can guide the treatment plan. If the testicle is found in the inguinal canal, it may be easier to bring it down into the scrotum during surgery. If it is not found, it may require different management. 

In summary, ultrasonography can be a useful tool in evaluating boys with undescended testis to help ensure proper treatment.",Sonography has no place in the diagnosis of undescended testis.,9.55,10.68,13.62,-1.129999999999999,0.0617283950617283,631,,0.8574524521827698
pubmedqa,high,high,True,upper_bound,Do foreign bodies migrate through the body towards the heart?,"Foreign bodies do not typically migrate through the body towards the heart in a systematic manner. Instead, their movement is largely dependent on the anatomical pathways they encounter and the physiological responses of the body. For instance, if a foreign body lodges in the esophagus, it may remain at that site unless it is expelled or removed. 

In the context of the esophagus, foreign bodies most commonly lodge at specific anatomical constrictions, such as the level of the cricopharyngeus, where the esophagus is narrowed. This indicates that foreign bodies are more likely to become impacted at these points rather than migrating toward the heart.

In cases where foreign bodies enter the gastrointestinal tract or respiratory system, their movement is influenced by peristalsis or respiratory dynamics, respectively, rather than a directed migration towards the heart. Therefore, while foreign bodies may move within certain systems of the body, they do not migrate towards the heart as a general rule.","The study allows us to determine that FB can move through the body but not towards the heart. The study also serves as a warning sign: in cases of prolonged histories of FB ingestion, imaging studies are mandatory before endoscopic examination.",12.551341463414635,14.13,14.55,-1.5786585365853654,0.1212121212121212,526,,0.8436777591705322
pubmedqa,high,high,True,upper_bound,Do cytokines have any role in epilepsy?,"Cytokines, which are small proteins released by cells that have a specific effect on the interactions and communications between cells, have been implicated in various neurological conditions, including epilepsy. Research indicates that cytokines can influence neuronal excitability and may play a role in the pathophysiology of epilepsy by modulating inflammatory responses in the central nervous system (CNS). 

In particular, pro-inflammatory cytokines such as interleukin-1β (IL-1β) and tumor necrosis factor-alpha (TNF-α) have been shown to affect synaptic transmission and neuronal network activity, potentially contributing to the development of seizures. Conversely, anti-inflammatory cytokines may have a protective effect against seizure activity.

While the context provided does not directly address the role of cytokines in epilepsy, it is established in the broader scientific literature that cytokines can influence seizure susceptibility and the overall inflammatory milieu in the brain, suggesting that they may indeed play a role in epilepsy. Further research is necessary to elucidate the specific mechanisms and potential therapeutic implications of targeting cytokine pathways in the management of epilepsy.",We found increased post-ictal serum cytokine levels in patients with several epilepsy syndromes.,12.172307692307694,20.07,20.11,-7.897692307692307,0.032258064516129,622,,0.8345567584037781
pubmedqa,high,high,True,upper_bound,Does a well developed collateral circulation predispose to restenosis after percutaneous coronary intervention?,"The presence of well-developed collateral circulation does not predispose to restenosis after percutaneous coronary intervention (PCI). In fact, collateral circulation can be protective in certain contexts. Collateral vessels can provide alternative pathways for blood flow, potentially reducing ischemia and the risk of adverse events following PCI. 

Restenosis, which is the re-narrowing of a coronary artery after it has been treated with angioplasty or stenting, is primarily influenced by factors such as the inflammatory response to vascular injury, the degree of endothelial healing, and the presence of atherosclerotic disease. While collateral circulation may indicate a more chronic ischemic process, it does not inherently increase the likelihood of restenosis. 

In summary, well-developed collateral circulation is generally considered beneficial and does not predispose to restenosis following PCI.",A well developed collateral circulation does not predict an increased risk of restenosis after PCI.,11.500000000000004,17.02,18.06,-5.519999999999996,0.1549295774647887,633,,0.878923237323761
pubmedqa,high,high,True,upper_bound,Is cardiovascular evaluation necessary prior to and during beta-blocker therapy for infantile hemangiomas?,"Yes, cardiovascular evaluation is necessary prior to and during beta-blocker therapy for infantile hemangiomas. Beta-blockers, particularly propranolol, are commonly used in the management of problematic infantile hemangiomas due to their efficacy in reducing the size and improving the appearance of these vascular lesions. However, beta-blockers can have significant cardiovascular effects, including bradycardia (a slower than normal heart rate) and hypotension (low blood pressure).

Before initiating therapy, a thorough cardiovascular assessment is essential to identify any pre-existing conditions that may predispose the infant to adverse effects from beta-blockade. Continuous monitoring of cardiovascular status during treatment is also crucial, as infants may experience fluctuations in heart rate and blood pressure in response to the medication. This proactive approach helps ensure patient safety and allows for timely intervention should any complications arise.",Pretreatment ECG is of limited value for patients with an unremarkable cardiovascular history and a normal heart rate and blood pressure. Hypotension may occur during treatment.,12.626153846153848,18.41,18.24,-5.783846153846152,0.1625,581,,0.8572420477867126
pubmedqa,high,high,True,upper_bound,MR arthrography of the shoulder: do we need local anesthesia?,"Magnetic Resonance (MR) arthrography of the shoulder is a specialized imaging technique used to evaluate the shoulder joint, particularly the labrum, rotator cuff, and other intra-articular structures. During this procedure, a contrast agent is injected into the shoulder joint to enhance the visibility of these structures on the MRI images.

Local anesthesia is not strictly necessary for MR arthrography; however, it is often recommended to minimize discomfort associated with the injection of the contrast agent. The procedure can cause transient pain or discomfort, especially when the needle is inserted into the joint space. Therefore, while some patients may tolerate the procedure without local anesthesia, the use of a local anesthetic can improve patient comfort and compliance, making the procedure more manageable.

In summary, while local anesthesia is not mandatory for MR arthrography of the shoulder, it is typically utilized to enhance patient comfort during the injection process.","Local anesthesia is not required to lower a patient's pain intensity when applying intra-articular contrast media for MR arthrography of the shoulder. This could result in reduced costs and a reduced risk of adverse reactions, without an impact on patient comfort.",13.990365853658538,16.68,17.88,-2.6896341463414615,0.1570680628272251,710,,0.8690040707588196
pubmedqa,high,high,True,upper_bound,SPECT study with I-123-Ioflupane (DaTSCAN) in patients with essential tremor. Is there any correlation with Parkinson's disease?,"A: Yes.

The SPECT study utilizing I-123-Ioflupane (DaTSCAN) is primarily employed to evaluate dopaminergic function in the brain. In patients with essential tremor, DaTSCAN can help differentiate between essential tremor and Parkinson's disease, as the latter is characterized by a significant reduction in dopamine transporter (DAT) availability in the striatum. While essential tremor typically does not show such reductions, there can be overlapping clinical features, and some patients may exhibit changes in DAT that warrant further investigation. Thus, while there is a correlation in terms of diagnostic utility, the presence of essential tremor does not inherently indicate Parkinson's disease.","Our results do not support the hypothesis of a link between essential tremor and Parkinson's disease. However, it appears that ET patients have a small degree of striatal dopaminergic degeneration. If this is due to alterations in the nigrostriatl pathway or of other origin it is not clear. Follow-up studies of essential tremor patients are warranted to assess progression of disease and to understand better the possible cause for striatal dopaminergic degeneration.",13.063333333333333,16.95,18.24,-3.8866666666666663,0.192090395480226,652,,0.854683518409729
pubmedqa,high,high,True,upper_bound,Is non-HDL-cholesterol a better predictor of long-term outcome in patients after acute myocardial infarction compared to LDL-cholesterol?,"To determine whether non-HDL cholesterol is a better predictor of long-term outcomes in patients after acute myocardial infarction (AMI) compared to LDL cholesterol, it is essential to consider the roles of these lipid parameters in cardiovascular risk assessment.

Non-HDL cholesterol encompasses all atherogenic lipoproteins, including LDL, very-low-density lipoprotein (VLDL), and intermediate-density lipoprotein (IDL). It is calculated by subtracting HDL cholesterol from total cholesterol. This measure is particularly relevant because it accounts for all cholesterol-carrying particles that can contribute to atherosclerosis and cardiovascular events.

Research indicates that non-HDL cholesterol may provide a more comprehensive risk assessment than LDL cholesterol alone. This is due to several factors:

1. **Atherogenicity**: Non-HDL cholesterol includes all potentially harmful lipoproteins, whereas LDL cholesterol focuses solely on one fraction. Elevated levels of non-HDL cholesterol have been associated with increased cardiovascular risk.

2. **Clinical Guidelines**: Current clinical guidelines often recommend non-HDL cholesterol as a target for lipid-lowering therapy, especially in patients with conditions such as diabetes or metabolic syndrome, which are prevalent in post-AMI patients.

3. **Predictive Value**: Studies have shown that non-HDL cholesterol can be a stronger predictor of cardiovascular events and mortality in various populations, including those with a history of AMI. It has been suggested that non-HDL cholesterol may better reflect the overall burden of atherogenic particles.

In conclusion,","Non-attaining non-HDL-C goal predicted MACE at long-term follow-up after AMI whereas non-attaining LDL-C goal was not associated with the higher risk. Therefore, non-HDL-C may be a more suitable target of dyslipidemia treatment than LDL-C in patients after AMI.",12.625263157894736,17.8,17.54,-5.174736842105265,0.1371841155234656,770,,0.836449921131134
pubmedqa,high,high,True,upper_bound,Does SYNTAX score predict in-hospital outcomes in patients with ST elevation myocardial infarction undergoing primary percutaneous coronary intervention?,"A: Yes

The SYNTAX score, which assesses the complexity of coronary artery disease, has been shown to predict in-hospital outcomes for patients experiencing ST elevation myocardial infarction (STEMI) who undergo primary percutaneous coronary intervention (PCI). Higher SYNTAX scores are associated with increased risk of adverse events, including mortality and complications during hospitalization. Therefore, the SYNTAX score serves as a valuable prognostic tool in this clinical setting.",SxS is a useful tool that can predict in-hospital outcomes of patients with STEMI undergoing pPCI.,11.3,18.74,18.6,-7.439999999999998,0.1904761904761904,538,,0.8646127581596375
pubmedqa,high,high,True,upper_bound,Storage of vaccines in the community: weak link in the cold chain?,"The storage of vaccines in the community can indeed represent a weak link in the cold chain. The cold chain is a system of transporting and storing vaccines within a recommended temperature range to maintain their efficacy. If vaccines are not stored properly, such as in fully frozen ice packs that are not adequately monitored or maintained, their potency can be compromised. 

In the context provided, the mention of fully frozen ice packs highlights the importance of proper storage methods, including the correct filling of water and the ability to maintain temperatures for a specified duration (24 hours). Any failure in these processes can lead to vaccine degradation, which poses a risk to public health. 

Therefore, while the cold chain is designed to ensure vaccine safety and effectiveness, lapses in community storage practices can indeed create vulnerabilities, making it a critical area for ongoing attention and improvement.","Vaccines were exposed to temperatures that may reduce their potency. Safe storage of vaccines in the clinics cannot be ensured without adhering to the recommended guidelines. Provision of adequate equipment and training for staff in maintaining the ""cold chain"" and the use and care of equipment are important components of a successful immunisation programme.",12.18925925925926,14.51,15.69,-2.3207407407407405,0.1691542288557214,430,,0.8617693185806274
pubmedqa,high,high,True,upper_bound,Does age moderate the effect of personality disorder on coping style in psychiatric inpatients?,"The question regarding whether age moderates the effect of personality disorder on coping style in psychiatric inpatients is not directly addressed by the provided medical contexts. However, we can infer some relevant points based on existing literature in psychology and psychiatry.

Research suggests that age can indeed influence coping styles, particularly in individuals with personality disorders. As individuals age, they often develop more adaptive coping mechanisms, potentially due to accumulated life experiences and maturity. This may lead to a moderated effect of personality disorders on coping styles, as older individuals might employ more effective strategies to manage stress and emotional distress compared to younger individuals.

In psychiatric inpatients, the presence of a personality disorder can complicate coping strategies, often leading to maladaptive responses. However, age-related factors such as cognitive development, emotional regulation, and social support systems may play a significant role in how these individuals cope with their psychiatric conditions.

In summary, while the specific contexts provided do not directly answer the question, it is reasonable to conclude that age may moderate the effect of personality disorder on coping style in psychiatric inpatients, with older individuals potentially exhibiting more adaptive coping mechanisms than their younger counterparts. Further empirical research would be necessary to elucidate the precise nature of this relationship.",This study found that influences on coping were multifactorial and moderated by age. These factors have implications for interventions designed to enhance coping strategies.,13.181666666666665,18.91,19.51,-5.728333333333335,0.076595744680851,708,,0.8449589610099792
pubmedqa,high,high,True,upper_bound,Convulsions and retinal haemorrhage: should we look further?,"In the context of convulsions and retinal hemorrhage, further investigation is warranted. The presence of convulsions, particularly in conjunction with retinal hemorrhage, can suggest several underlying conditions that may require prompt evaluation.

1. **Possible Causes**: The combination of convulsions and retinal hemorrhage can indicate a range of issues, including but not limited to:
   - **Cerebral vascular accidents**: Such as hemorrhagic stroke, which can lead to both seizures and retinal findings.
   - **Trauma**: Head trauma can cause both convulsions and retinal hemorrhages due to increased intracranial pressure or direct injury.
   - **Infectious processes**: Conditions like meningitis or encephalitis can present with seizures and may also lead to retinal changes.
   - **Metabolic disturbances**: Electrolyte imbalances or hypoglycemia can cause seizures and may be associated with retinal findings.

2. **Diagnostic Approach**: To elucidate the cause of these symptoms, a comprehensive workup should be initiated, which may include:
   - **Neuroimaging**: A CT or MRI scan of the brain to assess for structural abnormalities, such as tumors, hemorrhages, or signs of infection.
   - **Ophthalmologic examination**: To evaluate the extent and cause of the retinal hemorrhage.
   - **Laboratory tests**: To check for metabolic derangements, infections, or other systemic issues.

3. **Referral","Retinal haemorrhages following a convulsive episode are rare. Such a finding should trigger an extensive search for other reasons, including child abuse.",10.690909090909091,16.47,18.36,-5.7790909090909075,0.0666666666666666,783,,0.821759819984436
pubmedqa,high,high,True,upper_bound,Can distal ureteral diameter predict reflux resolution after endoscopic injection?,"The question regarding whether distal ureteral diameter can predict reflux resolution after endoscopic injection pertains to the management of vesicoureteral reflux (VUR), a condition where urine flows backward from the bladder into the ureters and potentially the kidneys. 

While the provided contexts do not directly address the specifics of distal ureteral diameter and its predictive value for reflux resolution, existing literature suggests that ureteral diameter may play a role in assessing the likelihood of successful intervention outcomes. 

In general, a wider distal ureter may indicate a more significant anatomical abnormality or a more severe form of reflux, which could correlate with a lower likelihood of successful resolution after endoscopic injection of bulking agents. Conversely, a normal or narrower ureter may suggest a more favorable anatomical configuration for successful reflux resolution.

However, it is essential to consider that multiple factors influence the success of endoscopic injection, including the degree of reflux, the presence of other anatomical anomalies, and the technique used during the procedure. Therefore, while distal ureteral diameter may provide some insight, it should not be used in isolation to predict outcomes. A comprehensive evaluation, including imaging studies and clinical assessment, is crucial for accurate prognostication regarding reflux resolution after endoscopic intervention. 

In conclusion, while distal ureteral diameter may have some predictive value regarding reflux resolution, it is one of many factors that should be considered in the overall assessment and management of vesicoureteral reflux.",UDR provides an objective measurement of VUR and appears as a predictive tool of success after endoscopic injection.,13.063333333333333,20.12,20.62,-7.056666666666668,0.0711462450592885,840,,0.8302874565124512
pubmedqa,clinical,clinical,True,upper_bound,Is serum total bilirubin useful to differentiate cardioembolic stroke from other stroke subtypes?,"Serum total bilirubin is not considered a useful biomarker for differentiating cardioembolic stroke from other stroke subtypes. While elevated bilirubin levels may indicate underlying liver dysfunction or hemolysis, they do not provide specific information regarding the etiology of a stroke. The differentiation between cardioembolic stroke and other subtypes, such as ischemic or hemorrhagic strokes, relies more on clinical presentation, imaging studies (such as CT or MRI), and patient history rather than serum bilirubin levels. Therefore, while bilirubin levels may be assessed in the context of overall patient health, they do not serve as a diagnostic tool for stroke subtype classification.",Serum TB level was independently associated with cardioembolic stroke. The combination of clinical data and serum TB may be a feasible strategy to diagnose cardioembolic stroke in the acute phase.,14.646666666666672,16.7,16.53,-2.0533333333333275,0.1846153846153846,594,,0.8642580509185791
pubmedqa,clinical,clinical,True,upper_bound,Do somatic complaints predict subsequent symptoms of depression?,"Somatic complaints can indeed predict subsequent symptoms of depression. Research indicates that individuals presenting with physical symptoms, such as pain or fatigue, may be at an increased risk for developing depressive disorders. This relationship is often attributed to the bidirectional nature of somatic and psychological symptoms, where chronic physical ailments can lead to emotional distress, and vice versa. The presence of somatic complaints can serve as a significant indicator for healthcare providers to assess for underlying depressive symptoms, prompting early intervention and management strategies.","Our findings suggest that somatic complaints may represent one, but not necessarily the most important, risk factor for the subsequent development of depressive symptoms in women in nonclinical populations. The results also highlight the importance of including social variables in studies on women's depression as well as conducting additional research to further examine predictors of depressive symptoms in men.",19.515000000000004,16.62,17.69,2.895000000000003,0.1944444444444444,421,,0.8669450283050537
pubmedqa,clinical,clinical,True,upper_bound,Are physician estimates of asthma severity less accurate in black than in white patients?,"The context provided suggests that there is a hypothesis regarding the accuracy of physician estimates of asthma severity, specifically that physician underestimation of asthma severity may be more prevalent in Black patients compared to White patients. This hypothesis is rooted in the observation that racial disparities in asthma care cannot be fully accounted for by socioeconomic status, access to care, or insurance status. 

While the specific study or data to confirm this hypothesis is not provided in the context, it highlights the importance of accurate physician assessments in delivering appropriate asthma care. Therefore, based on the context, it can be concluded that there is a concern regarding the potential for less accurate physician estimates of asthma severity in Black patients compared to their White counterparts, which may contribute to disparities in asthma management and outcomes. 

In summary, yes, physician estimates of asthma severity may be less accurate in Black patients than in White patients, as suggested by the hypothesis and the context provided. Further research would be necessary to substantiate this claim and explore the underlying factors contributing to these disparities.",Biased estimates of asthma severity may contribute to racially disparate asthma care. Interventions to improve physicians' assessments of asthma severity and patient-physician communication may minimize racial disparities in asthma care.,17.793333333333333,18.8,19.78,-1.0066666666666677,0.1981132075471698,726,,0.8710752725601196
pubmedqa,clinical,clinical,True,upper_bound,Stage I non-small cell lung carcinoma: really an early stage?,"Stage I non-small cell lung carcinoma (NSCLC) is indeed considered an early stage of lung cancer. It is characterized by the tumor being confined to the lung and not having spread to regional lymph nodes or distant sites. Specifically, Stage IA indicates a tumor that is 3 cm or smaller, while Stage IB refers to a tumor that is larger than 3 cm but still meets the criteria of being localized without nodal involvement.

In the context of the provided information, it is important to note that early-stage lung cancer, particularly Stage I, often presents with minimal symptoms and can be asymptomatic in many cases. The prognosis for patients diagnosed at this stage is generally more favorable compared to those diagnosed at later stages, where the disease may have metastasized or involved lymph nodes.

In summary, Stage I NSCLC is classified as an early stage of lung cancer, with a better prognosis and treatment outcomes compared to more advanced stages.","Despite advances in early diagnosis and surgical technique, 5-year survival of stage I non-small cell lung carcinoma remains low as compared to survival of other solid organ neoplasm. Tumour size<or=3cm, adenocarcinoma histologic type and negative bronchial resection margins were associated with a more favourable outcome in our patient population. More effective multimodality treatments are needed to increase survival rates.",16.880000000000006,13.91,14.79,2.970000000000006,0.1333333333333333,601,,0.8427060842514038
pubmedqa,clinical,clinical,True,upper_bound,Does the clinical presentation of a prior preterm birth predict risk in a subsequent pregnancy?,"Yes, the clinical presentation of a prior preterm birth is a significant predictor of risk in a subsequent pregnancy. Women with a history of preterm birth are at increased risk for recurrent preterm delivery due to various factors, including cervical insufficiency, uterine anomalies, and underlying medical conditions. This risk necessitates careful monitoring and potential intervention in subsequent pregnancies to mitigate the likelihood of another preterm birth.",Patients with a history of ACD are at an increased risk of having recurrent preterm birth and cervical shortening in a subsequent pregnancy compared with women with prior preterm birth associated PPROM or PTL.,17.799411764705884,17.84,20.27,-0.0405882352941162,0.32,543,,0.8959426283836365
pubmedqa,clinical,clinical,True,upper_bound,Treadmill training post stroke: are there any secondary benefits?,"Treadmill training post-stroke can confer several secondary benefits beyond the primary goal of improving ambulation and cardiovascular fitness. These benefits may include:

1. **Enhanced Gait Mechanics**: Treadmill training can help improve gait symmetry and stability, which are often compromised after a stroke. The repetitive nature of treadmill walking allows for practice and reinforcement of proper gait patterns.

2. **Increased Muscle Strength**: Regular treadmill training can lead to improvements in lower extremity muscle strength, which is crucial for mobility and functional independence.

3. **Improved Balance and Coordination**: Engaging in treadmill training can enhance postural control and balance, reducing the risk of falls, which is a significant concern for stroke survivors.

4. **Cardiovascular Conditioning**: Treadmill training can improve cardiovascular endurance, which is often diminished following a stroke. This can lead to better overall health outcomes and increased ability to engage in daily activities.

5. **Psychological Benefits**: Exercise, including treadmill training, has been shown to have positive effects on mood and can reduce symptoms of depression and anxiety, which are common in stroke survivors.

6. **Neuroplasticity**: Engaging in regular physical activity, such as treadmill training, may promote neuroplastic changes in the brain, potentially aiding in recovery of motor function.

In conclusion, treadmill training post-stroke offers a multifaceted approach to rehabilitation, providing both physical and psychological benefits that can enhance recovery and quality of life for stroke survivors.","A task-specific intervention designed to improve gait speed may potentially provide secondary benefits by positively impacting depression, mobility and social participation for people post stroke.",21.063999999999997,15.9,16.47,5.163999999999996,0.0793650793650793,747,,0.8483346700668335
pubmedqa,clinical,clinical,True,upper_bound,Has the use of complementary and alternative medicine therapies by U.S. adults with chronic disease-related functional limitations changed from 2002 to 2007?,"The context provided does not directly address the use of complementary and alternative medicine (CAM) therapies by U.S. adults with chronic disease-related functional limitations from 2002 to 2007. However, based on available literature and trends observed during that time frame, there was an increase in the utilization of CAM therapies among adults with chronic conditions. This shift can be attributed to a growing interest in holistic approaches to health, increased awareness of alternative treatment options, and a desire for more control over personal health management. 

For a more precise assessment, specific studies or surveys conducted during that period would need to be referenced to provide quantitative data on the changes in CAM usage among this demographic.","Among U.S. adults with chronic disease-related functional limitations, the overall increase in CAM use from 2002 to 2007 was significant, particularly among those with changing and maintaining body position limitations.",20.103333333333335,15.23,17.12,4.873333333333335,0.2266666666666666,694,,0.883745551109314
mirage,low,low,True,actual,Ideal depth for root end filling with MTA is?,The ideal depth for root end filling with MTA is 3 mm. So the answer is B: 3 mm.,3mm,0.9132352941176478,,,,0.0,267,,0.8415394425392151
mirage,low,low,True,actual,Is Apremilast effective for Beh et s Syndrome?,"Yes, Apremilast is effective for Behçet's Syndrome.",yes,2.4833333333333343,,,,0.1999999999999999,221,,0.7933745980262756
mirage,low,medium,False,actual,"The LINCS L1000 data set contains gene expression data for drug treated human cells, yes or no?","Based on the context provided, I cannot directly answer whether the LINCS L1000 data set contains gene expression data for drug-treated human cells. The information given does not mention the LINCS L1000 data set or its contents. 

However, I can tell you that the LINCS (Library of Integrated Network-based Cellular Signatures) L1000 project is known for providing gene expression data from human cells that have been treated with various drugs. So, if you are asking about the LINCS L1000 data set in general, the answer would be ""yes,"" it does contain gene expression data for drug-treated human cells.",yes,4.238333333333333,12.63,14.19,-8.391666666666667,0.0196078431372549,500,,0.8050575852394104
mirage,low,medium,False,actual,The Omega-3 Index: a new risk factor for death from coronary heart disease?,"The Omega-3 Index is a measurement of the amount of omega-3 fatty acids in the blood. Research suggests that higher levels of omega-3 fatty acids may be linked to a lower risk of death from coronary heart disease. This is because omega-3 fatty acids can help reduce inflammation and improve heart health. 

So, to answer your question: Yes, the Omega-3 Index can be considered a new risk factor for death from coronary heart disease. Higher levels of omega-3s are generally associated with a lower risk.",yes,4.262368421052631,9.09,9.89,-4.8276315789473685,0.0217391304347826,532,,0.8124925494194031
mirage,low,low,True,actual,Working cusps are also known as:,Working cusps are also known as guiding cusps.,Supporting cusps.,3.209444444444443,,,,0.2,229,,0.9062716364860536
mirage,low,low,True,actual,Does the early adopter of drugs exist?,"Yes, the early adopter of drugs does exist.",no,3.283461538461541,,,,0.0,220,,0.8438411355018616
mirage,low,high,False,actual,According to Tweed inclination of lower incisors by 1 labially increases the arch length by,"According to Tweed, the inclination of the lower incisors by 1 degree labially increases the arch length by approximately 0.5 mm. This principle is based on the relationship between tooth position and arch length, where labial inclination of the incisors can lead to an increase in the available space within the arch, thereby affecting overall dental alignment and occlusion.",0.8 mm,4.086944444444445,16.92,19.29,-12.833055555555555,0.0634920634920634,368,,0.8476505279541016
mirage,low,medium,False,actual,Epsilon in high copper amalgam is?,"Epsilon in high copper amalgam refers to a specific phase or component of dental amalgam, which is a material used for filling cavities in teeth. High copper amalgam contains copper, which helps improve its strength and resistance to corrosion compared to older types of amalgam.

In dental terms, ""amalgam"" is a mixture of metals, including mercury, silver, tin, and copper. The ""epsilon"" phase is a specific crystalline structure that forms in high copper amalgams. This phase contributes to the overall properties of the amalgam, making it more durable and effective for dental use.

In summary, epsilon in high copper amalgam is a structural component that helps enhance the material's performance in dental fillings.",Cu3Sn,3.997142857142858,12.64,16.11,-8.642857142857142,0.0,381,,0.7616429924964905
mirage,low,medium,False,actual,Is metoprolol metabolized by CYP2D6?,"Metoprolol is a medication that belongs to a group of drugs called beta-blockers. It is often used to treat high blood pressure and heart-related issues. 

To answer your question: Yes, metoprolol is metabolized by an enzyme in the liver called CYP2D6. This means that the way your body processes metoprolol can be affected by how well this enzyme works. Some people have a stronger or weaker version of this enzyme, which can change how effective the medication is for them.

If you have more questions about metoprolol or how it works, feel free to ask!",yes,4.520555555555557,7.73,10.86,-3.209444444444443,0.0204081632653061,705,,0.7955762147903442
mirage,low,high,False,actual,Maximum pCO2 is seen in which of the following stage in arterial gas analysis?,"In arterial gas analysis, the maximum partial pressure of carbon dioxide (pCO2) is typically observed during the respiratory acidosis stage, which can occur during conditions of hypoventilation or increased metabolic activity, such as during intense exercise. 

During exercise, particularly in a healthy individual like the 23-year-old male undergoing a stress test, pCO2 levels can rise due to increased production of carbon dioxide from enhanced metabolic processes in the muscles. However, if we are considering the context of arterial blood gas sampling, the maximum pCO2 would be expected during the late stages of exercise when the body is unable to adequately ventilate and expel CO2 due to the increased demand for oxygen and the resultant accumulation of CO2 in the bloodstream.

In summary, the maximum pCO2 is typically seen during intense physical activity or conditions that lead to hypoventilation, reflecting the balance between CO2 production and elimination.",A,5.863636363636363,21.68,21.64,-15.816363636363636,0.0134228187919463,563,,0.7843017578125
mirage,low,medium,False,actual,Which of the following alloys has the highest surface roughness?,"Based on the context provided, we don't have specific information about the surface roughness of different alloys. However, I can explain some related concepts that might help you understand how to think about this question.

**Surface Roughness**: This term refers to the texture of a surface. A surface with high roughness has many small peaks and valleys, making it feel bumpy. A smoother surface has fewer of these irregularities.

**Alloys**: These are mixtures of two or more metals. Different alloys can have different properties, including surface roughness, depending on their composition and how they are processed.

To determine which alloy has the highest surface roughness, you would typically need to look at specific tests or studies that measure the roughness of each alloy. Common alloys include those made from metals like copper, aluminum, and steel, and their roughness can vary based on how they are made and treated.

If you have specific alloys in mind or additional information, I can help you analyze that further.",NiTi,5.504473684210527,9.8,11.6,-4.295526315789473,0.0,427,,0.7878625988960266
mirage,low,high,False,actual,Is colistin an antibiotic?,"Yes, colistin is an antibiotic. Specifically, it belongs to the class of polymyxins and is primarily used to treat infections caused by multidrug-resistant Gram-negative bacteria. Colistin works by disrupting the bacterial cell membrane, leading to cell death. It is often considered a last-resort antibiotic due to its potential nephrotoxicity and neurotoxicity.",yes,5.145,13.91,14.19,-8.765,0.0363636363636363,559,,0.7815092206001282
mirage,low,medium,False,actual,The respiratory tract is crossed by the isthmus of the thyroid gland at the level of the,"The isthmus of the thyroid gland crosses the respiratory tract at the level of the 2nd and 3rd tracheal rings. This means that the isthmus, which is the thin band of tissue connecting the two lobes of the thyroid gland, is located just above the trachea (the windpipe) where it branches into the bronchi that lead to the lungs. 

If you have any more questions about the thyroid gland or related topics, feel free to ask!",tracheal rings.,5.547844827586207,10.75,11.21,-5.202155172413793,0.0512820512820512,379,,0.8459216356277466
mirage,low,low,True,actual,Is there a role for TFII-I in megakaryopoiesis?,A: yes,yes,0.5166666666666693,,,,0.6666666666666666,237,,0.8410258293151855
mirage,low,medium,False,actual,Which of the following karyotypes is not compatible with survival to birth?,"To answer the question about which karyotype is not compatible with survival to birth, we first need to understand what a karyotype is. A karyotype is a picture of all the chromosomes in a cell, which helps identify any genetic abnormalities.

Some common karyotypes that are known to not be compatible with survival to birth include:

1. **Monosomy X (Turner Syndrome)**: This occurs when a female has only one X chromosome instead of two. While some females with Turner syndrome can survive, many do not reach full term.
2. **Trisomy 13 (Patau Syndrome)**: This condition involves having an extra chromosome 13. Most babies with this condition do not survive past the first year of life.
3. **Trisomy 18 (Edwards Syndrome)**: Similar to Trisomy 13, this involves an extra chromosome 18, and most affected babies do not survive long after birth.

In general, karyotypes that involve missing chromosomes (monosomy) or extra chromosomes (trisomy) can lead to serious developmental issues. 

If you have specific karyotype options listed, I can help you determine which one is not compatible with survival to birth.","45,Y",4.830000000000002,10.24,12.16,-5.409999999999998,0.0,540,,0.7596660852432251
mirage,low,medium,False,actual,Your patient has diabetes. Why is this important?,"Diabetes is important for your patient for several reasons:

1. **Health Risks**: Diabetes can lead to serious health problems, including heart disease, kidney damage, nerve damage, and eye issues. In the context of the 70-year-old man, his long-standing diabetes increases his risk for complications, especially since he is already undergoing hemodialysis, which indicates his kidneys are not functioning well.

2. **Symptoms and Pain**: The patient is experiencing constant wrist and shoulder pain. In people with diabetes, there can be an increased risk of conditions like diabetic neuropathy (nerve damage) or other complications that can cause pain. 

3. **Kidney Function**: Diabetes is a leading cause of kidney disease. Since this patient is on hemodialysis and is on the transplant list for a kidney, it shows that his diabetes has likely affected his kidney function over time.

4. **Management**: Managing diabetes is crucial for preventing further complications. This includes controlling blood sugar levels through diet, exercise, and medication. If diabetes is not well managed, it can worsen other health issues.

In summary, diabetes is important for this patient because it significantly impacts his overall health, increases the risk of complications, and influences his current treatment and management strategies.",These patients are more likely to get urinary tract infections if their blood sugar is unstable.,5.888962264150948,12.55,14.55,-6.661037735849053,0.055813953488372,842,,0.8303372859954834
mirage,low,high,False,actual,Is neurofilament light marker for disease?,"Neurofilament light chain (NfL) is a protein that serves as a biomarker for neurodegenerative diseases. Elevated levels of NfL in the cerebrospinal fluid (CSF) or serum have been associated with various neurological conditions, including Alzheimer's disease, multiple sclerosis, amyotrophic lateral sclerosis (ALS), and other forms of neurodegeneration. The presence of NfL is indicative of axonal damage and neuronal injury, making it a valuable tool for diagnosing and monitoring the progression of these diseases.

In summary, neurofilament light chain is indeed a marker for disease, particularly in the context of neurodegenerative disorders, and its measurement can provide insights into the underlying pathology and disease progression.",yes,5.240000000000002,19.17,19.54,-13.93,0.0,596,,0.783470869064331
mirage,low,medium,False,actual,Do mitochondria play a role in remodelling lace plant leaves during programmed cell death?,"The context you provided does not directly relate to the question about mitochondria and the remodelling of lace plant leaves during programmed cell death. However, I can explain the role of mitochondria in general and how they might relate to programmed cell death.

Mitochondria are often called the ""powerhouses"" of the cell because they produce energy that cells need to function. They also play a crucial role in programmed cell death, which is a process that helps remove damaged or unnecessary cells in a controlled way. This process is important for normal development and maintaining healthy tissues.

In plants, programmed cell death can help shape leaves and other structures by removing specific cells. While the context you provided does not mention lace plant leaves or mitochondria's role in that specific process, it is known that mitochondria can influence how cells die and how tissues are remodeled during this process.

So, to answer your question: Yes, mitochondria do play a role in programmed cell death, which can be involved in remodelling plant leaves, including lace plant leaves. However, more specific information about lace plants would be needed to provide a detailed answer about their exact role in that context.",yes,5.419999999999998,11.82,13.21,-6.400000000000002,0.01,747,,0.7767855525016785
mirage,low,medium,False,actual,Is there a need for pelvic CT scan in cases of renal cell carcinoma?,"Yes, a pelvic CT scan may be needed in cases of renal cell carcinoma. 

Renal cell carcinoma is a type of kidney cancer, and doctors often use imaging tests like CT scans to get a better look at the cancer and see if it has spread to nearby areas, including the pelvis. A CT scan can help determine the size of the tumor and whether it has affected other organs or lymph nodes. This information is important for planning treatment and understanding the extent of the disease. 

In summary, a pelvic CT scan can provide valuable information when diagnosing and managing renal cell carcinoma.",no,4.240000000000002,11.47,13.35,-7.229999999999999,0.0,481,,0.796480655670166
mirage,low,low,True,actual,Which is not a type of Gracey curvettes?,The answer is D: # 5-16. This is not a type of Gracey curvettes.,# 5-16,0.0675000000000025,,,,0.25,262,,0.8478770852088928
mirage,medium,medium,True,actual,"A 45-year-old woman presents to the clinic with her husband to discuss her most recent problem. She and her husband recently bought a new house in the area. While cleaning the house, they discovered a","The situation you described involves a 45-year-old woman who has developed a strong fear of spiders, known as arachnophobia, after a frightening experience in her new home. This fear has become so intense that she cannot enter the house.

To effectively treat her arachnophobia, the most effective treatment option is **exposure therapy**. This type of therapy helps people gradually face their fears in a safe and controlled way. The goal is to reduce the fear response over time. For example, she might start by looking at pictures of spiders, then watching videos, and eventually, she could work up to being in the same room with a spider.

Other options, like medication or counseling, can also help, but exposure therapy is often the most effective way to overcome specific phobias like arachnophobia. It’s important for her to work with a trained therapist who can guide her through this process safely. 

In summary, the best treatment for her arachnophobia is exposure therapy, which can help her gradually face her fear of spiders and learn to manage it.",Desensitization,7.745206812652072,10.6,13.73,-2.8547931873479273,0.0,887,,0.7589405179023743
mirage,medium,clinical,False,actual,Glycogen breakdown in exercising muscle is activated by:,"Glycogen breakdown in exercising muscle is primarily activated by the hormone epinephrine (adrenaline) and also by increased intracellular calcium levels and AMP. Epinephrine stimulates glycogenolysis through the activation of glycogen phosphorylase, which catalyzes the conversion of glycogen to glucose-1-phosphate. Additionally, during exercise, the increased demand for ATP leads to elevated levels of AMP, which further activates glycogen phosphorylase, promoting glycogen breakdown to meet the energy requirements of the muscle.",none of the above.,8.840000000000003,19.55,20.58,-10.709999999999996,0.0533333333333333,370,,0.7998043894767761
mirage,medium,medium,True,actual,A 9-month-old boy is brought to his pediatrician by his mother for a routine health checkup. The boy was born at 39 weeks gestation via spontaneous vaginal delivery. He is up to date on all vaccines a,"Based on the information provided, the 9-month-old boy is showing signs of anemia, which is a condition where there are not enough healthy red blood cells to carry oxygen to the body's tissues. The complete blood count (CBC) results indicate that his hemoglobin level is low (9.1 g/dL), and the mean corpuscular volume (MCV) is also low (65 fL), which suggests that the red blood cells are smaller than normal. 

The high total iron binding capacity (TIBC) and the low serum iron level indicate that he may have iron deficiency anemia. This type of anemia is common in infants, especially if they are not getting enough iron in their diet.

Given that the boy has been switched to cow's milk and started eating fruits and vegetables, it’s important to ensure he gets enough iron. Cow's milk is low in iron and can interfere with iron absorption. 

The best treatment for this patient would be to provide iron supplementation. This can be done through iron drops or iron-fortified foods. Additionally, it would be beneficial to encourage foods that are high in iron, such as pureed meats, beans, and iron-fortified cereals, as well as foods rich in vitamin C (like fruits) to help with iron absorption.

It's also important for the pediatrician to monitor his progress and possibly adjust his diet to include more iron-rich foods as he grows.",Proper diet and iron supplementation,8.887379679144384,10.91,12.72,-2.0226203208556157,0.0327868852459016,1090,,0.819844126701355
mirage,medium,medium,True,actual,A pregnant lady had no complaints but mild cervical lymphadenopathy in first trimester. She was prescribed spiramycin but she was noncompliant. Baby was born with hydrocephalus and intracerebral calci,"The likely cause of the baby's condition, which includes hydrocephalus (an accumulation of fluid in the brain) and intracerebral calcification (calcium deposits in the brain), is **Toxoplasmosis** (Option B). 

Toxoplasmosis is an infection caused by a parasite that can be harmful during pregnancy. The mother had mild cervical lymphadenopathy, which can be a sign of infection, and she was prescribed spiramycin, a medication used to treat toxoplasmosis. Since she did not take the medication (noncompliant), it is possible that the infection affected the baby, leading to the serious conditions observed at birth. 

Other options like Rubella, CMV (Cytomegalovirus), and Herpes can also cause issues during pregnancy, but the specific symptoms and the context provided point more towards Toxoplasmosis in this case.",Toxoplasmosis,9.1686511627907,15.89,17.12,-6.7213488372093,0.016260162601626,660,,0.8113959431648254
mirage,medium,clinical,False,actual,Can leuprorelin acetate be used as androgen deprivation therapy?,"Yes, leuprorelin acetate can be used as androgen deprivation therapy (ADT). It is a gonadotropin-releasing hormone (GnRH) agonist that, when administered continuously, leads to downregulation of GnRH receptors in the pituitary gland. This results in decreased secretion of luteinizing hormone (LH) and follicle-stimulating hormone (FSH), subsequently reducing testosterone production by the testes. Leuprorelin is commonly utilized in the management of hormone-sensitive prostate cancer, where suppression of androgens is a key therapeutic strategy.",yes,8.729615384615386,16.67,17.97,-7.940384615384616,0.0263157894736842,501,,0.769553005695343
mirage,medium,medium,True,actual,A 26 years old healthy female got pregnant for 1st time and LSCS was done for fetal distress. Mild hypeension was present during pregnancy. Two days after delivery she had headache and seizures but pr,"Based on the information provided, the most likely diagnosis for the 26-year-old female who experienced headache and seizures two days after delivery, along with a CT scan showing a 2 x 3 cm parasagittal hematoma, is **B: Hypertensive intracranial hemorrhage**.

Here's why:

1. **Headache and Seizures**: These symptoms can occur due to increased pressure in the brain, which may be caused by bleeding.
  
2. **Parasagittal Hematoma**: This refers to a collection of blood in the brain, specifically near the midline. It indicates that there is bleeding in the brain, which can happen due to high blood pressure.

3. **Mild Hypertension During Pregnancy**: The presence of mild high blood pressure during pregnancy increases the risk of complications, including bleeding in the brain.

4. **No Proteinuria**: Proteinuria means having protein in the urine, which is often associated with conditions like preeclampsia. Since there is no proteinuria, this rules out eclampsia, which is related to high blood pressure and seizures during pregnancy.

Given these points, the symptoms and findings align best with hypertensive intracranial hemorrhage rather than the other options listed.",Sagittal sinus thrombosis,9.4201935483871,11.35,13.02,-1.9298064516128992,0.0,890,,0.7968127727508545
mirage,medium,high,False,actual,Which of the following genes conveys susceptibility for polygenic Alzheimer disease?,"The gene most commonly associated with susceptibility to polygenic Alzheimer’s disease is the **APOE (Apolipoprotein E) gene**, specifically the ε4 allele. The presence of one or more ε4 alleles increases the risk of developing Alzheimer's disease, although it is important to note that not everyone with this allele will develop the condition, as Alzheimer’s disease is influenced by multiple genetic and environmental factors. 

In addition to APOE, other genes have been implicated in Alzheimer’s disease, but APOE ε4 remains the most significant risk factor identified in the context of polygenic inheritance.",APOE,7.367631578947371,17.51,18.95,-10.14236842105263,0.0208333333333333,534,,0.7879325747489929
mirage,medium,medium,True,actual,"A 45-year-old woman comes to the physician because of fatigue, abdominal cramps, watery diarrhea, and a weight loss of 4 kg (8.8 lb) over the last 4 months. She has recently avoided drinking alcohol a","Based on the information provided, the 45-year-old woman is experiencing several symptoms, including fatigue, abdominal cramps, watery diarrhea, and weight loss. She has also avoided alcohol and spicy foods because they worsen her symptoms. The laboratory tests show an increased level of a substance called 5-hydroxyindoleacetic acid (5-HIAA) in her urine.

5-HIAA is a breakdown product of serotonin, which is a chemical in the body that helps regulate mood, digestion, and other functions. High levels of 5-HIAA in the urine can indicate a condition called a carcinoid tumor, which is a type of slow-growing cancer that can produce serotonin.

Given her symptoms and the increased 5-HIAA level, further evaluation will most likely show the presence of a carcinoid tumor, often found in the gastrointestinal tract (like the intestines). This tumor can cause the symptoms she is experiencing, such as abdominal cramps and diarrhea.

In summary, further evaluation of this patient will most likely show a carcinoid tumor.",Pulmonic valve stenosis,8.262167832167833,13.11,14.19,-4.847832167832166,0.0,976,,0.7733113169670105
mirage,medium,low,False,actual,A material turns to liquid on applying critical shear stress. This type of flow is called as?,"The type of flow you are asking about is called ""Bingham plastic flow."" This means that the material will not move or flow until you push it hard enough (apply critical shear stress). Once you push it hard enough, it will start to flow like a liquid.",Bingham body,8.023703703703706,5.83,7.79,2.193703703703706,0.0408163265306122,383,,0.7956587672233582
mirage,medium,high,False,actual,Mandibular molars show how many patterns of Accessory Canals,"Mandibular molars exhibit a variable pattern of accessory canals, which can include multiple configurations. The context provided indicates that there are several patterns, including lateral canals extending from the coronal third to the furcal region in the distal canal, the presence of both lateral and furcal canals, and a single furcation canal extending from the pulp chamber to the intra-radicular region. Additionally, the pattern of accessory canals can vary depending on the age of the patient. Therefore, it is not possible to specify an exact number of patterns, as they can differ significantly among individuals.",3,8.39294117647059,16.03,16.22,-7.6370588235294115,0.0,401,,0.7835254073143005
mirage,medium,medium,True,actual,"A 17-year-old girl is brought to the pediatrician by her father for evaluation. He is concerned that she has not undergone puberty yet, while all of her classmates at school have. The patient herself ","Based on the information provided, the 17-year-old girl has not started puberty, as indicated by her Tanner stage of development being at stage I, which means she has undeveloped breasts and normal external and internal female genitalia. Since she is 17 years old and has not begun to develop secondary sexual characteristics (like breast development or menstruation), it is likely that she has a condition known as delayed puberty.

In girls, puberty typically starts between ages 8 and 13. By age 17, most girls have developed breasts and have started menstruating. Since this girl is still in Tanner stage I, it is likely that she has not experienced any of the physical changes associated with puberty. 

Given her situation, one additional finding that might be present in this patient is a lack of menstrual periods (amenorrhea). This means she has not started her menstrual cycle, which is common in cases of delayed puberty. 

In summary, the likely additional finding in this patient is that she has not had her first period (amenorrhea).",Hypokalemia,9.20028011204482,12.55,15.25,-3.34971988795518,0.0,902,,0.7222263216972351
mirage,medium,low,False,actual,What is the most common tumor of mediastinum?,"The most common tumor of the mediastinum is a type of tumor called a ""thymoma."" It comes from a gland called the thymus, which is found in the chest. However, this specific information was not in the context you provided. If you have more details or options, please share them, and I can help you better!",Neurogenic,7.854411764705883,6.1,10.13,1.7544117647058837,0.0,312,,0.7829961776733398
mirage,medium,high,False,actual,Is bicompartmental knee arthroplasty more favourable to knee muscle strength and physical performance compared to total knee arthroplasty?,"Bicompartmental knee arthroplasty (BKA) and total knee arthroplasty (TKA) are both surgical procedures aimed at relieving pain and restoring function in patients with knee osteoarthritis or other degenerative conditions. The choice between these two approaches can influence postoperative outcomes, including knee muscle strength and physical performance.

Research indicates that bicompartmental knee arthroplasty may offer certain advantages over total knee arthroplasty, particularly in terms of preserving more of the native knee structure and potentially leading to better muscle strength and functional performance postoperatively. BKA typically involves replacing only the medial and lateral compartments of the knee, while TKA replaces the entire joint, including the patellofemoral compartment. This preservation of bone and soft tissue in BKA can contribute to improved proprioception and muscle function.

Patients undergoing BKA may experience less postoperative pain and quicker recovery times, which can enhance rehabilitation efforts and lead to better outcomes in terms of muscle strength and physical performance. However, the suitability of BKA versus TKA largely depends on the individual patient's knee pathology, age, activity level, and overall health status.

In summary, while bicompartmental knee arthroplasty may be more favorable for knee muscle strength and physical performance compared to total knee arthroplasty, the decision should be personalized based on the specific clinical scenario and patient needs. Further studies and clinical trials are warranted to solidify these findings and guide surgical decision-making.",no,8.756666666666668,17.71,18.95,-8.953333333333333,0.0,713,,0.7685369849205017
mirage,medium,medium,True,actual,A study is conducted to assess the effectiveness of a new drug for the treatment of type 2 diabetes mellitus. A total of 1000 patients with type 2 diabetes mellitus are enrolled. Patients are randomly,"In the context of the study assessing the effectiveness of a new drug for treating type 2 diabetes, if the study had been performed with only 500 patients instead of 1000, the most likely outcome that would have increased is the **chance of a Type II error**.

Let’s break this down:

1. **Type II Error (Beta)**: This occurs when a study fails to detect a difference when there actually is one. In simpler terms, it means that the study might say the new drug is not better than the standard treatment when it really is. The beta value mentioned in the study is 0.20, which means there is a 20% chance of making this error.

2. **Sample Size**: When you reduce the number of participants in a study (from 1000 to 500), you have less data to work with. This can make it harder to see if the new drug is truly effective. With fewer patients, the study might not have enough power (the ability to detect a difference if there is one) to show that the new drug is better.

3. **Power of the Study**: The power of a study is related to the sample size. A larger sample size generally increases the power, which reduces the chance of a Type II error. So, with only 500 patients, the power of the study decreases, making it more likely that the study could miss a real effect of the drug.

In summary, if the study had",Chance of a type II error,8.87272435897436,8.29,9.47,0.5827243589743603,0.0472440944881889,953,,0.807192325592041
mirage,medium,medium,True,actual,"A 34-year-old woman comes to the physician requesting prenatal care. For the past 2 months, she has had increasing breast tenderness, nausea, 3-kg (6.6-lb) weight gain, and urinary frequency. She is n","Based on the information provided, the most likely diagnosis for the 34-year-old woman is a **false pregnancy** or **pseudocyesis**. 

Here's why:

1. **Symptoms**: She has symptoms commonly associated with pregnancy, such as breast tenderness, nausea, weight gain, and urinary frequency. However, these symptoms can also occur for other reasons, including hormonal changes or stress.

2. **Urine hCG Test**: The urine test for hCG (human chorionic gonadotropin), which is a hormone produced during pregnancy, came back negative. This means that there is no evidence of a pregnancy, despite her belief that she is pregnant.

3. **Ultrasound Findings**: The transvaginal ultrasound showed no abnormalities, which further supports that there is no pregnancy.

4. **Physical Examination**: The mild abdominal enlargement could be due to other factors, such as bloating or weight gain, rather than an actual pregnancy.

In summary, while the woman has many symptoms that suggest she might be pregnant, the negative hCG test and normal ultrasound indicate that she is not actually pregnant. This condition, where a person believes they are pregnant and shows symptoms but is not, is known as pseudocyesis.",Pseudocyesis,7.580775193798452,11.48,14.12,-3.899224806201549,0.0108108108108108,1023,,0.7883024215698242
mirage,medium,high,False,actual,Subclavian steal syndrome: can the blood pressure difference between arms predict the severity of steal?,"Subclavian steal syndrome (SSS) is a vascular condition characterized by the reversal of blood flow in the vertebral artery due to significant stenosis or occlusion of the subclavian artery proximal to the origin of the vertebral artery. This condition can lead to various neurological symptoms depending on the severity of the steal phenomenon.

Regarding the relationship between blood pressure differences between the arms and the severity of the steal, it is important to note that while a significant blood pressure discrepancy can indicate subclavian artery stenosis, it does not directly correlate with the severity of the steal phenomenon itself. The blood pressure in the affected arm may be lower due to reduced perfusion, but this does not necessarily predict the extent of collateral circulation or the degree of vertebral artery flow reversal.

In clinical practice, a blood pressure difference of more than 15-20 mmHg between the arms can suggest subclavian artery disease, but it is not a definitive measure of the severity of the steal. Other diagnostic modalities, such as Doppler ultrasound or angiography, are more reliable for assessing the severity of the steal and the hemodynamic significance of the stenosis.

In summary, while a blood pressure difference between arms can indicate the presence of subclavian artery pathology, it is not a reliable predictor of the severity of subclavian steal syndrome.",yes,7.0478571428571435,18.88,20.93,-11.832142857142856,0.0,634,,0.7656500339508057
mirage,medium,clinical,False,actual,Most specific for diagnosing Ankylosing spondyliti?,"The most specific test for diagnosing Ankylosing Spondylitis (AS) is the presence of the HLA-B27 antigen. While clinical features such as inflammatory back pain and reduced spinal mobility are suggestive, the detection of HLA-B27 is a more definitive marker associated with the disease. Additionally, imaging studies may reveal sacroiliitis, but the serological test for HLA-B27 remains the most specific diagnostic criterion for Ankylosing Spondylitis.",B/l sactoilitis,8.548529411764708,15.78,17.12,-7.231470588235291,0.0,473,,0.7562431693077087
mirage,medium,medium,True,actual,"A 57-year-old man comes to the physician because of a 3-week history of abdominal bloating and increased frequency of stools. He describes the stools as bulky, foul-smelling, and difficult to flush. H","Based on the information provided, the 57-year-old man is experiencing several concerning symptoms, including abdominal bloating, changes in stool characteristics (bulky, foul-smelling, and difficult to flush), recurrent upper abdominal pain, and significant weight loss. These symptoms could suggest a problem with the digestive system, possibly related to the pancreas or the way his body is absorbing nutrients.

Given his history of heavy alcohol use (6 to 8 beers daily for 12 years) and smoking (1 pack daily for 37 years), there is a risk for conditions like pancreatitis or pancreatic cancer, which can lead to similar symptoms. 

To diagnose the underlying cause of his symptoms, the most appropriate next step would be to perform imaging studies. A **CT scan of the abdomen** (computed tomography scan) is often used to look for issues in the pancreas and other abdominal organs. This imaging test can help identify any abnormalities, such as inflammation, tumors, or other conditions affecting the digestive system.

In summary, the most appropriate next step in diagnosis for this patient is to order a CT scan of the abdomen.",Abdominal CT scan,8.447825219473266,15.21,17.29,-6.762174780526735,0.0324324324324324,1017,,0.7959039807319641
mirage,medium,medium,True,actual,Which of the following is not true about the salivary gland output in Sjogren's syndrome?,"The statement that is not true about the salivary gland output in Sjogren's syndrome is **B: Increase in phosphate concentration**. 

In Sjogren's syndrome, the salivary glands do not produce enough saliva, leading to a decrease in their output (option C is true). This condition can also cause an increase in sodium concentration (option A is true) and an increase in IgA concentration (option D is true). However, an increase in phosphate concentration is not typically associated with this syndrome.",Increase in phosphate concentration,8.913157894736845,11.53,12.16,-2.6168421052631547,0.0941176470588235,414,,0.8509020209312439
mirage,medium,medium,True,actual,A 61-year-old man comes to the emergency department because of a 2-day history of a productive cough and worsening shortness of breath. He has had frequent episodes of a productive cough over the past,"Based on the information provided, the 61-year-old man is experiencing a productive cough and worsening shortness of breath, along with signs of distress and low oxygen saturation (91%). He has a history of smoking and has had frequent cough episodes over the past three years. The chest x-ray shows increased lung lucency and flattening of the diaphragm, which can indicate a condition like chronic obstructive pulmonary disease (COPD).

In this situation, the most appropriate initial pharmacotherapy would be a **bronchodilator**. Bronchodilators are medications that help open the airways in the lungs, making it easier to breathe. They are commonly used to treat conditions like asthma and COPD, especially when patients are experiencing difficulty breathing.

There are two main types of bronchodilators:
1. **Short-acting beta-agonists (SABAs)**: These provide quick relief of symptoms and are often used during an acute episode of shortness of breath.
2. **Anticholinergics**: These can also help open the airways and may be used in combination with SABAs.

Given the man's symptoms and the urgency of his situation, a short-acting bronchodilator would likely be the first choice to help relieve his breathing difficulties quickly. 

In summary, the most appropriate initial pharmacotherapy for this patient is a **bronchodilator**.",Prednisone and albuterol,8.834100294985252,11.92,14.68,-3.0858997050147483,0.0095693779904306,971,,0.7567815184593201
mirage,high,high,True,actual,"A 19-year-old woman comes to the emergency department because, she says, ""I'm burning up."" Medical history is significant for intravenous drug use. Physical examination discloses a systolic heart murm","In the context provided, the 19-year-old woman presents with a systolic heart murmur and a history of intravenous drug use, which raises suspicion for potential infective endocarditis. Given this scenario, an expected physical finding would be **B: Increased intensity of the murmur with deep inspiration**.

This phenomenon can be attributed to the mechanics of respiration affecting venous return to the heart. During deep inspiration, intrathoracic pressure decreases, leading to increased venous return to the right side of the heart, which can enhance the intensity of right-sided murmurs. In cases of left-sided murmurs, the effect may be less pronounced, but the overall increase in blood flow can still lead to changes in murmur intensity.

Other options, such as decreased intensity of S1 or a positive Kussmaul sign, are less likely in this context. A positive Kussmaul sign, which indicates impaired filling of the right ventricle, is typically associated with conditions like constrictive pericarditis or restrictive cardiomyopathy rather than acute infective endocarditis.",Increased intensity of the murmur with deep inspiration,12.54063157894737,14.86,16.61,-2.31936842105263,0.0930232558139534,773,,0.8344632983207703
mirage,high,clinical,False,actual,Is fear of anaphylactic shock discouraging surgeons from more widely adopting percutaneous and laparoscopic techniques in the treatment of liver hydatid cyst?,"The question regarding the fear of anaphylactic shock discouraging surgeons from adopting percutaneous and laparoscopic techniques in the treatment of liver hydatid cysts is not directly addressed in the provided clinical contexts. However, it is important to note that anaphylactic shock can be a significant concern when dealing with hydatid disease due to the potential for cyst rupture, which can lead to the release of antigenic material into the systemic circulation and provoke an allergic reaction.

Surgeons may indeed have reservations about utilizing minimally invasive techniques such as percutaneous aspiration or laparoscopic approaches due to the risk of cyst rupture and subsequent anaphylaxis. Traditional surgical approaches, while more invasive, may provide a greater degree of control over the cyst and reduce the risk of such complications. 

In summary, while the fear of anaphylactic shock could contribute to hesitancy in adopting percutaneous and laparoscopic techniques for liver hydatid cysts, the decision-making process is multifactorial and includes considerations of the cyst's size, location, and the overall health of the patient. Therefore, it is plausible that this fear plays a role, but it is not the sole factor influencing surgical choices in this context.",yes,11.362857142857145,19.31,19.45,-7.947142857142854,0.0,718,,0.7697525024414062
mirage,high,medium,False,actual,On applying pressure on angle of jaw while maintaining patent airway which nerve is likely to be damaged:,"When applying pressure on the angle of the jaw, the nerve that is most likely to be damaged is the **facial nerve** (also known as cranial nerve VII). This nerve controls the muscles of facial expression and is located near the angle of the jaw. 

It's important to note that while the context provided does not directly mention the facial nerve, it is commonly understood in medical practice that pressure in that area can affect it. If you have any more questions or need further clarification, feel free to ask!",7th,10.888461538461542,10.75,12.6,0.1384615384615415,0.0,358,,0.775162398815155
mirage,high,high,True,actual,Which combination forms day care anesthesia,"The combination that forms day care anesthesia is A: Fentanyl, propofol, Isoflurane. This combination is commonly used due to the rapid onset and short duration of action of these agents, allowing for quick recovery and discharge of patients after outpatient procedures.","Fentanyl, propofol, Isoflurane",13.37181818181818,13.13,15.25,0.2418181818181786,0.1363636363636363,287,,0.8872373700141907
mirage,high,clinical,False,actual,Is the combination with 2-methoxyestradiol able to reduce the dosages of chemotherapeutices in the treatment of human ovarian cancer?,"The combination of 2-methoxyestradiol with chemotherapeutic agents has been investigated for its potential to enhance the efficacy of treatment while potentially allowing for reduced dosages of chemotherapeutics in various cancers, including ovarian cancer. 2-Methoxyestradiol is an estradiol metabolite that exhibits anti-angiogenic and pro-apoptotic properties, which may synergistically enhance the effects of certain chemotherapeutic agents.

In preclinical studies, 2-methoxyestradiol has demonstrated the ability to inhibit tumor growth and induce apoptosis in ovarian cancer cell lines. The proposed mechanism includes the modulation of key signaling pathways involved in cell proliferation and survival, as well as the inhibition of angiogenesis, which is crucial for tumor growth and metastasis.

Therefore, while specific clinical outcomes may vary, there is evidence to suggest that the combination of 2-methoxyestradiol with chemotherapeutics could potentially allow for reduced dosages of the latter while maintaining or enhancing therapeutic efficacy in the treatment of human ovarian cancer. However, further clinical trials are necessary to establish optimal dosing regimens and confirm these findings in a clinical setting.",yes,10.053,20.02,20.74,-9.967,0.0,673,,0.7593055963516235
mirage,high,high,True,actual,Most common presentation of abdominal desmoids tumor is?,"The most common presentation of an abdominal desmoid tumor is **abdominal pain**. Desmoid tumors, also known as aggressive fibromatosis, are benign but locally aggressive soft tissue tumors that can cause discomfort or pain due to their growth and pressure on surrounding structures. While an abdominal mass may also be present, abdominal pain is typically the primary symptom that prompts further investigation.",Abdominal mass,12.336052631578948,13.62,15.47,-1.2839473684210514,0.0634920634920634,398,,0.8335524797439575
mirage,high,medium,False,actual,"A 57-year-old woman comes to the physician because of a 3-month history of fatigue. She also reports generalized itchiness that started approximately 2 months ago. Two weeks ago, she noticed yellowing","Based on the information provided about the 57-year-old woman, she is experiencing symptoms that suggest a liver issue, particularly with the presence of jaundice (yellowing of the skin and eyes), fatigue, and generalized itchiness. The laboratory results show elevated liver enzymes (AST and ALT), which indicate liver inflammation or damage, and high alkaline phosphatase, which can suggest a problem with the bile ducts or liver.

Given her symptoms and lab findings, one likely additional finding that could be present in this patient is **autoimmune hepatitis** or **primary biliary cholangitis (PBC)**. PBC is a condition where the bile ducts in the liver become damaged, leading to bile buildup and liver damage. 

In patients with PBC, it is common to find **anti-mitochondrial antibodies (AMA)** in the blood. These antibodies are often present in people with this condition and can help confirm the diagnosis. 

So, the most likely additional finding in this patient would be the presence of **anti-mitochondrial antibodies (AMA)** in her blood tests.",Cutaneous xanthomas,10.094934210526318,13.9,14.14,-3.805065789473682,0.0,1044,,0.7726835012435913
mirage,high,medium,False,actual,"Pterygomandibular space contains all, except:","The pterygomandibular space contains several important structures, but it does not contain everything. Based on the context provided, the pterygomandibular space typically includes the following:

- The inferior alveolar nerve
- The lingual nerve
- The pterygoid plexus of veins

However, it does not include structures like the parotid gland or the facial nerve. 

So, to answer your question: The pterygomandibular space contains all, except for the structures that are not typically found in this space, such as the parotid gland or the facial nerve. 

If you have specific options to choose from, please provide them, and I can help you identify which one does not belong in the pterygomandibular space.",Long buccal nerve,13.928333333333336,13.08,14.19,0.8483333333333363,0.018018018018018,412,,0.8196945786476135
mirage,high,clinical,False,actual,Cardiac reoperations in octogenarians: Do they really benefit?,"The context provided does not directly address the specific question regarding the benefits of cardiac reoperations in octogenarians. However, based on current clinical understanding and literature, cardiac reoperations in octogenarians can be complex and must be evaluated on a case-by-case basis.

In general, octogenarians may benefit from cardiac reoperations, particularly if they have significant symptomatic heart disease that can be addressed surgically. Factors influencing the potential benefits include the patient's overall functional status, comorbidities, and the specific cardiac condition being treated (e.g., valvular disease, coronary artery disease). 

Studies have shown that selected elderly patients can achieve favorable outcomes post-reoperation, including improved quality of life and functional capacity. However, the risks associated with surgery, such as increased morbidity and mortality rates, must be carefully weighed against the potential benefits. 

In conclusion, while octogenarians can benefit from cardiac reoperations, thorough preoperative assessment and individualized decision-making are crucial to optimize outcomes. Further research and clinical trials are necessary to better define the criteria for surgical intervention in this age group.",yes,11.582857142857147,18.85,18.83,-7.267142857142854,0.0,636,,0.7775512933731079
mirage,high,medium,False,actual,"A 4 years old child was brought to the hospital with right impalpable testsis. During diagnostic laparoscopy for undescended testis, there are blind testicular vessels. What should be done next?","In the situation where a 4-year-old child has an undescended testis (meaning the testis has not moved down into the scrotum) and the doctors find blind testicular vessels during a procedure called diagnostic laparoscopy, the next step is usually to perform an orchidopexy. 

**Orchidopexy** is a surgical procedure to move the testis into the scrotum and secure it there. This is important because if a testis stays undescended, it can lead to problems like infertility or an increased risk of testicular cancer later in life.

In this case, since the vessels are described as ""blind,"" it means that the blood supply to the testis is not normal. If the testis is not viable (meaning it cannot survive), the doctors may need to remove it instead. However, if the testis is still healthy enough to be moved, they would proceed with the orchidopexy to place it in the correct position.

So, the answer is: **Perform an orchidopexy if the testis is viable; if not, consider removal.**",Nothing is to be done,10.0375,11.7,13.48,-1.6624999999999996,0.0348837209302325,707,,0.7831392884254456
mirage,high,high,True,actual,"A 63-year-old man is aiming to improve his health by eating a well balanced diet, walking daily, and quitting smoking following a 45-year smoking history. While on his daily walks he notices a strong ","Cilostazol is a medication primarily used to treat intermittent claudication associated with peripheral artery disease (PAD). Its mechanism of action involves two key pharmacological effects:

1. **Phosphodiesterase Inhibition**: Cilostazol is a selective inhibitor of phosphodiesterase type 3 (PDE3). By inhibiting this enzyme, cilostazol increases the levels of cyclic adenosine monophosphate (cAMP) within platelets and vascular smooth muscle cells. Elevated cAMP levels lead to vasodilation and reduced platelet aggregation, which can improve blood flow to the affected limbs.

2. **Vasodilation**: The increase in cAMP results in relaxation of vascular smooth muscle, promoting vasodilation. This effect enhances perfusion in the ischemic tissues, thereby alleviating the symptoms of claudication during physical activity.

In summary, cilostazol alleviates symptoms of intermittent claudication by inhibiting PDE3, leading to increased cAMP levels, which promotes vasodilation and improves blood flow to the lower extremities.",Phosphodiesterase inhibitor,12.694473684210529,15.68,15.9,-2.985526315789471,0.0289855072463768,840,,0.8107162117958069
mirage,high,medium,False,actual,"A 50 years old lady, who has a known diagnosis of bronchial asthma, presented to the AIIMS emergency with complaints of severe breathlessness, diaphoresis and wheezing. On examination, you find that t","In this situation, the 50-year-old woman with bronchial asthma is experiencing a severe asthma attack. Her symptoms include severe breathlessness (difficulty breathing), sweating (diaphoresis), and wheezing (a high-pitched whistling sound when breathing). 

Her vital signs show that she is breathing very quickly (30 breaths per minute), has low blood pressure (96/64 mm Hg), and a fast heart rate (144 beats per minute). The blood gas analysis indicates that her blood is too acidic (pH of 7.2, where normal is around 7.35-7.45), and she has low oxygen levels (pO2 of 50 mm Hg, where normal is about 75-100 mm Hg) and high carbon dioxide levels (pCO2 of 70 mm Hg, where normal is about 35-45 mm Hg). These results suggest that she is not getting enough oxygen and is having trouble getting rid of carbon dioxide, which is serious.

**Management Steps:**

1. **Administer Oxygen**: Start giving her supplemental oxygen to help improve her oxygen levels.

2. **Bronchodilators**: Use a fast-acting bronchodilator (like albuterol) via a nebulizer or metered-dose inhaler. This medication helps open up the airways and makes it easier for her to breathe.

3. **Corticosteroids**: Consider giving systemic corticosteroids (like prednisone) to reduce inflammation in the",Ventilation with continuous positive airway pressure,11.01404761904762,10.47,12.75,0.5440476190476193,0.0186915887850467,992,,0.7905197143554688
mirage,high,medium,False,actual,Slow growing alveolar like tumor in liver,"The slow-growing alveolar-like tumor in the liver could be associated with certain types of infections or conditions. In the context provided, the most relevant options are:

- **Echinococcus granulosus (E. granulosus)**: This is a type of tapeworm that can cause hydatid disease, leading to cysts in the liver. These cysts can grow slowly and may resemble tumors.

- **Echinococcus multilocularis (E. multilocularis)**: This is another type of tapeworm that can cause a similar condition, but it tends to be more aggressive and can invade surrounding tissues.

- **Cysticercus cellulosae**: This is the larval form of the pork tapeworm and can also lead to cyst formation, but it is less commonly associated with liver tumors.

- **Amoebic liver abscess**: This is an infection caused by the amoeba Entamoeba histolytica, which can lead to abscesses in the liver, but it is not typically described as a slow-growing tumor.

Based on this information, the most likely cause of a slow-growing alveolar-like tumor in the liver would be **Echinococcus granulosus** or **Echinococcus multilocularis**, as these are known to form cysts in the liver that can resemble tumors.",E. multilocularis,11.2,12.14,14.55,-0.9400000000000012,0.021505376344086,614,,0.8075059652328491
mirage,high,medium,False,actual,"A 32-year-old man with HIV comes to the physician because of a 2-month history of weight loss, night sweats, and productive cough. Auscultation of the lungs shows coarse crackles at the right upper po","The negative tuberculin skin test in this 32-year-old man with HIV is most likely due to impairment of his immune response, specifically the function of T cells. 

**Explanation:**

1. **Tuberculin Skin Test:** This test is used to check if someone has been exposed to the bacteria that causes tuberculosis (TB). A small amount of a substance called tuberculin is injected under the skin. If the immune system has previously encountered the TB bacteria, a raised, red bump (induration) will appear at the injection site within 48 to 72 hours.

2. **HIV and Immune System:** HIV (Human Immunodeficiency Virus) attacks the immune system, particularly a type of white blood cell called T helper cells (or CD4 cells). These cells are crucial for coordinating the immune response. When their numbers are low, the body struggles to respond to infections, including TB.

3. **Negative Result:** In this patient, even though he has symptoms and sputum analysis shows acid-fast bacilli (which indicates TB), the lack of induration at the injection site suggests that his immune system is not functioning properly. This is likely because his T cells are impaired due to HIV, preventing a proper immune response to the tuberculin test.

In summary, the negative tuberculin skin test is most likely caused by the impairment of T cell function due to HIV infection.",Interaction of B7 and CD28 ligands,10.312817460317463,12.08,13.66,-1.767182539682537,0.0175438596491228,1019,,0.7870298027992249
mirage,high,medium,False,actual,Middle constrictor of pharynx has attachment from:,"The middle constrictor of the pharynx attaches from the greater horn of the hyoid bone and the stylohyoid ligament. This muscle plays a role in swallowing by helping to constrict the pharynx. 

If you have any more questions about the pharynx or related topics, feel free to ask!",Body of hyoid bone,12.860000000000005,8.84,11.21,4.020000000000005,0.1153846153846153,311,,0.8462352156639099
mirage,high,high,True,actual,"A male child presented with coarse facies, protuberant abdomen , frontal head enlargement, thickening of cardiac valve, hepatosplenomegaly, hearing impairement. What is the most probable diagnosis?","The clinical presentation described in the question is suggestive of **Mucopolysaccharidosis type I (MPS I)**, also known as Hurler syndrome. The key features supporting this diagnosis include:

1. **Coarse facies**: Children with MPS I often exhibit distinct facial features that become more pronounced with age.
2. **Protuberant abdomen**: This can be attributed to hepatosplenomegaly, which is common in lysosomal storage disorders.
3. **Frontal head enlargement**: This is indicative of increased intracranial pressure or skeletal abnormalities often seen in MPS conditions.
4. **Thickening of cardiac valves**: Cardiac involvement is a known complication in MPS I, leading to valvular heart disease.
5. **Hepatosplenomegaly**: Enlargement of the liver and spleen is a hallmark of MPS I due to the accumulation of glycosaminoglycans.
6. **Hearing impairment**: This can occur due to various factors, including middle ear effusion and structural changes in the ear.

Given these clinical findings, the most probable diagnosis for the male child is **Mucopolysaccharidosis type I (Hurler syndrome)**.",Hunter's disease,10.356923076923078,12.41,14.39,-2.0530769230769224,0.0125,873,,0.7662039399147034
mirage,high,low,False,actual,"Light cure system, side effect is:",The light cure system is a treatment that uses special light to help with skin problems. One side effect of this treatment can be skin irritation or redness. This means the skin might feel sore or look a little red after the treatment. Always talk to a doctor about any side effects you might have.,Retinal damage,10.713333333333338,5.65,5.99,5.063333333333338,0.0,369,,0.7924241423606873
mirage,high,high,True,actual,"A 45-year-old man presents to a surgeon with painless swelling over his right leg. He noticed the swelling 6 months ago, but he ignored it because it was painless. However, he is now concerned as the ","In the context of the presented case, the tumor initially suspected to be a lipoma was ultimately diagnosed as a liposarcoma. Liposarcoma is a malignant neoplasm of adipose tissue characterized by atypical lipoblasts and a more aggressive behavior compared to benign lipomas.

One of the key enzymes associated with liposarcoma, particularly in the context of increased lipogenic activity and altered metabolism, is fatty acid synthase (FAS). Fatty acid synthase is crucial for the de novo synthesis of fatty acids, which can be upregulated in various tumors, including liposarcomas, as these tumors often exhibit a high demand for lipid synthesis to support their growth and proliferation.

Therefore, the enzyme most likely to show increased activity in the cells of this patient's tumor is **fatty acid synthase (FAS)**.",Telomerase,10.345980392156864,16.71,16.65,-6.364019607843137,0.0,895,,0.756370484828949
mirage,high,high,True,actual,A 3-year-old male is brought in to his pediatrician by his mother because she is concerned that he is not growing appropriately. Physical examination is notable for frontal bossing and shortened upper,"Based on the provided clinical context, the 3-year-old male exhibits significant growth concerns, characterized by frontal bossing, shortened extremities, and a disproportionate head circumference (95th percentile) relative to his height (7th percentile). The details suggest a potential disorder related to skeletal growth and development.

The mention of a genetic analysis revealing an activating mutation in a growth factor receptor points towards a disruption in the signaling pathways that regulate cellular growth and differentiation. Specifically, growth factors play a critical role in various physiological processes, including chondrogenesis (the formation of cartilage), osteogenesis (the formation of bone), and overall growth regulation.

In this case, the most likely disrupted physiological process is **chondrogenesis**, which is essential for proper bone growth and development, particularly in the long bones of the extremities. The activating mutation in the growth factor receptor may lead to abnormal signaling that affects the proliferation and maturation of chondrocytes (the cells responsible for cartilage formation), resulting in the observed skeletal abnormalities, including shortened limbs and frontal bossing.

Thus, the disruption in the chondrogenesis process is likely contributing to the patient's growth impairment and skeletal features.",Endochondral ossification,11.555683060109292,19.42,20.8,-7.86431693989071,0.0,888,,0.7903594970703125
mirage,high,clinical,False,actual,Is it safe to perform rectal anastomosis in gynaecological debulking surgery without a diverting stoma?,"Performing a rectal anastomosis during gynecological debulking surgery without a diverting stoma is generally considered high-risk due to the potential for anastomotic leakage, which can lead to significant morbidity. In cases where the rectum is involved or there is a high likelihood of contamination from the surgical field, it is advisable to create a diverting stoma (such as a loop ileostomy) to mitigate the risk of fecal diversion and subsequent complications. 

In summary, while technically feasible, rectal anastomosis without a diverting stoma in the context of gynecological debulking surgery is not considered safe due to the increased risk of postoperative complications. A diverting stoma is recommended to enhance patient safety and outcomes.",yes,10.419285714285714,18.51,19.78,-8.090714285714288,0.0,497,,0.7880814075469971
mirage,clinical,clinical,True,actual,"In a 32 year female patient, left supraclavicular lymph node biopsy histologically shows acidophilic owl eye nucleoli lying freely in empty spaces showing immunohistocompatibility with CD 15 & CD 30, ","The histological findings of acidophilic ""owl eye"" nucleoli, along with immunohistochemical positivity for CD15 and CD30, are characteristic of Reed-Sternberg cells, which are indicative of Hodgkin's lymphoma. Given the context, the most likely diagnosis is:

**A: Nodular sclerosis Hodgkin's lymphoma.** 

This subtype is the most common form of Hodgkin's lymphoma and typically presents with these specific histological features.",Nodular sclerosis Hodgkin's lymphoma,29.982352941176476,15.75,16.32,14.232352941176476,0.1492537313432836,663,,0.8419190049171448
mirage,clinical,medium,False,actual,A psychiatrist is not posted at:,"Based on the context provided, the question about where a psychiatrist is not posted does not have a direct answer from the information given. The scenarios focus on different medical cases involving a woman’s health screenings, a man with a skin lesion, and a patient in an emergency room with low blood sugar. None of these scenarios mention the presence or absence of a psychiatrist.

If you have more specific information or context regarding the placement of psychiatrists or any related topic, please share that, and I can help you better!",PHC,14.798947368421054,12.86,14.19,1.9389473684210543,0.0,608,,0.7792142033576965
mirage,clinical,medium,False,actual,Positive pivot shift test in knee is because of injury to -,"The positive pivot shift test is used to check for an injury to the anterior cruciate ligament (ACL) of the knee. 

The ACL is one of the key ligaments that helps stabilize the knee joint. When this ligament is injured, it can cause instability in the knee, which is what the pivot shift test is designed to detect. If the test is positive, it suggests that the ACL may be torn or damaged. 

In the context of the 25-year-old boy who fell while playing football and is experiencing pain, swelling, and limited motion in his knee, a positive pivot shift test would indicate that he might have an ACL injury.",Anterior cruciate ligament,18.232000000000003,9.94,13.02,8.292000000000003,0.0521739130434782,684,,0.8305106163024902
mirage,clinical,medium,False,actual,The cribriform plate connects,"The cribriform plate is a thin, bony structure located at the base of the skull. It connects the nasal cavity, which is the space inside your nose, to the brain. This plate has small holes that allow nerve fibers from the nasal cavity to pass through and send smell signals to the brain. 

In summary, the cribriform plate connects the nasal cavity to the brain.",Nasal cavity and anterior cranial fossa,18.508571428571432,7.09,10.69,11.418571428571433,0.0845070422535211,329,,0.8275781869888306
mirage,clinical,clinical,True,actual,Continuation of pregnancy after antenatal corticosteroid administration: opportunity for rescue?,"A: yes

Continuation of pregnancy after antenatal corticosteroid administration can be considered an opportunity for rescue, particularly in cases where the benefits of prolonging gestation outweigh the risks associated with potential complications. Antenatal corticosteroids are administered to enhance fetal lung maturity and reduce the incidence of neonatal respiratory distress syndrome, thus facilitating better outcomes in preterm infants. Therefore, if the clinical scenario allows for it, continuation of pregnancy may be beneficial following corticosteroid administration.",maybe,17.029999999999998,22.89,21.19,-5.860000000000003,0.0,392,,0.8108291029930115
mirage,clinical,medium,False,actual,In mandibular primary second molar true statement is,"Based on the context provided, we don't have specific information about the mandibular primary second molar. However, I can share some general true statements about the mandibular primary second molar:

1. **Location**: The mandibular primary second molar is located towards the back of the mouth in children, behind the primary first molar.
2. **Function**: Its main function is to help in chewing food, as it has a larger surface area for grinding.
3. **Eruption**: This tooth typically erupts around the age of 2 to 3 years.
4. **Roots**: It usually has two roots, which help anchor it securely in the jawbone.

If you have specific options or statements about the mandibular primary second molar, please share them, and I can help identify which one is true!",All buccal cusp are fo same size> all lingual cusp are of same size,16.804285714285715,10.16,12.54,6.644285714285715,0.0141843971631205,505,,0.804572582244873
mirage,clinical,high,False,actual,Preconceptional intake of which of the following results in decrease in incidence of neural tube defect:,"Preconceptional intake of folic acid (vitamin B9) is associated with a significant decrease in the incidence of neural tube defects (NTDs). Folic acid is crucial for DNA synthesis and repair, and it plays a vital role in the proper closure of the neural tube during early embryonic development. It is recommended that women of childbearing age consume at least 400 micrograms of folic acid daily, ideally starting at least one month before conception and continuing through the first trimester, to reduce the risk of NTDs such as spina bifida and anencephaly.",Folate,15.480740740740742,17.38,17.12,-1.8992592592592563,0.0,533,,0.770728349685669
mirage,clinical,high,False,actual,"A 30 year old female is on antibiotics with prolonged IV cannulation, has spike of fever, the likely cause is :","In the scenario presented, a 30-year-old female on antibiotics with prolonged intravenous (IV) cannulation who experiences a spike in fever is likely experiencing a central line-associated bloodstream infection (CLABSI) or catheter-related bloodstream infection (CRBSI). 

Prolonged IV cannulation can lead to the introduction of pathogens into the bloodstream, particularly if the catheter is not properly maintained or if there is a breach in sterile technique during insertion or handling. The presence of fever indicates a systemic response to infection, which can be due to bacteria, fungi, or other pathogens entering the bloodstream through the IV line.

Given that the patient is on antibiotics, it is also important to consider the possibility of antibiotic-resistant organisms, which may not respond to the current antibiotic regimen. Common pathogens associated with CLABSI include Staphylococcus aureus, coagulase-negative staphylococci, and enteric Gram-negative rods.

In summary, the spike in fever in this patient is likely due to a bloodstream infection related to the prolonged use of an IV cannula, necessitating further evaluation, including blood cultures, to identify the causative organism and adjust antibiotic therapy as needed.",Coagulase negative staphylococcus,19.449696969696976,20.31,19.78,-0.8603030303030224,0.0212765957446808,810,,0.8178709745407104
mirage,clinical,medium,False,actual,"CA maxillary sinus stage III (T3 No Mo), treatment of choice is / Ca maxillary sinus is treated by -","For a patient with stage III maxillary sinus cancer (also known as T3 N0 M0), the treatment of choice is typically surgery, often followed by radiation therapy. 

**Explanation of Terms:**
- **Maxillary Sinus:** This is a cavity located in the cheek area, near the nose. 
- **Stage III (T3):** This means the cancer has grown larger and may have spread to nearby tissues but has not spread to distant parts of the body (M0 means no distant metastasis).
- **N0:** This indicates that there are no nearby lymph nodes involved.

In many cases, the first step is to surgically remove the tumor. After surgery, radiation therapy may be used to kill any remaining cancer cells and reduce the risk of the cancer coming back.

If you have more questions about this condition or treatment options, feel free to ask!",Surgery + Radiotherapy,18.930000000000003,10.03,12.29,8.900000000000004,0.0144927536231884,538,,0.7915828227996826
mirage,clinical,high,False,actual,Ferns undergo alternation of generations in which a,"Ferns undergo alternation of generations in which a diploid sporophyte generation produces haploid spores through meiosis, which then develop into a haploid gametophyte generation. The gametophyte produces gametes (sperm and eggs) through mitosis. Upon fertilization, the sperm and egg unite to form a new diploid sporophyte, thus completing the cycle. This process is characteristic of all vascular plants, including ferns, and is a fundamental aspect of their reproductive strategy.",dominant sporophyte alternates with an independent gametophyte,24.12769230769231,13.71,15.9,10.41769230769231,0.0526315789473684,355,,0.8548542261123657
mirage,clinical,high,False,actual,All of the following are true regarding tonsillectomy in children except:,"In the context of tonsillectomy in children, the following statements are generally true, except for one:

1. **Tonsillectomy is a common procedure in children**: This is true, as tonsillectomy is frequently performed for recurrent tonsillitis or obstructive sleep apnea.

2. **Complications are rare**: While complications can occur, they are generally infrequent, especially in healthy children undergoing the procedure.

3. **Postoperative bleeding is a potential risk**: This is true, as postoperative hemorrhage is one of the complications that can arise after tonsillectomy.

4. **Tonsillectomy can lead to long-term immunity issues**: This statement is generally false. While the tonsils play a role in immune function, their removal does not significantly impair the overall immune response in children.

Therefore, the statement that is not true regarding tonsillectomy in children is: **Tonsillectomy can lead to long-term immunity issues.**",Extracapsular approach is best for cold approach,23.462222222222227,14.77,15.72,8.692222222222227,0.0279720279720279,667,,0.7870043516159058
mirage,clinical,medium,False,actual,The part of the mandible which ossify in cartilage is:,"The part of the mandible that ossifies in cartilage is called the **condylar process**. This means that the area where the mandible connects to the skull at the jaw joint develops from cartilage before it turns into bone. This process is important for the proper formation and function of the jaw. 

If you have any more questions about bones or how they develop, feel free to ask!",All of the above,15.3275,8.2,12.16,7.127500000000001,0.056338028169014,364,,0.8135074973106384
mirage,clinical,clinical,True,actual,Antibody-dependent enhancement is implicated in the immunopathogenesis of which disease?,Antibody-dependent enhancement is implicated in the immunopathogenesis of **Dengue hemorrhagic fever**.,Dengue hemorrhagic fever,17.115,,,,0.4,435,,0.846766471862793
mirage,clinical,high,False,actual,Which of the following statements about developing a dental radiograph is false?,"To answer the question regarding which statement about developing a dental radiograph is false, we must first consider the general principles of dental radiography. While the specific statements are not provided in your query, I can outline common misconceptions that could be deemed false in the context of dental radiography development.

1. **Radiographs can be developed without a darkroom**: This is false. Traditional film-based radiographs require a darkroom to prevent exposure to light during the development process. However, digital radiography does not require this, as images are captured electronically.

2. **All dental radiographs require the same developing time**: This is false. Different types of films and processing solutions may require varying developing times based on their specific chemical compositions and the desired image quality.

3. **The developer solution can be reused indefinitely**: This is false. Developer solutions degrade over time and should be replaced regularly to ensure optimal image quality.

4. **Radiographs can be developed at any temperature**: This is false. Developing solutions must be maintained at specific temperatures to ensure proper chemical reactions occur, which is crucial for achieving high-quality images.

If you have specific statements regarding dental radiograph development, please provide them, and I can help identify which one is false based on the context provided.",It typically involves a developer containing sodium thiosulphate,15.945909090909094,13.98,16.42,1.9659090909090935,0.018348623853211,696,,0.783762514591217
mirage,clinical,medium,False,actual,27. The lateral spread of dental caries is facilitated mostly by the,"The lateral spread of dental caries (tooth decay) is mostly facilitated by the presence of **plaque**. Plaque is a sticky film of bacteria that forms on your teeth. When you eat sugary or starchy foods, the bacteria in plaque produce acids that can attack the tooth enamel, leading to decay. 

As the decay progresses, it can spread sideways (laterally) along the surface of the tooth, especially if there are grooves or pits where plaque can accumulate. This is why it's important to maintain good oral hygiene by brushing and flossing regularly to remove plaque and prevent cavities.",Dentinoenamel junction,15.400000000000002,10.47,12.34,4.9300000000000015,0.0,576,,0.7750475406646729
mirage,clinical,high,False,actual,All of these are dental auxiliary dental materials except:,"Based on the context provided, the question ""All of these are dental auxiliary dental materials except:"" does not have specific options listed. However, if we consider common dental auxiliary materials, they typically include items such as impression materials, dental cements, and temporary restorative materials.

To accurately answer the question, one would need to identify a material that does not fit the category of auxiliary dental materials. For example, if the options included something like ""toothbrush"" or ""dental floss,"" these would not be classified as auxiliary dental materials, as they are not used directly in dental procedures or treatments.

If you can provide the specific options for this question, I would be able to give a more precise answer.",Ceramic,15.638095238095236,15.51,16.65,0.128095238095236,0.0,364,,0.7710858583450317
mirage,clinical,medium,False,actual,Most prominent lingual fossa in Incisors is seen in,"The most prominent lingual fossa in incisors is typically seen in the maxillary central incisors. 

**Explanation:**
- The term ""lingual fossa"" refers to a depression or concave area on the tongue side of a tooth.
- Maxillary central incisors are the two front teeth in the upper jaw, and they usually have a more noticeable fossa compared to other incisors.

If you have any more questions about teeth or dental health, feel free to ask!",Upper Lateral incisor,17.288,10.6,13.43,6.688000000000001,0.0526315789473684,455,,0.8198888897895813
mirage,clinical,medium,False,actual,Most common site of zygomatic arch fracture is:,"The most common site of a zygomatic arch fracture is **anterior to the zygomaticotemporal suture**. 

To explain a bit more, the zygomatic arch is a bony structure that forms part of the cheek and is located on the side of the skull. The zygomaticotemporal suture is a line where two bones meet. When a fracture occurs in this area, it often happens just in front of this suture.",Posterior to Zygomaticotemporal suture,21.536000000000005,8.91,10.69,12.626000000000005,0.0833333333333333,396,,0.8394384384155273
mirage,clinical,high,False,actual,A screening test is used in the same way in two similar populations but the proportion of false positive results in population A is lower than that in population B. what is the likely explanation?,"In the scenario described, where a screening test is utilized in two similar populations but exhibits a lower proportion of false positive results in population A compared to population B, the most likely explanation for this discrepancy is the difference in the underlying prevalence of the condition being screened for in the two populations.

When the prevalence of a disease is lower in a population, the likelihood of obtaining false positive results tends to increase. This is due to the statistical phenomenon known as the ""base rate fallacy,"" where a lower prevalence can lead to a higher proportion of positive test results that are not true positives. Conversely, if population A has a higher prevalence of the condition, it would naturally yield a lower proportion of false positives, as the test is more likely to correctly identify true cases.

Additionally, other factors that could contribute to the difference in false positive rates include variations in the test's specificity, differences in the populations' demographics or health characteristics, and potential biases in how the test is administered or interpreted in each population. However, the primary and most straightforward explanation remains the difference in disease prevalence between the two populations.",The prevalence of the disease is higher in population A,14.216666666666669,19.26,21.04,-5.043333333333333,0.0865384615384615,592,,0.8390383720397949
mirage,clinical,medium,False,actual,Highest incidence of atypical root canal or root among all teeth is seen in,"Based on the context provided, the question about the highest incidence of atypical root canal or root among all teeth is not directly answered in the information given. However, I can provide some general knowledge about this topic.

Atypical root canals are often found in certain teeth more than others. The teeth that commonly have unusual root canal systems are usually the maxillary molars and mandibular molars. Among these, the maxillary first molar is particularly known for having a high incidence of complex root canal anatomy.

If you have more specific information or context about the question, I would be happy to help clarify further!",Mandibular 1st premolar,15.98,11.8,13.3,4.18,0.0185185185185185,547,,0.8135563731193542
plaba,medium,medium,True,actual,"48 Introduction: Low-dose interleukin-2 (IL-2) selectively restores disturbances of regulatory T cells (Treg) and conventional T cells, resulting in the induction of remission in patients with systemi","The study discussed in the provided context investigates the use of low-dose interleukin-2 (IL-2) as a treatment for patients with refractory lupus nephritis (LN). Refractory LN means that the condition has not responded well to standard treatments. 

In this study, ten patients who had not improved with at least two other immunosuppressive medications received low-dose IL-2. The treatment involved giving them 1 million international units (IU) of IL-2 under the skin every other day for two weeks, followed by a two-week break. This cycle was repeated three times.

The results showed that 70% of the patients experienced a significant improvement in their condition. Specifically, their proteinuria (the presence of excess protein in urine, which indicates kidney issues) decreased by more than half after 12 weeks of treatment. Additionally, there was a notable reduction in the number of red blood cells in their urine, which suggests improved kidney function. 

The study also found that certain immune cells, called regulatory T cells (Treg), increased in number after treatment, which may help in managing the immune response in these patients. Importantly, no serious side effects were reported during the treatment.

In conclusion, low-dose IL-2 therapy appears to be a promising and safe option for treating patients with refractory lupus nephritis, potentially offering a new approach when traditional treatments have failed.","Introduction: Low-dose interleukin-2 (IL-2) selectively restores disturbances of regulatory T cells (Treg) and conventional T cells, resulting in the induction of remission in patients with systemic lupus erythematosus. However, to date no research has been carried out on the efficacy of low-dose IL-2 in the treatment of refractory lupus nephritis (LN). The aim of the study reported here was to investigate the renal response to low-dose IL-2 in patients with refractory LN. Methods: The study pop",8.578809523809522,12.22,13.17,-3.641190476190479,0.2532894736842105,1361,,0.8669947981834412
plaba,medium,medium,True,actual,"9 Objective: This study was designed to explore the clinical application of video laryngoscopy in the diagnosis and treatment of throat foreign bodies (FBs). Method: In total, 1572 patients diagnosed ","The study you provided focuses on the use of video laryngoscopy, a medical procedure that uses a camera to help doctors see inside the throat, to diagnose and treat foreign bodies (FBs) that get stuck in the throat. Here are the key points from the study:

1. **Objective**: The main goal was to see how effective video laryngoscopy is for finding and removing objects stuck in the throat.

2. **Method**: The researchers looked back at the records of 1,572 patients who had foreign bodies in their throats at a hospital in Nanjing. They collected information such as how long it took for patients to get to the hospital after swallowing the object, their age, gender, how long they stayed in the hospital, and where the object was stuck.

3. **Results**: 
   - The most common foreign body found was fish bones, which made up about 92% of the cases (1,446 out of 1,572).
   - A significant number of these foreign bodies (about 64%) were successfully removed using video laryngoscopy without causing any complications.
   - Patients who had shorter hospital stays tended to have a higher success rate with the video laryngoscopy.
   - Sharp objects were easier to diagnose and remove compared to non-sharp objects.
   - The most common places where objects were stuck included the back of the tongue (42.29%), a part of the throat called the epiglottic vallecula","Objective: This study was designed to explore the clinical application of video laryngoscopy in the diagnosis and treatment of throat foreign bodies (FBs). Method: In total, 1572 patients diagnosed with throat FBs at the Department of Otolaryngology of Nanjing Drum Tower Hospital were retrospectively analysed. The covariables collected were the time from FB ingestion to admission, age, sex, duration of admission, and site of impaction. Result: The most common FBs were fish bones, which accounted",9.691713459950456,10.15,12.24,-0.4582865400495439,0.2696078431372549,1051,,0.85513836145401
plaba,medium,medium,True,actual,24 1. The purpose of this study was to compare the effects and abrupt discontinuation of buspirone 15 or 20 mg tid and lorazepam 3 or 4 mg tid following 8 weeks of treatment. A total of 43 outpatients,"The study you provided compares two medications, buspirone and lorazepam, to see how well they work for people with generalized anxiety disorder (GAD) and how they affect patients when they stop taking them. 

1. **Purpose of the Study**: The main goal was to see how effective buspirone (15 or 20 mg taken three times a day) and lorazepam (3 or 4 mg taken three times a day) are over 8 weeks of treatment, and what happens when patients suddenly stop taking these medications.

2. **Participants**: 43 outpatients with GAD were included in the study, and 39 of them continued to the withdrawal phase after the treatment.

3. **Assessments**: Doctors measured anxiety levels and other symptoms at different times during the study using various scales, including the Hamilton anxiety scale (HAM-A) and the CHESS 84 checklist for physical symptoms.

4. **Results**: 
   - Both medications were found to be similarly effective in reducing anxiety during the treatment phase.
   - Buspirone showed a greater improvement in reducing certain physical symptoms (neurovegetative symptoms) compared to lorazepam.
   - When patients stopped taking the medications, neither drug caused significant withdrawal symptoms, meaning patients did not experience major problems when they stopped.

5. **Conclusion**: The study concluded that buspirone is as effective as lorazepam for treating GAD, but they may work differently on physical symptoms","1. The purpose of this study was to compare the effects and abrupt discontinuation of buspirone 15 or 20 mg tid and lorazepam 3 or 4 mg tid following 8 weeks of treatment. A total of 43 outpatients with generalized anxiety disorder were included in the study and 39 entered the withdrawal phase. 2. Clinical assessments were performed at baseline, 2, 4, 6 and 8 weeks (active phase) and after 9 and 10 weeks (withdrawal phase). These included the Hamilton anxiety scale, the visual analogue scale, th",7.8776086956521745,14.87,15.74,-6.992391304347825,0.2690763052208835,1322,,0.8537893891334534
plaba,medium,medium,True,actual,"14 Suggested food, vaccination, drugs, and supplementary for the immune system for COVID-19. According to the World Health Organization, healthy foods and hydration are vital. Individuals consuming a ","To support your immune system, especially during times like the COVID-19 pandemic, it's important to focus on a balanced diet and healthy lifestyle choices. Here are some key recommendations based on the information provided:

### Suggested Foods:
1. **Fruits and Vegetables**: These are rich in vitamins and minerals. Aim for a variety of colors to get a range of nutrients.
2. **Legumes**: Beans, lentils, and peas are great sources of protein and fiber.
3. **Nuts and Seeds**: These provide healthy fats and are good sources of vitamin E and zinc.
4. **Whole Grains**: Foods like brown rice, quinoa, and whole grain bread can help provide energy and nutrients.
5. **Animal Sources**: If you eat meat, focus on white meats (like chicken and turkey) and fish, which are generally healthier options.
6. **Foods Rich in Vitamin A**: Carrots, sweet potatoes, and spinach are good choices.

### Vitamins and Minerals:
- **Vitamin B**: Important for protecting against infections.
- **Vitamin C**: Helps reduce flu-like symptoms.
- **Vitamin D**: Can be obtained from sunlight and is crucial for immune function.
- **Vitamin E**: Found in nuts and seeds, helps support the immune system.
- **Zinc**: Necessary for maintaining a healthy immune system.

### Hydration:
- Drink **8 to 10 cups of water** daily. You can also include fruit","Suggested food, vaccination, drugs, and supplementary for the immune system for COVID-19. According to the World Health Organization, healthy foods and hydration are vital. Individuals consuming a well-balanced diet are healthier with a strong immune system and have a reduced risk of chronic illness, infectious diseases. Vitamins and minerals are vital. Vitamin B, insoluble in water, protects from infection. Vitamin C protects from flu-like symptoms. Insufficient vitamin D and vitamin E can lead",9.95865413533835,7.93,11.21,2.02865413533835,0.2171189979123173,1083,,0.8354594111442566
plaba,medium,medium,True,actual,"9 Objective: This study was designed to explore the clinical application of video laryngoscopy in the diagnosis and treatment of throat foreign bodies (FBs). Method: In total, 1572 patients diagnosed ","The study you provided focuses on the use of video laryngoscopy, a medical procedure that uses a camera to help doctors see inside the throat, to diagnose and treat foreign bodies (FBs) that get stuck in the throat. Here are the key points from the study:

1. **Objective**: The study aimed to see how effective video laryngoscopy is in finding and removing foreign objects in the throat.

2. **Method**: Researchers looked at 1,572 patients who had foreign bodies in their throats at a hospital in Nanjing. They collected information about how long it took for patients to get to the hospital after swallowing the object, the patients' ages and genders, how long they stayed in the hospital, and where the object was stuck in the throat.

3. **Results**: 
   - The most common foreign body was fish bones, which made up about 92% of the cases.
   - Out of all the patients, 63.87% had their foreign bodies successfully removed using video laryngoscopy without any complications.
   - Patients who were admitted to the hospital for a shorter time had a higher success rate in diagnosing the issue with video laryngoscopy.
   - Sharp objects (like fish bones) were easier to diagnose than non-sharp objects.
   - The most common places where objects got stuck were the base of the tongue, a part of the throat called the epiglottic vallecula, the tonsils, and the pir","Objective: This study was designed to explore the clinical application of video laryngoscopy in the diagnosis and treatment of throat foreign bodies (FBs). Method: In total, 1572 patients diagnosed with throat FBs at the Department of Otolaryngology of Nanjing Drum Tower Hospital were retrospectively analysed. The covariables collected were the time from FB ingestion to admission, age, sex, duration of admission, and site of impaction. Result: The most common FBs were fish bones, which accounted",9.691713459950456,10.22,12.24,-0.5282865400495442,0.2892156862745099,1051,,0.8557970523834229
plaba,medium,medium,True,actual,"10 Background and aims: In previous studies, we successfully applied Low Level Laser Therapy (LLLT) in patients with non-specific chronic pain of the shoulder joint and lower back. The purpose of the ","Based on the context provided, the study investigated the effectiveness of Low Level Laser Therapy (LLLT) for treating chronic joint pain in the elbow, wrist, and fingers. The results showed that patients experienced a significant reduction in pain, as measured by the Visual Analogue Scale (VAS), after receiving LLLT. Specifically, the average pain score decreased from 59.2 before treatment to 33.1 after treatment, indicating a positive effect of the therapy. However, the relief from pain lasted for a limited time—about one and a half days for wrist pain and tennis elbow, and between three to fifteen hours for other types of pain. Importantly, there was no change in the range of motion for any of the patients.

In summary, LLLT was found to be effective in reducing chronic pain in the studied areas, but the pain relief was temporary and did not improve the movement of the joints.","Background and aims: In previous studies, we successfully applied Low Level Laser Therapy (LLLT) in patients with non-specific chronic pain of the shoulder joint and lower back. The purpose of the present study was to assess the effectiveness of LLLT for chronic joint pain of the elbow, wrist, and fingers. Subjects and methods: Nine male and 15 female patients with chronic joint pain of the elbow, wrist, or fingers, who were treated at the rehabilitation outpatient clinic at our hospital from Ap",9.535334486735874,10.6,12.82,-1.064665513264126,0.3073496659242761,989,,0.874304473400116
plaba,medium,medium,True,actual,"63 Purpose: Increased epidermal growth factor receptor (EGFR) expression may promote breast cancer resistance to endocrine therapy. We have therefore investigated whether neoadjuvant gefitinib, an EGF","The study you provided looked at how adding gefitinib, a drug that inhibits a specific protein called the epidermal growth factor receptor (EGFR), could help women with early breast cancer who were already being treated with anastrozole, a hormone therapy. The goal was to see if gefitinib could improve the effectiveness of anastrozole, especially for women whose cancer might not respond well to hormone therapy alone.

In this study, postmenopausal women with early-stage hormone receptor-positive breast cancer were given anastrozole for 16 weeks. Some women also received gefitinib, while others received a placebo (a pill with no active medication). The researchers measured changes in a specific marker called Ki67, which indicates how fast cancer cells are growing, and looked at how many patients had a positive response to the treatment.

The results showed that adding gefitinib did not significantly improve the treatment outcomes compared to anastrozole alone. The changes in Ki67 levels and the overall response rates were not better with the combination treatment than with anastrozole by itself. Additionally, some side effects were noted, such as diarrhea, rash, and nausea, but there was no interaction between the two drugs that would cause additional problems.

In conclusion, the study found that adding gefitinib to anastrozole did not provide any extra benefits for treating early breast cancer, which means the original idea that it would help was not supported by the results.","Purpose: Increased epidermal growth factor receptor (EGFR) expression may promote breast cancer resistance to endocrine therapy. We have therefore investigated whether neoadjuvant gefitinib, an EGFR inhibitor, might overcome biologic and clinical resistance to neoadjuvant anastrozole in a phase II placebo-controlled trial. Patients and methods: Postmenopausal women with stage I to IIIB hormone receptor-positive early breast cancer received anastrozole 1 mg daily for 16 weeks and were randomly as",8.906768905341089,14.14,14.55,-5.233231094658912,0.2045855379188712,1344,,0.858873188495636
plaba,medium,medium,True,actual,74 Objective: To evaluate whether the clinical characteristics of chronic cough were helpful in determining its specific causes. Methods: Patients with chronic cough were evaluated by a validated syst,"Based on the information provided, the study aimed to evaluate how the characteristics of chronic cough can help identify its specific causes. The researchers looked at 196 patients with chronic cough and grouped them into four categories based on their diagnosis: 

1. **Cough-variant asthma (CVA)** 
2. **Upper airway cough syndrome (UACS)** or post-nasal drip syndrome (PNDS)
3. **Eosinophilic bronchitis (EB)**
4. **Gastroesophageal reflux related cough (GERC)**

The study found that certain features of the cough, such as when it occurs (timing), its nature (character), and any related symptoms, can be helpful in determining which of these conditions is causing the cough.

For example:
- Nocturnal cough (coughing at night) was significantly more common in patients with cough-variant asthma (CVA) compared to the other groups.
- In GERC, coughing associated with meals and symptoms of regurgitation were more frequent than in the other groups.
- UACS patients often had symptoms related to postnasal drip and rhinitis (inflammation of the nasal passages).

In conclusion, understanding the timing and characteristics of a chronic cough, along with associated symptoms, can help doctors predict the underlying cause of the cough. This is important for providing the right treatment for each specific condition.","Objective: To evaluate whether the clinical characteristics of chronic cough were helpful in determining its specific causes. Methods: Patients with chronic cough were evaluated by a validated systematic diagnostic protocol. The patients with identified single cause were divided into 4 groups accordingly: cough-variant asthma (CVA), upper airway cough syndrome (UACS) or post-nasal drip syndrome (PNDS), eosinophilic bronchitis (EB), gastroesophageal reflux related cough (GERC), and the characteri",8.92823835094405,11.42,13.32,-2.4917616490559507,0.3360995850622406,1216,,0.8803455829620361
plaba,medium,medium,True,actual,"45 Background: Effect of nifedipine on pressure ulcer (PU) healing has not been evaluated in the human subjects yet. Study question: In this study, the effect of topical application of nifedipine 3% o","The study investigated how effective a 3% ointment of nifedipine is for healing pressure ulcers (PUs) in critically ill patients. Pressure ulcers are injuries to the skin and underlying tissue that occur when there is prolonged pressure on the skin, often seen in patients who are bedridden. 

In this study, 200 patients with stage I or II pressure ulcers were divided into two groups. One group received the nifedipine ointment, while the other group received a placebo (a treatment that has no active effect). The patients used the ointment or placebo twice a day for 14 days.

The results showed that patients who used the nifedipine ointment had a significantly greater improvement in both the stage of their pressure ulcers and the size of the ulcers compared to those who received the placebo. Specifically, on day 7, the nifedipine group saw a mean decrease in the stage of their ulcers by 1.71, while the placebo group only saw a decrease of 0.16. By day 14, the nifedipine group had a mean decrease of 0.78 compared to 0.09 in the placebo group.

Additionally, the size of the ulcers also decreased more in the nifedipine group. On day 7, the mean decrease in surface area was 1.44 square centimeters for the nifedipine group versus 0.32 for the placebo group. By day 14, the nifed","Background: Effect of nifedipine on pressure ulcer (PU) healing has not been evaluated in the human subjects yet. Study question: In this study, the effect of topical application of nifedipine 3% ointment on PU healing in critically ill patients was investigated. Study design: This was a randomized, double-blind, placebo-controlled clinical. Measures and outcomes: In this study, 200 patients with stage I or II PU according to 2-digit Stirling Pressure Ulcer Severity Scale were randomized to rece",9.328216810683426,7.89,10.41,1.438216810683426,0.3164062499999999,1226,,0.8532261252403259
plaba,medium,medium,True,actual,"35 BACKGROUND: Although bone mineral density (BMD) testing to screen for osteoporosis (BMD T score, 2.50 or lower) is recommended for women 65 years of age or older, there are few data to guide decisi","Based on the information provided, the strongest predisposing factor for osteopenia in the 66-year-old woman with a T-score of -1.5 at the femur is **A: Hypoparathyroidism**. 

Here's a brief explanation of the terms and context:

- **Osteopenia** is a condition where bone mineral density (BMD) is lower than normal, which can increase the risk of fractures. A T-score between -1.0 and -2.5 indicates osteopenia.
- **Hypoparathyroidism** is a condition where the body doesn't produce enough parathyroid hormone (PTH), which helps regulate calcium levels in the bones and blood. This can lead to weaker bones and increase the risk of osteopenia.
- **NSAIDs** (non-steroidal anti-inflammatory drugs) are commonly used for pain relief but are not directly linked to causing osteopenia.
- **Obesity** generally has a protective effect on bone density, as more weight can help strengthen bones.
- **Smoking** is harmful to overall health and can contribute to bone loss, but hypoparathyroidism is a more direct cause of osteopenia.

In summary, the best answer is **A: Hypoparathyroidism** as it is a significant factor that can lead to lower bone density and increase the risk of osteopenia.","BACKGROUND: Although bone mineral density (BMD) testing to screen for osteoporosis (BMD T score, 2.50 or lower) is recommended for women 65 years of age or older, there are few data to guide decisions about the interval between BMD tests. METHODS: We studied 4957 women, 67 years of age or older, with normal BMD (T score at the femoral neck and total hip, 1.00 or higher) or osteopenia (T score, 1.01 to 2.49) and with no history of hip or clinical vertebral fracture or of treatment for osteoporosi",8.911437412966112,9.27,12.89,-0.3585625870338873,0.1390593047034764,1241,,0.8300900459289551
plaba,medium,medium,True,actual,"32 Background: Hyperhomocysteinemia (HHCY) is a risk factor for cardiovascular and cerebrovascular diseases. The C677T 5, 10-methylenetetrahydrofolate reductase (MTHFR) gene polymorphism increases hom","The study you provided focuses on a genetic variation called the C677T polymorphism in the MTHFR gene and its relationship with high levels of homocysteine (HHCY) in stroke patients. Here’s a summary of the key points:

1. **What is Hyperhomocysteinemia (HHCY)?** 
   - HHCY is a condition where there are high levels of homocysteine, an amino acid in the blood. High levels can increase the risk of heart and brain problems, like strokes.

2. **What is the MTHFR Gene?**
   - The MTHFR gene helps break down homocysteine. The C677T polymorphism is a specific change in this gene that can affect how well it works.

3. **Study Findings:**
   - The study looked at 200 stroke patients with HHCY. Out of these, 162 patients completed the follow-up.
   - Most patients (about 63.5%) responded well to treatment aimed at lowering homocysteine levels, but 36.4% did not respond well.
   - The study found that patients with the TT genotype (a specific genetic makeup) were more likely to have poor treatment outcomes.

4. **Key Results:**
   - There were significant differences in age, hypertension (high blood pressure), and the effectiveness of treatment between the groups that responded well and those that did not.
   - The presence of the T allele","Background: Hyperhomocysteinemia (HHCY) is a risk factor for cardiovascular and cerebrovascular diseases. The C677T 5, 10-methylenetetrahydrofolate reductase (MTHFR) gene polymorphism increases homocysteine (HCY) levels. This study analyzed the relationship between C677T MTHFR polymorphism and the therapeutic effect of lowering HCY in stroke patients with HHCY. Methods: Baseline data were collected from stroke patients with HHCY for this prospective cohort study. The C677T MTHFR genotype was det",9.192507685551169,7.79,10.82,1.402507685551169,0.2212943632567849,1355,,0.8452292084693909
plaba,medium,medium,True,actual,"61 Zinc (Zn)-enriched yeast and gluconate are considered two of the more biologically available supplements. However, there have been few reports comparing the bioavailability of these supplements. Th","The clinical effect of vitamin D is reduced by the simultaneous ingestion of phytates. 

Phytates are compounds found in certain plant foods, like grains and legumes, that can bind to minerals and reduce their absorption in the body. This means that if you take vitamin D at the same time as foods high in phytates, your body may not absorb the vitamin D as effectively. 

In summary, if you're taking vitamin D supplements, it's best to avoid taking them with foods high in phytates to ensure you get the full benefit of the vitamin.","Zinc (Zn)-enriched yeast and gluconate are considered two of the more biologically available supplements. However, there have been few reports comparing the bioavailability of these supplements. The objective of this study was to demonstrate whether Zn was absorbed better by healthy male volunteers when given supplements where the mineral is found organically bound in yeast or as a salt gluconate form. The trial used a randomized, two-way crossover design. Urine, blood, and fecal samples were co",9.624102564102568,11.4,13.82,-1.7758974358974324,0.1216216216216216,813,,0.8312176465988159
plaba,medium,medium,True,actual,32 Objective: We evaluated the interaction of serum folate and vitamin B12 with methylenetetrahydrofolate reductase (MTHFR) C677T genotypes on the risk of first ischemic stroke and on the efficacy of ,"The study you provided looked at how levels of folate (a type of B vitamin) and vitamin B12 interact with a specific gene (MTHFR C677T) to affect the risk of having a first ischemic stroke in people with high blood pressure. 

Here’s a breakdown of the key points:

1. **Ischemic Stroke**: This is a type of stroke that happens when blood flow to the brain is blocked, often due to a blood clot.

2. **Folate and Vitamin B12**: These are important vitamins that help keep our blood and nerve cells healthy. Low levels of these vitamins can increase the risk of health problems, including strokes.

3. **MTHFR Gene**: This gene helps the body process folate. There are different versions (genotypes) of this gene, and they can affect how well a person responds to folate treatment.

4. **Study Findings**:
   - People with low levels of folate and B12 had a higher risk of having a stroke.
   - Treatment with folic acid (a form of folate) reduced the risk of stroke, especially in those with low levels of both vitamins.
   - Those with the CC genotype (a specific version of the MTHFR gene) responded particularly well to folic acid treatment when their vitamin levels were low.
   - Conversely, people with the TT genotype (another version of the gene) did better when their folate and B12 levels were high","Objective: We evaluated the interaction of serum folate and vitamin B12 with methylenetetrahydrofolate reductase (MTHFR) C677T genotypes on the risk of first ischemic stroke and on the efficacy of folic acid treatment in prevention of first ischemic stroke. Methods: A total of 20,702 hypertensive adults were randomized to a double-blind treatment of daily enalapril 10 mg and folic acid 0.8 mg or enalapril 10 mg alone. Participants were followed up every 3 months. Results: Median values of folate",8.155993346007605,9.4,11.21,-1.244006653992395,0.2418426103646833,1368,,0.8241791725158691
plaba,medium,medium,True,actual,"14 Suggested food, vaccination, drugs, and supplementary for the immune system for COVID-19. According to the World Health Organization, healthy foods and hydration are vital. Individuals consuming a ","To support your immune system, especially during times like the COVID-19 pandemic, it's important to focus on a balanced diet and healthy lifestyle choices. Here are some key recommendations based on the information provided:

### Suggested Foods:
1. **Fruits and Vegetables**: These are rich in vitamins and minerals. Aim for a variety of colors to get a wide range of nutrients.
2. **Legumes**: Foods like beans and lentils are great sources of protein and fiber.
3. **Nuts and Seeds**: These provide healthy fats and are also good sources of vitamin E and zinc.
4. **Whole Grains**: Foods like brown rice, quinoa, and whole grain bread are important for energy and nutrients.
5. **Animal Sources**: If you eat meat, focus on lean proteins like chicken (white meat) and fish, which have immune-boosting properties.
6. **Healthy Fats**: Choose unsaturated fats, such as those found in olive oil and avocados.

### Vitamins and Minerals:
- **Vitamin B**: Helps protect against infections.
- **Vitamin C**: Can help reduce flu-like symptoms.
- **Vitamin D**: Important for immune function; you can get it from sunlight and certain foods like fatty fish.
- **Vitamin E**: Found in nuts and seeds, it also supports the immune system.
- **Zinc**: Essential for maintaining a healthy immune response.

### Hydration:
- Drink **8 to","Suggested food, vaccination, drugs, and supplementary for the immune system for COVID-19. According to the World Health Organization, healthy foods and hydration are vital. Individuals consuming a well-balanced diet are healthier with a strong immune system and have a reduced risk of chronic illness, infectious diseases. Vitamins and minerals are vital. Vitamin B, insoluble in water, protects from infection. Vitamin C protects from flu-like symptoms. Insufficient vitamin D and vitamin E can lead",9.95865413533835,8.16,11.47,1.7986541353383494,0.1711899791231733,1083,,0.8349149227142334
plaba,medium,medium,True,actual,33 Purpose: The pharmacokinetics of gabapentin in paediatric patients with uncontrolled seizures was studied. Methods: Thirteen paediatric patients (mean age: 9.4 years) with uncontrolled partial seiz,"The study you provided looked at how gabapentin works in children who have uncontrolled partial seizures. Here’s a breakdown of the key points:

1. **Participants**: The study included 13 children, with an average age of about 9 years, who were having trouble controlling their seizures.

2. **Dosage**: The children were given gabapentin, and the amount they received was adjusted based on their weight. The doses ranged from 9.6 to 39.8 mg for each kilogram of their body weight per day.

3. **Testing**: Blood samples were taken from the children before they took their dose and then over the next 8 hours to see how much gabapentin was in their blood.

4. **Results**:
   - The highest concentration of gabapentin in the blood (C(max)) varied from 0.9 to 5.8 micrograms per milliliter, with an average of 2.6 micrograms.
   - The time it took to reach this highest concentration (T(max)) ranged from 0.5 to 2.0 hours, with an average of 1.6 hours.
   - The rate at which gabapentin was cleared from the body (apparent clearance) varied widely among the children.
   - The half-life, which is the time it takes for half of the drug to leave the body, ranged from 3.2 to 12.2 hours, with an average",Purpose: The pharmacokinetics of gabapentin in paediatric patients with uncontrolled seizures was studied. Methods: Thirteen paediatric patients (mean age: 9.4 years) with uncontrolled partial seizures were included. Patients received gabapentin orally until doses were individualized to 9.6-39.8 mg/kg/day. Blood samples were obtained just prior to the dose and over 8 h after gabapentin was administered in the fasting state. The plasma concentration of gabapentin was measured by a high-performanc,8.15969041657182,5.09,8.68,3.06969041657182,0.3097949886104783,1188,,0.8599461913108826
plaba,medium,medium,True,actual,74 The aim of the study was to report on the prevalence and severity of laryngopharyngeal symptoms in patients with COPD compared to controls. A total of 27 patients with COPD and 13 controls matched ,"The study you mentioned looked at patients with Chronic Obstructive Pulmonary Disease (COPD) and compared them to a control group (people without COPD). It found that patients with COPD had more severe symptoms related to laryngopharyngeal reflux, which is when stomach acid comes up into the throat and voice box area. 

Here are some key points from the study:

1. **Participants**: There were 27 patients with COPD and 13 control participants matched by age and gender.
2. **Symptoms**: The COPD patients reported higher scores on the Reflux Symptom Index, which measures how often they experience symptoms like hoarseness, throat clearing, excessive mucus, cough, and a sensation of something stuck in their throat.
3. **Results**: A significant number of COPD patients (18 out of 27) had a high score on the Reflux Symptom Index, indicating they experienced more severe symptoms compared to just one person in the control group.

In summary, the study concluded that people with COPD experience more frequent and severe laryngopharyngeal symptoms compared to those without the disease. This suggests that managing reflux symptoms may be important for improving the quality of life in COPD patients.","The aim of the study was to report on the prevalence and severity of laryngopharyngeal symptoms in patients with COPD compared to controls. A total of 27 patients with COPD and 13 controls matched according to age and gender were included. Demographic data included age, gender, history of smoking and history of allergic rhinitis. The Reflux symptom Index described by Belafsky et al. was used. The frequency and average score of each of the laryngopharyngeal symptoms were computed. The mean age of",9.60445612762872,12.28,12.6,-2.6755438723712786,0.2639593908629442,1116,,0.8622403144836426
plaba,medium,medium,True,actual,63 Previous studies have demonstrated that both anastrozole and letrozole are well tolerated. Letrozole suppresses estrogen to a greater degree than anastrozole in the serum and breast tumor. Concerns,"Based on the information provided, both anastrozole and letrozole are types of medications known as aromatase inhibitors (AIs) used to treat hormone receptor-positive breast cancer in postmenopausal women. The study involved 181 women who were given either letrozole or anastrozole in different sequences to see how well they tolerated the medications and how these drugs affected their quality of life (QOL).

The key findings from the study are:

1. **Tolerance**: Both medications were well tolerated by the patients. This means that most women did not have severe side effects that would make them stop taking the medication.

2. **Quality of Life**: There were no significant changes in the overall quality of life scores or in the scores related to endocrine symptoms (like hot flashes or mood changes) while taking either medication. This suggests that both drugs have a similar impact on the patients' daily lives.

3. **Side Effects**: Nearly 80% of patients reported experiencing side effects with either drug, but there were no significant differences in the type or severity of side effects between anastrozole and letrozole.

4. **Patient Preference**: Among the patients, some preferred letrozole, some preferred anastrozole, and others had no preference. The differences in preference were not statistically significant, meaning that it was not clear that one drug was preferred over the other.

In conclusion, both anastrozole and letrozole are effective and",Previous studies have demonstrated that both anastrozole and letrozole are well tolerated. Letrozole suppresses estrogen to a greater degree than anastrozole in the serum and breast tumor. Concerns have been raised that greater potency may adversely affect patients' quality of life (QOL). One hundred eighty-one postmenopausal women with invasive estrogen receptor-positive breast cancers were randomized to receive either 12 weeks of letrozole followed by 12 weeks of anastrozole or the reverse seq,9.274705089315807,12.21,14.16,-2.9352949106841937,0.2564102564102564,1243,,0.8598152995109558
plaba,medium,medium,True,actual,"4 Diabetes mellitus is a common disease whose complications are severe. For decades, the diagnosis of diabetes and prediabetes was using only fasting glucose or glucose two hours during an oral glucos","The article discusses how diabetes mellitus is diagnosed and highlights three main tests used for this purpose: fasting glucose, oral glucose tolerance test, and HbA1c. 

1. **Fasting Glucose Test**: This test measures your blood sugar level after you haven't eaten for at least 8 hours. It's simple and quick but can sometimes give misleading results if you're not fasting properly.

2. **Oral Glucose Tolerance Test (OGTT)**: In this test, you drink a sugary solution, and your blood sugar is measured two hours later. It helps to see how your body processes sugar, but it can be more time-consuming and inconvenient.

3. **HbA1c Test**: This test measures your average blood sugar level over the past two to three months. It gives a broader picture of your blood sugar control but may not be suitable for everyone, such as those with certain health conditions.

Each of these tests has its strengths and weaknesses, and doctors may use one or more of them to accurately diagnose diabetes or prediabetes. Understanding these tests helps healthcare providers give better care to their patients.","Diabetes mellitus is a common disease whose complications are severe. For decades, the diagnosis of diabetes and prediabetes was using only fasting glucose or glucose two hours during an oral glucose tolerance test. Recently, it is possible to use HbA1c. Each of these tests has advantages and limitations that must be well known by clinicians for better care for patients. So they could use one, two or three of this tests to reach to a proper diagnosis. The aim of this article is about the strong ",8.987826086956524,10.35,12.65,-1.3621739130434758,0.2116788321167883,746,,0.8591389656066895
plaba,medium,medium,True,actual,73 Background: Surgical pain is managed with multi-modal anaesthesia in total hip replacement (THR) and total knee replacement (TKR). It is unclear whether including local anaesthetic infiltration bef,"The study you provided looked at how local anesthetic infiltration (injecting pain relief medication into the area around the surgical site) can help manage pain after total hip replacement (THR) and total knee replacement (TKR) surgeries. Here’s a summary of the findings:

1. **Pain Reduction**: Patients who received local anesthetic infiltration experienced less pain at rest and during activity compared to those who did not receive it. Specifically:
   - After 24 hours, there was a significant reduction in pain at rest for THR patients.
   - After 48 hours, pain during activity was also reduced for both THR and TKR patients.

2. **Hospital Stay**: Patients who received local anesthetic infiltration spent fewer days in the hospital after their surgeries. This means they could recover and go home sooner.

3. **Opioid Use**: Those who had the local anesthetic also used fewer opioid pain medications, which can have side effects and risks.

4. **Mobility**: Patients were able to move around more quickly after surgery when they received the local anesthetic.

5. **Side Effects**: There were fewer instances of vomiting among patients who received the local anesthetic.

6. **Infection Risk**: While local anesthetic infiltration is beneficial for short-term pain relief, there is a concern about the potential risk of infection, especially if additional pain relief methods are used.

In conclusion, using local anesthetic infiltration can be an effective way to reduce pain","Background: Surgical pain is managed with multi-modal anaesthesia in total hip replacement (THR) and total knee replacement (TKR). It is unclear whether including local anaesthetic infiltration before wound closure provides additional pain control. Methods: We performed a systematic review of randomised controlled trials of local anaesthetic infiltration in patients receiving THR or TKR. We searched MEDLINE, Embase and Cochrane CENTRAL to December 2012. Two reviewers screened abstracts, extracte",9.870203847728206,12.69,14.31,-2.8197961522717936,0.2105263157894737,1385,,0.8440369367599487
plaba,medium,medium,True,actual,"61 Zinc (Zn)-enriched yeast and gluconate are considered two of the more biologically available supplements. However, there have been few reports comparing the bioavailability of these supplements. Th","The clinical effect of vitamin D is reduced by the simultaneous ingestion of phytates. 

Phytates are compounds found in certain plant foods, like grains and legumes, that can bind to minerals and reduce their absorption in the body. This means that if you take vitamin D at the same time as foods high in phytates, your body may not absorb the vitamin D as effectively. 

In summary, if you're taking vitamin D supplements, it's best to avoid taking them with foods high in phytates to ensure you get the full benefit of the vitamin.","Zinc (Zn)-enriched yeast and gluconate are considered two of the more biologically available supplements. However, there have been few reports comparing the bioavailability of these supplements. The objective of this study was to demonstrate whether Zn was absorbed better by healthy male volunteers when given supplements where the mineral is found organically bound in yeast or as a salt gluconate form. The trial used a randomized, two-way crossover design. Urine, blood, and fecal samples were co",9.624102564102568,11.4,13.82,-1.7758974358974324,0.1216216216216216,813,,0.8312176465988159
plaba,high,high,True,actual,"37 Herpes zoster is an acute, painful, herpes skin disease caused by varicella-zoster virus, which may cause viral meningitis. Pregabalin has been shown to be efficacious in the treatment of pain in p","The case presented describes a 68-year-old female patient with herpes zoster who experienced stuttering and frequent blepharospasm after three days of treatment with pregabalin. These symptoms resolved completely within a week after discontinuation of the medication, suggesting a potential adverse effect related to pregabalin.

Pregabalin is an anticonvulsant and neuropathic pain agent that can cause various side effects, including neurotoxicity, which may manifest as movement disorders or speech disturbances. The occurrence of stuttering and blepharospasm in this patient indicates that while pregabalin is effective for managing pain associated with herpes zoster, it can also lead to rare neurological side effects.

Clinicians should be vigilant for such rare but significant adverse effects when prescribing pregabalin, particularly in older patients or those with pre-existing neurological conditions. Monitoring for these symptoms is crucial, as timely recognition and discontinuation of the offending medication can lead to complete resolution of the symptoms without the need for additional treatment.","Herpes zoster is an acute, painful, herpes skin disease caused by varicella-zoster virus, which may cause viral meningitis. Pregabalin has been shown to be efficacious in the treatment of pain in patients with herpes zoster. However, it has the side effects of neurotoxicity. We describe a 68-year-old female patient with herpes zoster, and she was treated with pregabalin. The patient presented with stuttering and frequent blepharospasm after 3 days of pregabalin treatment. Pregabalin was disconti",11.008333333333336,18.03,18.6,-7.021666666666665,0.2580645161290322,871,,0.8736240863800049
plaba,high,high,True,actual,33 The objective of this study was to perform population pharmacokinetic (PK) analysis of gabapentin in healthy Korean subjects and to investigate the possible effect of genetic polymorphisms (1236C >,"The study aimed to analyze the population pharmacokinetics (PK) of gabapentin in healthy Korean subjects and to explore the influence of genetic polymorphisms in the ABCB1 gene on gabapentin's PK parameters. A total of 173 subjects were involved in bioequivalence studies where they received various doses of gabapentin (300, 400, and 800 mg). The analysis utilized a nonlinear mixed-effects model (NONMEM) to estimate the PK parameters.

Key findings from the study include:

1. **Inter-individual Variability**: Gabapentin exhibited considerable variability in PK parameters among individuals, ranging from 5.2 to 8.7-fold.

2. **Pharmacokinetic Model**: The serum concentration of gabapentin was well described by a one-compartment model with first-order absorption and a lag time.

3. **Oral Clearance and Volume of Distribution**: The oral clearance was estimated at 11.1 L/h, and the volume of distribution was characterized as 81.0 L.

4. **Absorption Rate Constant**: The absorption rate constant was estimated to be 0.860 h⁻¹, with a lag time of 0.311 h.

5. **Oral Bioavailability**: The study found that oral bioavailability decreased with increasing doses: 68.8% at 300 mg, 62.7% at 400 mg, and 47.1% at 800","The objective of this study was to perform population pharmacokinetic (PK) analysis of gabapentin in healthy Korean subjects and to investigate the possible effect of genetic polymorphisms (1236C > T, 2677G > T/A, and 3435C > T) of ABCB1 gene on PK parameters of gabapentin. Data were collected from bioequivalence studies, in which 173 subjects orally received three different doses of gabapentin (300, 400, and 800 mg). Only data from reference formulation were used. Population pharmacokinetics (P",10.342550387596903,10.08,12.1,0.2625503875969031,0.5084033613445379,1266,,0.8651561141014099
plaba,high,high,True,actual,61 The comparative absorption of zinc after oral administration of three different complexed forms was studied in 15 healthy human volunteers in a double-blind four-period crossover trial. The individ,"The study investigated the comparative absorption of zinc from three different complexed forms—zinc picolinate, zinc citrate, and zinc gluconate—administered to 15 healthy volunteers in a double-blind, four-period crossover trial. Each participant received a daily supplementation equivalent to 50 mg of elemental zinc for four weeks, rotating through the different forms and a placebo.

The findings indicated that zinc picolinate significantly enhanced zinc absorption, as evidenced by marked increases in zinc levels measured in hair, urine, and erythrocytes (red blood cells) after its administration, with statistical significance (p < 0.005 for hair and p < 0.001 for urine and erythrocytes). In contrast, no significant changes were observed in zinc levels from zinc gluconate, zinc citrate, or the placebo group. Additionally, serum zinc levels exhibited a small, insignificant increase across all groups, including zinc picolinate, zinc citrate, and placebo.

These results suggest that complexing zinc with picolinic acid (as in zinc picolinate) may enhance its bioavailability and absorption in humans compared to the other forms tested. This has implications for clinical conditions where zinc supplementation is beneficial, such as age-related macular degeneration (AMD).","The comparative absorption of zinc after oral administration of three different complexed forms was studied in 15 healthy human volunteers in a double-blind four-period crossover trial. The individuals were randomly divided into four groups. Each group rotated for four week periods through a random sequence of oral supplementation including: zinc picolinate, zinc citrate, and zinc gluconate (equivalent to 50 mg elemental zinc per day) and placebo. Zinc was measured in hair, urine, erythrocyte an",11.336418400876234,15.04,16.59,-3.7035815991237655,0.4089635854341736,889,,0.88810133934021
plaba,high,high,True,actual,"61 Currently much attention has been given to the neurotoxicity of zinc, yet little is known about the influence of the counterions present. Therefore, we investigated the influence of different Zn(2+","Based on the context provided regarding the neurotoxicity of zinc and the effects of various Zn(2+)-salts on cell viability, it is evident that different salts exhibit varying levels of cytotoxicity. Specifically, zinc-citrate and zinc-sulphate were identified as the most toxic salts, particularly at lower concentrations. In contrast, zinc-histidinate demonstrated low cytotoxicity and did not induce significant cell death even at higher concentrations.

In summary, the key findings indicate that:

1. **Cytotoxicity Levels**: Zn(2+)-salts can be categorized based on their cytotoxic effects:
   - **High Cytotoxicity**: Zinc-citrate, zinc-sulphate
   - **Moderate Cytotoxicity**: Zinc-orotate, zinc-acetate, zinc-chloride, zinc-gluconate
   - **Low Cytotoxicity**: Zinc-histidinate

2. **Mechanisms of Cell Death**: The study noted that cell death could exhibit characteristics of both necrosis and apoptosis, depending on the concentration and type of zinc salt used.

3. **Uptake and Toxicity Correlation**: There appears to be a correlation between the uptake of Zn(2+) from certain salts (notably zinc-sulphate and zinc-citrate) and their toxicity levels.

In conclusion, when assessing the neurotoxic potential of zinc and its salts, it is crucial to consider both the type","Currently much attention has been given to the neurotoxicity of zinc, yet little is known about the influence of the counterions present. Therefore, we investigated the influence of different Zn(2+)-salts (concentrations range 0.05-0.3 mM) on cell viability, ATP and glutathione concentration and caspase activation in differentiated PC12 cells as a model for neuronal cells. Generally, at concentrations of 0.05 mM most Zn(2+)-salts were not cytotoxic except for zinc-citrate. At concentrations betw",13.166827956989248,17.55,18.11,-4.383172043010752,0.28428927680798,1030,,0.8319630026817322
plaba,high,high,True,actual,"75 Sickle cell anemia (SCA), albeit monogenic, has heterogeneous phenotypic expression, mainly related to the level of hemoglobin F (HbF). No large cohort studies have ever compared biological paramet","The study you referenced investigates the phenotypic variability of sickle cell anemia (SCA) in relation to different β-globin haplotypes and their impact on hemoglobin F (HbF) levels, which are crucial in modulating the severity of the disease. The findings indicate that patients with the Benin (BEN) haplotype exhibit the most favorable hematological outcomes, particularly in response to hydroxyurea (HU) treatment, compared to those with the Central African Republic (CAR) and Senegal (SEN) haplotypes.

Key points from the study include:

1. **Haplotype Distribution**: Among the cohort, the majority of homozygous β-haplotype patients were identified as CAR/CAR (37.4%), followed by BEN/BEN (24.3%) and SEN/SEN (12.1%).

2. **Correlation with Hematological Parameters**: At baseline, the CAR haplotype was associated with lower hemoglobin (Hb) levels and higher lactate dehydrogenase (LDH) levels, indicating more hemolysis. Conversely, HbF levels were positively correlated with the BEN and SEN haplotypes, suggesting that these haplotypes may confer some protective effect against the severity of SCA.

3. **BCL11A Gene Influence**: The presence of the BCL11A/rs1427407 ""T"" allele, which is known to enhance HbF expression, was positively correlated with the BEN","Sickle cell anemia (SCA), albeit monogenic, has heterogeneous phenotypic expression, mainly related to the level of hemoglobin F (HbF). No large cohort studies have ever compared biological parameters in patients with major -globin haplotypes; ie, Senegal (SEN), Benin (BEN), and Bantu/Central African Republic (CAR). The aim of this study was to evaluate the biological impact of genes, haplotypes, and glucose-6-phosphate dehydrogenase (G6PD) activity at baseline and with hydroxyurea (HU). Homozyg",13.25478048780488,14.98,16.59,-1.725219512195121,0.2901098901098901,1231,,0.8543883562088013
plaba,high,high,True,actual,59 Reports of waning antibody levels and breakthrough infections among vaccinated individuals1 have prompted the recommendation for vaccine boosters to prevent SARS-CoV-2 infections. Despite more than,"The context provided outlines a study conducted in Singapore regarding the effectiveness of COVID-19 vaccine boosters in preventing SARS-CoV-2 infections and reducing disease severity among older adults, particularly those aged 60 and above. The study was prompted by reports of waning antibody levels and breakthrough infections despite high vaccination rates.

Key findings from the study include:

1. **Booster Administration**: Adults aged 60 years and older who completed their primary vaccination series at least six months prior were invited to receive a booster dose. They had the option of receiving either the BNT162b2 (Pfizer-BioNTech) or mRNA-1273 (Moderna) vaccine.

2. **Study Design**: The study analyzed data from September 15 to October 31, 2021, focusing on individuals who received boosters during this period. It utilized a Poisson regression model to estimate the incidence rate ratios (IRR) of confirmed infections and severe disease between those who received boosters and those who did not.

3. **Results**: 
   - Among individuals who received BNT162b2 as their primary series, those who received a homologous booster (BNT162b2) had significantly lower incidences of confirmed infections (227.9 per million person-days) and severe infections (1.4 per million person-days) compared to non-boosted individuals (600.4 and 20.5, respectively).
   - For heterologous boosters (mRNA-127","Reports of waning antibody levels and breakthrough infections among vaccinated individuals1 have prompted the recommendation for vaccine boosters to prevent SARS-CoV-2 infections. Despite more than 80% of the population in Singapore having received 2 doses of a COVID-19 vaccine, cases surged in September 2021 with the relaxation of social distancing and quarantine measures. In response, adults 60 years and older who completed their primary vaccination series at least 6 months prior were invited ",12.485829930338705,13.15,14.31,-0.6641700696612958,0.2124248496993987,1912,,0.8556901812553406
plaba,high,high,True,actual,61 The normal human prostate accumulates the highest levels of zinc (Zn) of any soft tissue in the body. The pool of zinc available to the body is known to significantly decrease with age. It is sugge,"The study highlights the significant role of zinc (Zn) in prostate health, particularly in relation to its bioavailability from different zinc compounds. In the context of the findings, zinc gluconate and zinc citrate were shown to effectively increase zinc concentrations in the prostate of male rats, with zinc gluconate demonstrating this effect even at the lowest tested dose of 3.0 mg Zn/kg body weight. In contrast, zinc sulfate exhibited the lowest bioavailability, failing to produce a significant increase in zinc levels within the prostate tissue.

Given the normal human prostate's propensity to accumulate zinc and the decline of zinc levels with age, dietary zinc supplementation, particularly with zinc gluconate, may be beneficial in mitigating oxidative damage and potentially reducing cancer risk. This is particularly relevant for men, as the prostate is the soft tissue with the highest zinc concentration in the body. Therefore, for individuals seeking to enhance their zinc intake, especially those with prostate health concerns, zinc gluconate could be a preferable option based on its superior bioavailability compared to zinc sulfate.",The normal human prostate accumulates the highest levels of zinc (Zn) of any soft tissue in the body. The pool of zinc available to the body is known to significantly decrease with age. It is suggested that dietary Zn supplementation protects against oxidative damage and reduces the risk of cancer. Zinc sulfate and zinc gluconate were the most frequently mentioned in per os administration in studies on Zn supplementation. The major aim of the study was to compare the bioavailability of different,11.0941935483871,14.99,14.76,-3.8958064516129,0.2656641604010025,936,,0.8799707889556885
plaba,high,high,True,actual,"31 Aim: The aim of this study was to summarize the characteristics, efficacy, and safety of vesicular monoamine transporter-2 (VMAT-2) inhibitors for treating tardive dyskinesia (TD). Materials and me","The study summarized the efficacy and safety of vesicular monoamine transporter-2 (VMAT-2) inhibitors, specifically deutetrabenazine and valbenazine, in treating tardive dyskinesia (TD). Both drugs demonstrated significant efficacy in reducing abnormal involuntary movements, as measured by the Abnormal Involuntary Movement Scale (AIMS), outperforming placebo in double-blind, randomized controlled trials. 

Deutetrabenazine showed a standardized mean difference (SMD) of -0.40 and a weighted mean difference (WMD) of -1.44, while valbenazine had an SMD of -0.58 and a WMD of -2.07, both with p-values indicating statistical significance (p<0.001). The responder rates, defined as a 50% reduction in AIMS scores, were also favorable for both medications, with deutetrabenazine showing a risk ratio (RR) of 2.13 and valbenazine an RR of 3.05, suggesting that patients treated with these medications were significantly more likely to experience substantial improvement compared to those receiving placebo.

Long-term efficacy was supported by open-label extension studies, which indicated that responder rates increased over time. Importantly, there were no significant increases in adverse events compared to placebo, alleviating concerns regarding the risk of depression or suicidal ideation in patients with TD. However, it is noted that there is a lack of high-quality data for tetrabenazine and no","Aim: The aim of this study was to summarize the characteristics, efficacy, and safety of vesicular monoamine transporter-2 (VMAT-2) inhibitors for treating tardive dyskinesia (TD). Materials and methods: We conducted a literature search in PubMed, Cochrane Database, and ClinicalTrials.gov, screening for systematic reviews, meta-analyses or double-blind, randomized, placebo-controlled trials (DBRPCTs) reporting efficacy or safety data of VMAT-2 inhibitors (tetrabenazine, deutetrabenazine, and val",10.89287356321839,12.67,14.99,-1.777126436781609,0.2951334379905809,1585,,0.8436713814735413
plaba,high,high,True,actual,25 Objectives: We aimed to evaluate the impact of neutralizing monoclonal antibodies (mAbs) treatment and to determine whether the mAbs selective pressure could facilitate the proliferation of virus v,"The study aimed to assess the effects of neutralizing monoclonal antibodies (mAbs) on SARS-CoV-2 viral load in patients and to investigate whether the selective pressure exerted by these mAbs could lead to the emergence of viral variants with mutations in the spike protein that may reduce the effectiveness of the treatments. 

In this evaluation, the researchers treated patients with different combinations of mAbs: Bamlanivimab alone (4 patients), Bamlanivimab in combination with Etesevimab (23 patients), and Casirivimab with Imdevimab (5 patients). The results indicated a significant reduction in the nasopharyngeal (NP) viral load, decreasing from an average of 8.2 log10 copies/ml prior to treatment to 4.3 log10 copies/ml seven days post-administration.

However, in five immunocompromised patients treated with Bamlanivimab/Etesevimab, mutations in the spike protein that reduced the activity of the mAbs were identified. Specifically, two patients developed variants with the Q493R mutation, while another patient exhibited the Q493K mutation, and a fourth patient had the E484K mutation. Notably, the emergence of these mutations was associated with stabilization or a rebound in NP viral load in three of the five patients.

The conclusion drawn from this study is that the use of two-mAb therapy can promote the selection of resistant SARS-CoV-2 variants in immunocomprom",Objectives: We aimed to evaluate the impact of neutralizing monoclonal antibodies (mAbs) treatment and to determine whether the mAbs selective pressure could facilitate the proliferation of virus variants with spike protein mutations that might attenuate mAb effectiveness. Patients and methods: We therefore evaluated the impact of mAbs on the nasopharyngeal (NP) viral load and virus quasispecies of mAb-treated patients using single molecule real time sequencing (Pacific Biosciences). The mAbs us,13.22909090909091,14.37,16.32,-1.1409090909090889,0.4778761061946903,1071,,0.8528246879577637
plaba,high,high,True,actual,52 Turner Syndrome (TS) is a condition where several genes are affected but the molecular mechanism remains unknown. Identifying the genes that regulate the TS network is one of the main challenges in,"Turner Syndrome (TS) is a genetic condition characterized by the absence or structural abnormalities of one of the two X chromosomes in females, leading to various developmental and physiological challenges. The study you referenced highlights the complexity of the regulatory network associated with TS, emphasizing the identification of key regulators (KRs) such as KDM6A and BDNF, which are crucial for the network's functionality.

The power-law distribution analysis indicates that the TS network exhibits scale-free hierarchical fractal properties, suggesting a robust organization that can withstand the removal of certain components without collapsing. This resilience is attributed to the hierarchical nature of the network, where nodes (genes or proteins) operate at different levels of importance, and the absence of a central control system allows for flexibility in the network's structure.

The identification of interologs, particularly the interactions between KDM6A, WDR5, and ASH2L, underscores the evolutionary conservation of these essential proteins across species, from simpler organisms like *Caenorhabditis elegans* to more complex mammals such as cats and macaques. This conservation suggests that the regulatory mechanisms involved in TS may be fundamental biological processes shared across different life forms.

In summary, the study provides insights into the genetic and molecular underpinnings of Turner Syndrome, highlighting the significance of KDM6A and BDNF as key regulators and the importance of their interactions within the broader regulatory network. Understanding these relationships is crucial for elucidating the etiology of TS and may","Turner Syndrome (TS) is a condition where several genes are affected but the molecular mechanism remains unknown. Identifying the genes that regulate the TS network is one of the main challenges in understanding its aetiology. Here, we studied the regulatory network from manually curated genes reported in the literature and identified essential proteins involved in TS. The power-law distribution analysis showed that TS network carries scale-free hierarchical fractal attributes. This organization",13.168979591836738,20.58,19.91,-7.41102040816326,0.2657657657657657,795,,0.8639248609542847
plaba,high,high,True,actual,"49 BACKGROUND Lipedema is a common condition that presents as excessive fat deposition in the extremities, initially sparing the trunk, ankles, and feet, and is found mainly in women, usually occurrin","The case report outlines the journey of a 41-year-old woman with Stage 3 lipedema and lipo-lymphedema, emphasizing the importance of accurate diagnosis to prevent mismanagement of the condition. Lipedema is characterized by disproportionate fat accumulation in the lower extremities, which is often mistaken for obesity. 

In this case, the patient experienced significant weight loss following a Roux-en-Y gastric bypass, yet her legs remained disproportionately enlarged, indicating that lipedema was not merely a result of obesity but a distinct pathological condition. The subsequent development of hypoalbuminemia, lymphopenia, and hypolipoproteinemia suggests a state of protein and calorie malnutrition, likely exacerbated by her dietary restrictions in an attempt to manage her weight.

The conclusion underscores the critical need for healthcare providers to recognize lipedema early to prevent patients from undergoing unnecessary dietary restrictions that could lead to malnutrition. This case illustrates that while lipedema can lead to significant physical changes, it is not solely a cosmetic issue but one that can have serious health implications if not properly addressed. 

In summary, the report highlights the necessity of distinguishing lipedema from obesity to ensure appropriate management and avoid the adverse effects of malnutrition.","BACKGROUND Lipedema is a common condition that presents as excessive fat deposition in the extremities, initially sparing the trunk, ankles, and feet, and is found mainly in women, usually occurring after puberty or pregnancy. Lipedema can progress to include lipo-lymphedema of the ankles and feet. This report is of a 41-year old woman with Stage 3 lipedema and lipo-lymphedema with excessive fat of the lower body since puberty, with progression to swollen ankles and feet despite dietary caloric ",12.275438648488445,19.04,20.13,-6.764561351511555,0.2197309417040359,1077,,0.862382709980011
plaba,high,high,True,actual,"45 Objective: To evaluate the effectiveness of topical pentoxifylline (PTX) on pressure ulcer (PU) healing in critically ill patients. Method: In this randomised, double blind, placebo-controlled clin","The objective of the study was to evaluate the effectiveness of topical pentoxifylline (PTX) in promoting the healing of pressure ulcers (PUs) in critically ill patients. This was conducted through a randomized, double-blind, placebo-controlled clinical trial involving patients with category I or II PUs. Participants were assigned to receive either a 5% topical PTX ointment or a placebo, applied twice daily for a duration of 14 days.

The assessment of PU characteristics, specifically the category and size, was performed using the Stirling Pressure Ulcer Severity Scale at baseline (day zero), day seven, and day 14 of treatment. Measurements of PU length and width were taken with a disposable ruler and expressed in square centimeters (cm²).

The results indicated that a total of 112 adult patients were enrolled in the study. At baseline, the median PU size was 32 cm², with a severity score of 1. Over the treatment period, the PTX group exhibited significant reductions in both PU size and severity scores at all assessed intervals (day seven versus day zero, day 14 versus day zero, and day 14 versus day seven) when compared to the placebo group. 

In conclusion, the study found that the application of topical PTX 5% ointment twice daily for 14 days resulted in significant improvements in the severity and size of pressure ulcers in critically ill patients, suggesting that PTX may be a viable treatment option for categories I and II P","Objective: To evaluate the effectiveness of topical pentoxifylline (PTX) on pressure ulcer (PU) healing in critically ill patients. Method: In this randomised, double blind, placebo-controlled clinical trial, patients with category I or II PUs were randomly assigned to receive either topical PTX 5% or a placebo twice daily for 14 days. Changes in PU characteristics (category and size) were assessed. The category of the PU was determined by the Stirling Pressure Ulcer Severity Scale (two-digit) a",12.571081447963802,14.89,16.18,-2.318918552036198,0.6042553191489362,1042,,0.9045838713645936
plaba,high,high,True,actual,"68 Background and aims: Iron is an essential trace element to almost all organism, and the delicate balance between host defend system and viral proliferation plays an important role in infective cond","The study aimed to investigate the relationship between systemic iron metabolism parameters and the severity of COVID-19, as well as the associated risks of adverse outcomes in patients diagnosed with the virus. Conducted as a retrospective cohort study involving 158 confirmed COVID-19 patients at Tongji Hospital in Wuhan, China, the research collected comprehensive data, including demographic information, comorbidities, laboratory results, treatments, and clinical outcomes from January 27 to April 5, 2020.

The findings revealed that out of the 158 patients, 60 (38%) were classified as severe cases. The median age of the participants was 63 years, with a median hospital stay of 28 days. After adjusting for variables such as age, sex, interleukin-6 (IL-6) levels, and pre-existing health conditions, the study found significant associations between various iron parameters (serum iron, ferritin, transferrin, and total iron-binding capacity) and the severity of COVID-19. Specifically, the adjusted risk ratios indicated that lower levels of these iron indices correlated with increased severity of the disease and a higher likelihood of complications, including acute respiratory distress syndrome (ARDS), coagulopathy, acute cardiac injury, acute liver injury, and acute kidney injury.

In conclusion, the research suggests that patients exhibiting low serum iron levels may be at greater risk for severe COVID-19 manifestations and multi-organ damage. Consequently, iron metabolism parameters could serve as potential risk factors and clinical biomarkers for assessing","Background and aims: Iron is an essential trace element to almost all organism, and the delicate balance between host defend system and viral proliferation plays an important role in infective conditions. While the association of the iron metabolism with the prognosis of COVID-19 remains poorly understood. We aimed to estimate the associations of systemic iron metabolism parameters with the severity and risks of adverse outcomes in COVID-19. Methods: In this retrospective cohort study, we includ",12.374074074074075,19.3,19.41,-6.925925925925926,0.424015009380863,1153,,0.8435100317001343
plaba,high,high,True,actual,"33 Aims: Gabapentin (GBP) is widely used to treat neuropathic pain, including diabetic neuropathic pain. Our objective was to evaluate the role of diabetes and glycaemic control on GBP population phar","The study you referenced aimed to evaluate the pharmacokinetics of gabapentin (GBP) in patients with neuropathic pain, specifically focusing on the influence of diabetes and glycemic control. The clinical trial included 29 participants, with a majority suffering from type 2 diabetes, and assessed how various factors, including renal function and genetic polymorphisms, impacted GBP's absorption, distribution, and elimination.

The results indicated that GBP pharmacokinetics could be described by a one-compartment model, characterized by first-order absorption and linear elimination. Total clearance of GBP was found to be dependent on the estimated glomerular filtration rate (eGFR), which is a critical measure of renal function. Notably, the study found no significant associations between GBP pharmacokinetics and factors such as hyperglycemia, glycated hemoglobin levels, diabetes diagnosis, age, sex, weight, body mass index, or the specific genetic polymorphisms in the SLC22A2 and SLC22A4 genes.

In conclusion, while GBP is commonly used for treating neuropathic pain, this study suggests that its pharmacokinetics are primarily influenced by renal function rather than glycemic control or diabetes status. This finding is crucial for clinicians prescribing GBP, as it emphasizes the importance of monitoring renal function to optimize dosing and minimize potential adverse effects.","Aims: Gabapentin (GBP) is widely used to treat neuropathic pain, including diabetic neuropathic pain. Our objective was to evaluate the role of diabetes and glycaemic control on GBP population pharmacokinetics. Methods: A clinical trial was conducted in patients with neuropathic pain (n = 29) due to type 2 diabetes (n = 19) or lumbar/cervical disc herniation (n = 10). All participants were treated with a single oral dose GBP. Blood was sampled up to 24 hours after GBP administration. Data were a",12.931201859229748,18.94,20.13,-6.008798140770253,0.285097192224622,1244,,0.8535409569740295
plaba,high,high,True,actual,60 Background: COVID-19 is an ongoing public health pandemic regardless of the countless efforts made by various actors. Quality diagnostic tests are important for early detection and control. Notably,"The study aimed to evaluate the diagnostic sensitivities and specificities of three commercially available one-step reverse transcriptase-polymerase chain reaction (RT-PCR) assays—TIB MOLBIOL, Da An, and BGI—used for detecting COVID-19 in a clinical setting in Ethiopia. Conducted from April to June 2021, the cross-sectional study analyzed 279 respiratory swabs collected from community surveillance, contact cases, and suspected cases.

The results indicated that out of the 279 samples, the positivity rates were 18% for TIB MOLBIOL, 21.2% for Da An, and 24.7% for BGI. The agreement among the assays was moderate to substantial, with kappa values ranging from 0.55 to 0.72, suggesting a reasonable level of concordance in their results.

In terms of diagnostic performance, the Bayesian latent class models (BLCM) revealed that while all three assays exhibited comparable sensitivities—ranging from approximately 81% to 84%—the specificities were notably higher for TIB MOLBIOL (99.1%) and Da An (96.1%) compared to BGI (91.6%). These findings imply that TIB MOLBIOL and Da An are less likely to yield false positives than BGI, which is critical for public health decision-making, especially in resource-limited settings.

Overall, the study's conclusions emphasize the importance of these assays in adjusting the apparent prevalence","Background: COVID-19 is an ongoing public health pandemic regardless of the countless efforts made by various actors. Quality diagnostic tests are important for early detection and control. Notably, several commercially available one step RT-PCR based assays have been recommended by the WHO. Yet, their analytic and diagnostic performances have not been well documented in resource-limited settings. Hence, this study aimed to evaluate the diagnostic sensitivities and specificities of three commerc",12.337733499377336,12.15,14.44,0.1877334993773356,0.3345454545454546,1243,,0.8367900848388672
plaba,high,high,True,actual,"4 Introduction: Maturity onset diabetes of the young (MODY) is a rare form of monogenic diabetes. Being clinically and genetically heterogeneous, it is often misdiagnosed as type 1 or type 2 diabetes,","The 70-year-old man presenting to the Emergency Department with shortness of breath, orthopnea, and lower limb edema is likely experiencing symptoms indicative of heart failure, particularly given his history of myocardial infarction and hypertension. The presence of jugular vein distention further supports the diagnosis of congestive heart failure, which can lead to fluid overload and resultant pulmonary congestion, manifesting as shortness of breath and orthopnea.

In this clinical scenario, the patient's vital signs indicate a blood pressure of 100/80 mm Hg, which is on the lower end of normal, and a respiratory rate of 28/min, suggesting respiratory distress. The lower limb edema indicates fluid retention, which is common in heart failure due to impaired cardiac output and subsequent venous congestion.

Management of this patient would typically involve diuretics to alleviate fluid overload, along with careful monitoring of renal function and electrolytes, especially given his history of myocardial infarction and current medications, which include lisinopril, an ACE inhibitor that can help manage blood pressure and heart failure symptoms.

In summary, the clinical presentation is consistent with heart failure, likely exacerbated by his underlying cardiovascular history. Further evaluation, including imaging studies such as a chest X-ray or echocardiogram, would be warranted to assess cardiac function and guide treatment.","Introduction: Maturity onset diabetes of the young (MODY) is a rare form of monogenic diabetes. Being clinically and genetically heterogeneous, it is often misdiagnosed as type 1 or type 2 diabetes, leading to inappropriate therapy. MODY is caused by a single gene mutation. Thirteen genes, defining 13 subtypes, have been identified to cause MODY. A correct diagnosis is important for the right therapy, prognosis, and genetic counselling. Material and methods: Twenty-nine unrelated paediatric pati",13.52474182444062,19.2,19.85,-5.67525817555938,0.1186440677966101,1212,,0.8035073280334473
plaba,high,high,True,actual,"21 Purpose: Hiatal hernias are a common finding on radiographic or endoscopic studies. Hiatal hernias may become symptomatic or, less frequently, can incarcerate or become a volvulus leading to organ ","The management of hiatal hernias, particularly when they become symptomatic or are associated with gastroesophageal reflux disease (GERD), necessitates surgical intervention. The key steps in the operative repair include:

1. **Reduction and Excision of the Hernia Sac**: This involves repositioning the herniated tissue back into the abdominal cavity and removing any sac that may have formed.
   
2. **Intraabdominal Esophageal Lengthening**: Ensuring that at least 3 cm of the esophagus is intraabdominal is crucial for preventing recurrence and maintaining proper function.

3. **Crural Closure with Mesh Reinforcement**: This step reinforces the diaphragm's opening (crura) to prevent future herniation, often utilizing mesh for added support.

4. **Anti-Reflux Procedure**: This typically involves a fundoplication, where the top of the stomach is wrapped around the esophagus to prevent acid reflux.

In cases where these key steps cannot be performed, alternative procedures such as gastropexy (fixing the stomach to the abdominal wall) or gastrostomy (creating an opening for feeding) may be considered.

Asymptomatic hiatal hernias can be managed with a watchful waiting approach, as they have a low rate of becoming symptomatic (approximately 1% per year). However, once symptoms develop or reflux disease is confirmed, surgical repair becomes necessary to alleviate symptoms and prevent complications. 

In summary, the appropriate management for symptomatic hiatal hernias involves","Purpose: Hiatal hernias are a common finding on radiographic or endoscopic studies. Hiatal hernias may become symptomatic or, less frequently, can incarcerate or become a volvulus leading to organ ischemia. This review examines latest evidence on the diagnostic workup and management of hiatal hernias. Methods: A literature review of contemporary and latest studies with highest quality of evidence was completed. This information was examined and compiled in review format. Results: Asymptomatic hi",13.62896174863388,15.81,16.77,-2.18103825136612,0.2317380352644836,1051,,0.8198544383049011
plaba,high,high,True,actual,"41 Cystic Echinococcosis or Hydatid disease is caused by the infection with the larval stage of long tapeworm, Echinococcus granulosus. This condition often remains asymptomatic for years before the c","Cystic Echinococcosis, also known as Hydatid disease, is primarily caused by the larval stage of the tapeworm Echinococcus granulosus. This parasitic infection often remains asymptomatic for extended periods, sometimes for years, until the cysts grow large enough to induce symptoms related to the affected organs. The liver and lungs are the most commonly involved organs; however, other organs such as the heart, brain, bones, central nervous system, and kidneys can also be affected.

In the case presented, a young woman exhibited left flank pain and symptoms consistent with a urinary tract infection, which ultimately led to the diagnosis of a left renal hydatid cyst. The cyst measured approximately 7.8 x 6.6 x 8 cm and displayed internal multiple septations at the lower pole cortex of the left kidney. The management of this condition involved a laparoscopic pericystectomy, a minimally invasive surgical procedure to remove the cyst. Following the surgery, the patient experienced no postoperative complications and was discharged with a prescription for albendazole, an antiparasitic medication, along with other supportive treatments.

With appropriate and timely management, which may include a combination of surgical intervention and pharmacotherapy, cystic echinococcosis is a treatable condition. Patients can achieve a full recovery and maintain normal kidney function, allowing them to lead a healthy life post-treatment.","Cystic Echinococcosis or Hydatid disease is caused by the infection with the larval stage of long tapeworm, Echinococcus granulosus. This condition often remains asymptomatic for years before the cyst grows large enough to cause symptoms in affected organs. The most common organs involved are liver and lungs although the heart, brain, bone, central nervous system, and kidney may also be involved. This case is about a young woman who presented with left flank pain and urinary tract infection who ",12.35472972972973,14.26,15.79,-1.90527027027027,0.5439560439560439,1001,,0.8996385335922241
plaba,high,high,True,actual,54 The objective was to determine the strength of relationship between maternal free beta human chorionic gonadotropin ( -hCG) concentrations and rates of adverse pregnancy outcomes. Consecutive recor,"The objective of the study you referenced was to assess the correlation between maternal free beta human chorionic gonadotropin (β-hCG) concentrations and the incidence of adverse pregnancy outcomes. In this context, it is important to note that free β-hCG levels are typically measured in multiples of the median (MoM) to account for variability in population data.

The findings suggest that free β-hCG levels below 0.5 MoM and above 2.0 MoM are associated with an increased risk of adverse pregnancy outcomes, which may include complications such as miscarriage, preterm birth, or fetal anomalies. However, it is noteworthy that elevated free β-hCG levels in the first trimester (particularly those above the median) might be linked to a reduced risk of certain complications, such as preterm delivery and gestational diabetes mellitus (GDM).

In summary, while low and high levels of free β-hCG can indicate potential risks, elevated levels during early pregnancy may paradoxically confer some protective effects against specific adverse outcomes. This nuanced understanding underscores the importance of monitoring β-hCG levels as part of comprehensive prenatal care.",The objective was to determine the strength of relationship between maternal free beta human chorionic gonadotropin ( -hCG) concentrations and rates of adverse pregnancy outcomes. Consecutive records of the database of our Down screening project were assessed for free -hCG levels and pregnancy outcomes. Pregnancies with foetal chromosomal or structural anomalies and those with underlying disease were excluded. Free -hCG levels of 0.5 and 2.0 MoM) free -hCG levels are generally associated with an,11.22459499263623,14.93,16.53,-3.705405007363769,0.3927272727272727,875,,0.8701344728469849
plaba,high,high,True,actual,18 Group 1 (All Types of CHO) The intervention followed the American Dietetic Association nutrition practice guidelines for gestational diabetes. Women received an individual food plan based on CHO re,"The provided context outlines a nutrition intervention for women with gestational diabetes, emphasizing carbohydrate (CHO) management according to the American Dietetic Association guidelines. The intervention involved a personalized food plan that restricted carbohydrates to 40-45% of total energy intake (TEI), with a basic carbohydrate counting strategy. Specific recommendations included limiting breakfast carbohydrate intake to 15-30 grams and promoting adequate fiber consumption (20-35 grams per day). 

Women were advised to select any type of carbohydrate except for added refined sugars. Adjustments to energy and carbohydrate prescriptions were made at each visit, contingent upon weight gain and the presence of ketonuria. If ketones were detected and weight gain was suboptimal, energy intake was increased by 200-300 kcal/day. Conversely, if weight gain was adequate, energy intake remained unchanged, but carbohydrates could be increased up to 45% of TEI. 

Fat intake was recommended to be maintained at 55%, while certain high-glycemic index (GI) foods, such as tropical fruits, refined breads, breakfast cereals, and refined sugars, were excluded from the diet. Notably, papaya was permitted due to its high fiber content, and combinations of certain foods (e.g., corn tortillas with beans) were included based on evidence suggesting they lower the overall glycemic index.

The findings indicated that incorporating low GI carbohydrates into the diet was as effective in improving glycemic control as including all types of carbohydrates. This approach not only helped prevent excessive maternal weight","Group 1 (All Types of CHO) The intervention followed the American Dietetic Association nutrition practice guidelines for gestational diabetes. Women received an individual food plan based on CHO restriction (40 45% of TEI), using a CHO counting strategy (basic level). Moderate energy restriction was recommended only for overweight and obese women (24 kcal/kg). Breakfast CHO intake was limited to 15 30 g, and adequate fiber intake was promoted (20 35 g/day). Women in this group were advised to ch",12.409623376623376,14.44,16.42,-2.0303766233766236,0.4642166344294003,1168,,0.8648850321769714
plaba,clinical,clinical,True,actual,"39 Multiple sclerosis (MS) is a complex disease of the central nervous system (CNS) that involves an intricate and aberrant interaction of immune cells leading to inflammation, demyelination, and neur","The context provided outlines the complexities of multiple sclerosis (MS) and the role of biomarkers in its diagnosis, prognosis, and treatment evaluation. In recent years, there has been significant advancement in biomarker research, which has enhanced the ability to measure various pathological processes associated with MS, including neuroaxonal damage, gliosis, demyelination, and the progression of disability.

Biomarkers in MS can be categorized based on their relevance to personal or predictive susceptibility, diagnosis, prognosis, disease activity, or treatment response. The review emphasizes the importance of biomarkers found in cerebrospinal fluid (CSF) and blood serum, as well as promising imaging biomarkers that are increasingly utilized in clinical practice.

For a biomarker to be considered standard in daily clinical practice, it must meet specific criteria, including ease of measurement, specificity, reproducibility, and the ability to provide clinically relevant information regarding the disease state or treatment efficacy.

In summary, the ongoing research and analysis of biomarkers in MS are crucial for improving diagnostic accuracy and therapeutic strategies, ultimately leading to better patient outcomes.","Multiple sclerosis (MS) is a complex disease of the central nervous system (CNS) that involves an intricate and aberrant interaction of immune cells leading to inflammation, demyelination, and neurodegeneration. Due to the heterogeneity of clinical subtypes, their diagnosis becomes challenging and the best treatment cannot be easily provided to patients. Biomarkers have been used to simplify the diagnosis and prognosis of MS, as well as to evaluate the results of clinical treatments. In recent y",17.263979591836733,20.18,20.74,-2.9160204081632664,0.3123287671232876,932,,0.863823413848877
plaba,clinical,clinical,True,actual,"31 Background: Tardive dyskinesia is a movement disorder characterised by irregular, stereotyped, and choreiform movements associated with the use of antipsychotic medication. We aim to provide recomm","**Background:** Tardive dyskinesia (TD) is a movement disorder characterized by irregular, stereotyped, and choreiform movements, primarily associated with the chronic use of dopamine receptor antagonists, particularly antipsychotic medications. 

**Recommendations for Treatment of Tardive Dyskinesia:**

1. **Prevention:** The foremost strategy in managing TD is prevention. Clinicians should adhere to best practices when prescribing antipsychotics, which include:
   - Prescribing antipsychotics only for specific, well-defined indications.
   - Utilizing the minimum effective dose to mitigate the risk of TD.
   - Minimizing the duration of therapy whenever possible.

2. **Management of Established TD:**
   - **Withdrawal of Antipsychotics:** If clinically feasible, the first-line approach is to withdraw the offending antipsychotic medication. However, this may not be viable for patients with severe mental illness due to the risk of relapse.
   - **Switching Medications:** For patients who cannot discontinue antipsychotics, switching from first-generation antipsychotics (which typically have a higher D2 receptor affinity) to second-generation antipsychotics with a lower D2 affinity, such as clozapine or quetiapine, may help alleviate TD symptoms.

3. **Pharmacological Interventions:** 
   - The most robust evidence for pharmacological treatment of TD comes from the use of VMAT inhibitors, specifically:
     - **Val","Background: Tardive dyskinesia is a movement disorder characterised by irregular, stereotyped, and choreiform movements associated with the use of antipsychotic medication. We aim to provide recommendations on the treatment of tardive dyskinesia. Results: Preventing tardive dyskinesia is of primary importance, and clinicians should follow best practice for prescribing antipsychotic medication, including limiting the prescription for specific indications, using the minimum effective dose, and min",16.695000000000004,16.74,17.92,-0.0449999999999946,0.4599483204134367,1057,,0.8665322065353394
plaba,clinical,clinical,True,actual,45 Objective: The aim of this study was to investigate the effect of Ma Yinglong Shexiang Hemorrhoids Cream combined with pearl powder on pain and complications in patients with severe pressure ulcers,"The study aimed to evaluate the efficacy of Ma Yinglong Shexiang Hemorrhoids Cream combined with pearl powder in managing pain and complications in patients with severe pressure ulcers. A total of 117 hospitalized patients were randomized into three groups: the Ma Yinglong Musk Hemorrhoid Cream Group (MY Group), the Pearl Powder Group (PP Group), and the combination group (MP Group), with 39 patients in each group. 

The results indicated that the MP Group exhibited significantly improved clinical efficacy compared to both the MY and PP groups. Specifically, the MP Group demonstrated shorter healing times, fewer dressing changes, and reduced dressing change durations (P < .05). Additionally, the Visual Analog Scale (VAS) scores for pain and the incidence of secondary effects were significantly lower in the MP Group compared to the other two groups (P < .05). Furthermore, the MP Group had a reduced incidence and area of scar formation compared to the MY and PP groups (P < .05).

In conclusion, the combination of Ma Yinglong Musk Hemorrhoid Cream and pearl powder is more effective than either treatment alone in reducing pain and complications in patients with severe pressure ulcers.","Objective: The aim of this study was to investigate the effect of Ma Yinglong Shexiang Hemorrhoids Cream combined with pearl powder on pain and complications in patients with severe pressure ulcers. Methods: One hundred seventeen patients with severe pressure ulcers hospitalized and treated in our hospital (January 2019--December 2019) were divided into Ma Yinglong Musk Hemorrhoid Cream Group (MY Group), Pearl Powder Group (PP Group), and combination with Ma Yinglong Musk Hemorrhoid Cream and Pe",16.58834951456311,14.77,16.26,1.81834951456311,0.4788732394366197,1098,,0.8860229253768921
plaba,clinical,clinical,True,actual,"36 The landscape of managing ureteric stones has evolved over the last few decades and several treatment options exist depending on the stone size, location, and other patient and stone factors. While","Ureteroscopy (URS) is typically recommended for managing larger ureteric stones, particularly when they are located in the proximal or mid-ureter, where shockwave lithotripsy (SWL) may be less effective. The decision to utilize URS over SWL is influenced by factors such as stone size, location, and the patient's anatomical considerations. Recent advancements in endourological techniques and technologies have enhanced the efficacy and safety of URS, allowing for improved stone fragmentation and retrieval. 

While open surgical intervention has become increasingly rare, medical expulsive therapy (MET) remains a subject of debate, primarily indicated for larger distal ureteric stones. The evolution of ureteric stone management reflects a shift towards minimally invasive approaches that prioritize patient outcomes, cost-effectiveness, and quality of life. Ongoing research and clinical trials will likely inform future guidelines and establish new standards of care in the field of urology.","The landscape of managing ureteric stones has evolved over the last few decades and several treatment options exist depending on the stone size, location, and other patient and stone factors. While open surgery is now rarely performed, the use of medical expulsive therapy (MET) has been controversial and perhaps only recommended for large distal ureteric stones. The mainstay treatment balances between shockwave lithotripsy (SWL) and ureteroscopy (URS), with the latter usually recommended for lar",15.076564625850342,16.64,17.88,-1.563435374149659,0.2708333333333333,795,,0.8853629231452942
plaba,clinical,clinical,True,actual,38 The use of wound dressings that are based on the principles of moist wound healing has recently changed the management of pressure ulcers. These products may improve healing rates but also offer im,"The management of pressure ulcers emphasizes the importance of prevention and addressing the underlying factors contributing to ulcer formation. While the use of moist wound healing dressings can enhance healing rates, comfort, and aesthetics, it is critical to implement comprehensive management strategies. These include:

1. **Elimination or Reduction of Pressure**: Regular repositioning of the patient to alleviate pressure on vulnerable areas.
2. **Treatment of Infection**: Prompt identification and management of any infections present in the wound.
3. **Appropriate Wound Management**: Utilizing dressings that promote a moist healing environment and are suitable for the ulcer's characteristics.
4. **Patient and Caregiver Education**: Involving both patients and caregivers in understanding the importance of pressure relief and skin care.
5. **Maintenance of Healed Tissue**: Implementing strategies to prevent recurrence once the ulcer has healed.

The emphasis on prevention is underscored by the statistic that 95% of pressure ulcers are preventable, highlighting the necessity of using assessment tools to identify and quantify risk factors early. This proactive approach is essential in reducing the incidence of pressure ulcers, which are a common and complex issue in patient care.","The use of wound dressings that are based on the principles of moist wound healing has recently changed the management of pressure ulcers. These products may improve healing rates but also offer improved comfort to the patient, reduced dressing time and improved cosmesis. However, healing is unlikely to be achieved unless the factors that contribute to ulcer formation are addressed. Principles of management include the elimination or reduction of pressure and other contributing factors, treatmen",14.053992673992678,14.52,16.53,-0.4660073260073218,0.3421828908554572,638,,0.8625696301460266
plaba,clinical,clinical,True,actual,1 Dystonia is a neurological condition characterized by abnormal involuntary movements or postures owing to sustained or intermittent muscle contractions. Dystonia can be the manifesting neurological ,"The question regarding indicators of superimposed pre-eclampsia in a pregnant female with chronic hypertension is unrelated to the context provided about dystonia. However, to address the original question, the correct answer would be:

**C: Increase in systolic BP by 30 mm Hg and diastolic by 15 mm Hg.**

This option does not specifically indicate superimposed pre-eclampsia, as the criteria for diagnosing pre-eclampsia typically involve new onset hypertension and proteinuria rather than a specific increase in blood pressure measurements. The other options (A, B, and D) are recognized indicators of superimposed pre-eclampsia in the context of chronic hypertension.","Dystonia is a neurological condition characterized by abnormal involuntary movements or postures owing to sustained or intermittent muscle contractions. Dystonia can be the manifesting neurological sign of many disorders, either in isolation (isolated dystonia) or with additional signs (combined dystonia). The main focus of this Primer is forms of isolated dystonia of idiopathic or genetic aetiology. These disorders differ in manifestations and severity but can affect all age groups and lead to ",19.015772613065327,16.37,17.12,2.6457726130653256,0.1266666666666666,794,,0.8079861998558044
plaba,clinical,clinical,True,actual,"71 Achondroplasia (MIM 100800) is the most common non-lethal skeletal dysplasia. Its incidence is between one in 10,000 and one in 30,000. The phenotype is characterized by rhizomelic disproportionate","The most common type of emphysema associated with alpha-1 antitrypsin deficiency is **Panlobular emphysema**. This condition is characterized by the destruction of the alveolar walls throughout the entire acinus, leading to significant respiratory compromise. In patients with alpha-1 antitrypsin deficiency, the lack of this protease inhibitor results in unchecked activity of neutrophil elastase, which contributes to the development of panlobular emphysema, particularly in the lower lung zones.","Achondroplasia (MIM 100800) is the most common non-lethal skeletal dysplasia. Its incidence is between one in 10,000 and one in 30,000. The phenotype is characterized by rhizomelic disproportionate short stature, enlarged head, midface hypoplasia, short hands and lordotic lumbar spine, associated with normal cognitive development. This autosomal-dominant disorder is caused by a gain-of-function mutation in the gene encoding the type 3 receptor for fibroblast growth factor (FGFR3); in more than 9",15.356542443064184,19.01,19.62,-3.653457556935818,0.1495327102803738,741,,0.8140747547149658
plaba,clinical,clinical,True,actual,"34 Importance: Chronic kidney disease (CKD) is the 16th leading cause of years of life lost worldwide. Appropriate screening, diagnosis, and management by primary care clinicians are necessary to prev","Chronic kidney disease (CKD) is a significant global health concern, being the 16th leading cause of years of life lost. It is characterized by a persistent decline in kidney function, indicated by a glomerular filtration rate (GFR) of less than 60 mL/min/1.73 m² or the presence of albuminuria exceeding 30 mg per 24 hours for a duration of more than three months. The prevalence of CKD ranges from 8% to 16% in the general population, with diabetes and hypertension being the predominant etiological factors in developed nations.

Despite its prevalence, awareness of CKD among patients is alarmingly low, with fewer than 5% of individuals with early-stage disease recognizing their condition. Effective management strategies are crucial and include cardiovascular risk reduction through the use of statins and blood pressure control, treatment of albuminuria with agents such as angiotensin-converting enzyme (ACE) inhibitors or angiotensin II receptor blockers (ARBs), and avoidance of nephrotoxic medications, particularly nonsteroidal anti-inflammatory drugs (NSAIDs). Additionally, careful monitoring for complications associated with CKD—such as hyperkalemia, metabolic acidosis, hyperphosphatemia, vitamin D deficiency, secondary hyperparathyroidism, and anemia—is essential.

Patients exhibiting signs of rapid CKD progression, defined by an estimated GFR of less than 30 mL/min/1.73 m², albuminuria","Importance: Chronic kidney disease (CKD) is the 16th leading cause of years of life lost worldwide. Appropriate screening, diagnosis, and management by primary care clinicians are necessary to prevent adverse CKD-associated outcomes, including cardiovascular disease, end-stage kidney disease, and death. Observations: Defined as a persistent abnormality in kidney structure or function (eg, glomerular filtration rate [GFR] <60 mL/min/1.73 m2 or albuminuria 30 mg per 24 hours) for more than 3 month",16.325780632411067,16.32,17.38,0.0057806324110671,0.4723404255319149,1185,,0.8665679097175598
plaba,clinical,clinical,True,actual,"49 Edema is an accumulation of fluid in the interstitial space that occurs as the capillary filtration exceeds the limits of lymphatic drainage, producing noticeable clinical signs and symptoms. The r","In the context of the provided information regarding edema, it is important to differentiate between the various types and causes of edema, as well as their management strategies. 

1. **Generalized Pitting Edema**: This type of edema is often associated with systemic diseases and requires prompt diagnosis and management. It is characterized by the accumulation of fluid in the interstitial space when capillary filtration exceeds lymphatic drainage.

2. **Chronic Accumulation of Edema**: This is frequently indicative of venous insufficiency, particularly when there is dependent edema and hemosiderin deposition. Management focuses on skin care to prevent breakdown and venous ulcers, as well as the use of compression stockings in patients with a history of deep venous thrombosis (DVT) to prevent postthrombotic syndrome.

3. **Eczematous Dermatitis**: This can occur in conjunction with chronic venous insufficiency and is managed with emollients and topical corticosteroids.

4. **Deep Venous Thrombosis (DVT)**: If there is a high clinical suspicion for DVT despite negative duplex ultrasonography results, further imaging such as magnetic resonance venography may be warranted to exclude proximal venous thrombosis.

5. **Lymphedema**: This type of edema is characterized by brawny, nonpitting skin and can occur due to various secondary causes, including tumors, trauma, previous surgeries, or radiation. Management may involve the use of pneumatic compression","Edema is an accumulation of fluid in the interstitial space that occurs as the capillary filtration exceeds the limits of lymphatic drainage, producing noticeable clinical signs and symptoms. The rapid development of generalized pitting edema associated with systemic disease requires timely diagnosis and management. The chronic accumulation of edema in one or both lower extremities often indicates venous insufficiency, especially in the presence of dependent edema and hemosiderin deposition. Ski",16.11037433155081,17.01,19.06,-0.8996256684491932,0.387409200968523,1012,,0.8734504580497742
plaba,clinical,clinical,True,actual,44 Uncontrolled bleeding is the leading cause of shock in trauma patients and delays in recognition and treatment have been linked to adverse outcomes. For prompt detection and management of hypovolae,"The context provided discusses the limitations of the Advanced Trauma Life Support (ATLS) classification system for hypovolemic shock in trauma patients. It highlights that a significant majority (over 90%) of trauma patients cannot be classified into the ATLS shock classes based on the combination of heart rate, systolic blood pressure, and Glasgow Coma Scale. Furthermore, the retrospective analysis suggests that the ATLS classification may overestimate tachycardia associated with hypotension and underestimate mental disability in hypovolemic shock, regardless of the trauma mechanism or pre-hospital treatment.

Given these findings, a critical reappraisal of the ATLS classification of hypovolemic shock is warranted. This suggests that while the ATLS classification has been widely implemented, its clinical utility may be limited, and reliance on it may not accurately reflect the physiological state of the majority of trauma patients.

In summary, the ATLS classification system for hypovolemic shock may require reevaluation due to its limited applicability and potential inaccuracies in assessing trauma patients' circulatory status.","Uncontrolled bleeding is the leading cause of shock in trauma patients and delays in recognition and treatment have been linked to adverse outcomes. For prompt detection and management of hypovolaemic shock, ATLS( ) suggests four shock classes based upon vital signs and an estimated blood loss in percent. Although this classification has been widely implemented over the past decades, there is still no clear prospective evidence to fully support this classification. In contrast, it has recently b",15.967412140575082,19.76,19.29,-3.79258785942492,0.2773109243697479,1140,,0.8488686680793762
plaba,clinical,clinical,True,actual,"63 Background and objective: Anastrozole is a well-established active pharmaceutical ingredient (API) used for the treatment of hormone-sensitive breast cancer (BC) in postmenopausal women. However, t","The study presents a novel transdermal drug delivery system (TDDS) for anastrozole, aimed at improving the pharmacokinetics and minimizing the side effects associated with the oral formulation used for hormone-sensitive breast cancer in postmenopausal women. The TDDS demonstrated a sustained release of 65% of the drug over 48 hours, which is significant for maintaining therapeutic plasma levels while avoiding the peak concentrations that lead to serious side effects such as hot flashes, fatigue, and musculoskeletal pain.

In vivo testing in beagle dogs showed a favorable plasma concentration-time profile, indicating that the transdermal system can effectively manage drug levels over an extended period, thus enhancing patient compliance and safety. The results suggest that this transdermal application could be a promising therapeutic option for treating breast cancer, addressing the high burden of adverse effects associated with the current oral formulation.

In conclusion, the development of the anastrozole-in-adhesive TDDS represents a significant advancement in the management of hormone-sensitive breast cancer, with the potential to improve patient outcomes by reducing the incidence of concentration-dependent side effects. Further clinical studies would be necessary to validate these findings in human subjects.","Background and objective: Anastrozole is a well-established active pharmaceutical ingredient (API) used for the treatment of hormone-sensitive breast cancer (BC) in postmenopausal women. However, treatment with the only available oral formulation is often associated with concentration-dependent serious side effects such as hot flashes, fatigue, muscle and joint pain, nausea, diarrhea, headache, and others. In contrast, a sustained-release system for the local application of anastrozole should mi",18.15468852459016,19.59,19.29,-1.43531147540984,0.2212189616252822,1098,,0.8722165822982788
plaba,clinical,clinical,True,actual,22 Birt-Hogg-Dub (BHD) syndrome is an autosomal dominant disorder caused by germline loss-of-function mutations in Folliculin gene (FLCN). BHD is characterized by lower lobe-predominant pulmonary cyst,"Based on the context provided regarding Birt-Hogg-Dub (BHD) syndrome, the question pertains to the implications of inactivating a gene involved in DNA repair processes. The specific defect described relates to the excision of nucleotides from damaged, bulky, helix-distorting DNA strands, which is characteristic of nucleotide excision repair (NER) mechanisms.

In patients with defects in NER, such as those seen in Xeroderma Pigmentosum (XP), the clinical presentation typically includes dry skin and increased photosensitivity due to an inability to repair UV-induced DNA damage. This aligns with option A: Dry skin and increased photosensitivity.

Therefore, the most likely findings in a patient with a similar defect in the gene encoding the nucleotide excision repair protein would be:

**A: Dry skin and increased photosensitivity.**","Birt-Hogg-Dub (BHD) syndrome is an autosomal dominant disorder caused by germline loss-of-function mutations in Folliculin gene (FLCN). BHD is characterized by lower lobe-predominant pulmonary cysts with risk of pneumothorax, benign skin tumors (fibrofolliculomas), and renal cell carcinoma, often of an unusual chromophobe/oncocytic hybrid histology. The FLCN protein functions in multiple signaling and metabolic pathways including positive regulation of mechanistic target of rapamycin complex 1 (",19.227884615384617,16.86,16.89,2.367884615384618,0.1461988304093567,998,,0.8120392560958862
plaba,clinical,clinical,True,actual,"9 Objective: In the present study, an attempt was made to examine the effects of aural stimulation with ointment containing capsaicin on swallowing function in order to develop a novel and safe treatm","The study investigated the effects of aural stimulation using a 0.025% capsaicin ointment on swallowing function in elderly patients diagnosed with non-obstructive dysphagia. A total of 26 patients participated, and the intervention involved applying 0.5 g of capsaicin ointment to the external auditory canal once daily for seven days. The primary outcome measure was the endoscopic swallowing score, assessed via transnasal videoendoscopy after the administration of a 3 mL bolus of colored water.

Results indicated that a single application of capsaicin led to a significant decrease in the endoscopic swallowing score, with effects lasting approximately 60 minutes. Furthermore, after the repeated applications over the week, patients with more severe dysphagia exhibited a significant improvement in their swallowing scores. Notably, among the eight tube-fed patients, three were able to initiate direct swallowing exercises with jelly, leading to a restoration of oral food intake.

The findings suggest that capsaicin-induced stimulation of the external auditory canal may enhance swallowing function in this population. This mechanism is hypothesized to operate similarly to the cough reflex induced by angiotensin-converting enzyme inhibitors, potentially reducing the risk of aspiration pneumonia in dysphagic patients through the activation of Arnold's ear-cough reflex. Thus, the study supports the use of capsaicin ointment as a novel and safe therapeutic approach for improving swallowing in elderly patients with non-obstructive dysphagia.","Objective: In the present study, an attempt was made to examine the effects of aural stimulation with ointment containing capsaicin on swallowing function in order to develop a novel and safe treatment for non-obstructive dysphagia in elderly patients. Patients and methods: The present study included 26 elderly patients with non-obstructive dysphagia. Ointment containing 0.025% capsaicin (0.5 g) was applied to the external auditory canal with a cotton swab under otoscope only once or once a day ",15.890390653523184,15.79,16.8,0.1003906535231848,0.4271047227926078,1133,,0.884080708026886
plaba,clinical,clinical,True,actual,"12 Purpose of review: The prevalence of asthma is increasing in many parts of the world, particularly in developed countries. The present review focuses on recent literature regarding asthma preventio","The review highlights the increasing prevalence of asthma, particularly in developed countries, and emphasizes the need for effective prevention strategies in childhood. Recent findings indicate that certain environmental exposures in infancy may correlate with a reduced prevalence of asthma, although the underlying mechanisms are not fully understood. 

Current asthma medications have shown limited efficacy in preventing asthma symptoms once therapy is discontinued. Immunotherapy has emerged as a potential preventive strategy, with studies indicating that it can lead to reduced atopy and asthma incidence in treated groups. However, multi-interventional trials, which combine dietary and environmental modifications, have shown promise in reducing asthma symptom burden but have not consistently demonstrated significant improvements in objective measures such as lung function or bronchial hyper-responsiveness.

In summary, the most effective asthma prevention strategies identified thus far involve a multi-interventional approach that incorporates both dietary and environmental changes. Ongoing research is essential to evaluate the long-term effects of these interventions and to explore novel strategies for the primary and secondary prevention of asthma in children.","Purpose of review: The prevalence of asthma is increasing in many parts of the world, particularly in developed countries. The present review focuses on recent literature regarding asthma prevention in childhood. Recent findings: Several environmental exposures in infancy or early childhood are associated with reduced prevalence of asthma, but the mechanisms leading to these associations remain unknown. Recent studies have demonstrated limited success in the prevention of asthma or asthma sympto",18.26800414364641,19.52,19.71,-1.251995856353588,0.5555555555555556,861,,0.8867340087890625
plaba,clinical,clinical,True,actual,"22 Birt-Hogg-Dub syndrome (BHD) is a rare inherited autosomal dominant disorder caused by germline mutations in the tumour suppressor gene FLCN, encoding the protein folliculin. Its clinical expressio","The question regarding the indicators of superimposed pre-eclampsia in a pregnant female with chronic hypertension is not directly related to Birt-Hogg-Dub syndrome (BHD). However, to address the question specifically:

All of the following indicate superimposed pre-eclampsia in a pregnant female with chronic hypertension except:

A: New onset proteinuria - This is a classic indicator of pre-eclampsia.
B: Platelet count < 75,000 - Thrombocytopenia can be associated with severe pre-eclampsia or HELLP syndrome.
C: Increase in systolic BP by 30 mm Hg and diastolic by 15 mm Hg - Significant increases in blood pressure can indicate worsening hypertension or pre-eclampsia.
D: Fresh retinal hypertensive changes - These can indicate end-organ damage associated with severe hypertension or pre-eclampsia.

The correct answer is **A: New onset proteinuria**. This is a definitive sign of pre-eclampsia rather than an exception. 

In summary, all options provided are indicators of superimposed pre-eclampsia except for the context of the question itself, which may not have a clear exception based on the typical clinical definitions.","Birt-Hogg-Dub syndrome (BHD) is a rare inherited autosomal dominant disorder caused by germline mutations in the tumour suppressor gene FLCN, encoding the protein folliculin. Its clinical expression typically includes multiple pulmonary cysts, recurrent spontaneous pneumothoraces, cutaneous fibrofolliculomas and renal tumours of various histological types. BHD has no sex predilection and tends to manifest in the third or fourth decade of life. Multiple bilateral pulmonary cysts are found on ches",15.808596491228071,14.32,15.74,1.488596491228071,0.1307901907356948,937,,0.793135941028595
plaba,clinical,clinical,True,actual,"11 Metabolic epilepsies arise in the context of rare inborn errors of metabolism (IEM), notably glucose transporter type 1 deficiency syndrome, succinic semialdehyde dehydrogenase deficiency, pyruvate","The context provided discusses metabolic epilepsies arising from inborn errors of metabolism (IEM) and the potential therapeutic role of the ketogenic diet (KD) in managing these conditions. The KD is proposed to exert beneficial effects by addressing impaired bioenergetics, synaptic dysfunction, oxidative stress, and inflammation, which are common features in these metabolic disorders.

Given the information, the answer to the question regarding the potential utility of the ketogenic diet in metabolic epilepsies is that it may be beneficial in treating conditions characterized by impaired bioenergetics and associated neurological symptoms, such as epileptic seizures, developmental delay, and movement disorders. However, it is crucial to recognize that there are contraindications to the KD, particularly in fatty acid oxidation disorders, where the diet could exacerbate metabolic derangements.

In summary, the ketogenic diet may be useful in certain metabolic epilepsies, but careful consideration of contraindications is essential for patient safety and treatment efficacy. Further research is warranted to elucidate the specific metabolic disorders that may respond favorably to ketogenic therapy.","Metabolic epilepsies arise in the context of rare inborn errors of metabolism (IEM), notably glucose transporter type 1 deficiency syndrome, succinic semialdehyde dehydrogenase deficiency, pyruvate dehydrogenase complex deficiency, nonketotic hyperglycinemia, and mitochondrial cytopathies. A common feature of these disorders is impaired bioenergetics, which through incompletely defined mechanisms result in a wide spectrum of neurological symptoms, such as epileptic seizures, developmental delay,",19.83074829931973,20.72,21.19,-0.8892517006802692,0.2457831325301205,965,,0.8434271216392517
plaba,clinical,clinical,True,actual,"46 Cystic Fibrosis (CF) is an autosomal recessive disease caused by mutations in the CF transmembrane regulator (CFTR) gene, which encodes a chloride channel located at the apical surface of epithelia","Cystic fibrosis (CF) is an autosomal recessive disorder primarily caused by mutations in the CFTR gene, which encodes a chloride channel critical for maintaining epithelial ion transport and fluid homeostasis. The observed deficiency of unsaturated fatty acids (UFAs) in CF patients has raised questions regarding its role in the pathophysiology of the disease. 

Current literature suggests that dysregulation of fatty acids in CF may contribute to altered membrane biophysical properties, a phenomenon referred to as ""lipointoxication."" This term describes the detrimental effects of excess saturated fatty acids and the insufficient presence of UFAs, which can lead to compromised membrane integrity and function in CF cells. 

The proposed unifying mechanism indicates that these fatty acid imbalances could exacerbate the clinical manifestations of CF, potentially influencing disease progression and the effectiveness of existing therapies. For instance, altered membrane properties may affect the activity of the CFTR protein and other membrane-associated processes, thereby impacting treatment outcomes.

In summary, while the relationship between UFA deficiency and CF remains complex and somewhat contentious, it is clear that fatty acid dysregulation plays a significant role in the disease's pathophysiology and may have implications for therapeutic strategies. Further research is warranted to elucidate these mechanisms and their clinical relevance.","Cystic Fibrosis (CF) is an autosomal recessive disease caused by mutations in the CF transmembrane regulator (CFTR) gene, which encodes a chloride channel located at the apical surface of epithelial cells. Unsaturated Fatty Acid (UFA) deficiency has been a persistent observation in tissues from patients with CF. However, the impacts of such deficiencies on the etiology of the disease have been the object of intense debates. The aim of the present review is first to highlight the general consensu",16.206849315068492,18.73,18.77,-2.523150684931508,0.32,850,,0.8752325773239136
plaba,clinical,clinical,True,actual,"61 Zinc has earned recognition recently as a micronutrient of outstanding and diverse biological, clinical, and global public health importance. Regulation of absorption by zinc transporters in the en","Zinc is a crucial micronutrient with significant biological and clinical relevance, particularly in the context of absorption and homeostasis. The absorption of zinc in the gastrointestinal tract is primarily regulated by zinc transporters located in the enterocytes, which are responsible for mediating the uptake of zinc. The saturation kinetics of these transporters play a critical role in determining how effectively zinc is absorbed, which is influenced by various physiological factors, including the quantity of zinc ingested and the presence of dietary inhibitors such as phytate.

In adults, the maximal absorption capacity for zinc is estimated to be approximately 6 mg per day. The presence of high levels of dietary phytate can significantly impair zinc bioavailability, doubling the average estimated dietary requirement when intake reaches 1000 mg of phytate per day. This relationship highlights the importance of dietary composition in zinc absorption and necessitates consideration of both zinc intake and phytate levels to optimize zinc status.

Furthermore, the regulation of endogenous zinc excretion in the intestines is responsive to recent absorption and overall zinc status, indicating a dynamic balance in maintaining zinc homeostasis. While the inhibitory effects of phytate on the absorption of exogenous zinc are well-documented, further research is warranted to fully elucidate its impact on the intestinal losses of endogenous zinc.

In summary, the effective management of zinc intake, particularly in populations at risk of deficiency, requires a comprehensive understanding of the factors influencing absorption and bioavailability, including dietary composition and individual physiological conditions.","Zinc has earned recognition recently as a micronutrient of outstanding and diverse biological, clinical, and global public health importance. Regulation of absorption by zinc transporters in the enterocyte, together with saturation kinetics of the absorption process into and across the enterocyte, are the principal means by which whole-body zinc homeostasis is maintained. Several physiologic factors, most notably the quantity of zinc ingested, determine the quantity of zinc absorbed and the effi",16.320489510489512,20.22,21.19,-3.8995104895104866,0.2986247544204322,1029,,0.8717635869979858
plaba,clinical,clinical,True,actual,43 There have been significant advances in pacing and implantable defibrillator technology over the past decade. The relationships between ventricular activation sequence and cardiac mechanical perfor,"Based on the provided context regarding the advances in pacing and implantable defibrillator technology, the most appropriate next step in management for the patient experiencing recurrent variable decelerations after the discontinuation of the oxytocin infusion would be to **administer terbutaline (A)**. 

Terbutaline, a beta-agonist, can help to relax the uterus and reduce the frequency of uterine contractions, which may alleviate the variable decelerations observed on the CTG. Monitoring without intervention (B) may not be sufficient given the recurrent nature of the decelerations, and while amnioinfusion (C) can be beneficial in certain cases of variable decelerations due to cord compression, it may not be the immediate next step in this scenario. An emergent cesarean section (D) would be considered if there were signs of fetal distress or if the situation deteriorated further, but it is not the first-line intervention in the context of recurrent variable decelerations without additional concerning findings. 

Thus, the most appropriate next step in management is to **administer terbutaline (A)**.","There have been significant advances in pacing and implantable defibrillator technology over the past decade. The relationships between ventricular activation sequence and cardiac mechanical performance are now better appreciated, and will become more completely understood. Even in the setting of infra-His block and bundle branch block, ventricular activation over the Purkinje system can now be achieved in many patients with direct pacing of the His bundle, providing a more physiologic alternati",18.094337194337196,20.86,21.19,-2.765662805662803,0.1509433962264151,981,,0.8272872567176819
plaba,clinical,clinical,True,actual,"62 First-generation histamine H1-receptor antagonists, such as diphenhydramine, triprolidine, hydroxyzine or chlorpheniramine (chlorphenamine), frequently cause somnolence or other CNS adverse effects","The context provided discusses the differences between first-generation and second-generation histamine H1-receptor antagonists, highlighting the CNS adverse effects associated with first-generation agents and the improved safety profile of second-generation agents. 

In summary, first-generation H1-antagonists, such as diphenhydramine and hydroxyzine, are known to cause significant sedation and other central nervous system (CNS) effects. In contrast, second-generation H1-antagonists, including loratadine and cetirizine, have a more favorable benefit/risk ratio, exhibiting minimal CNS effects and not exacerbating the CNS adverse effects of other substances, such as alcohol. However, it is important to note that even second-generation agents can pose risks, such as potential cardiac dysrhythmias in cases of overdose or specific conditions.

In conclusion, while second-generation H1-antagonists represent an advancement in therapeutic options with reduced CNS side effects, the notion of a completely risk-free H1-antagonist is an oversimplification, and careful consideration of the benefit-risk ratio is essential when prescribing these medications.","First-generation histamine H1-receptor antagonists, such as diphenhydramine, triprolidine, hydroxyzine or chlorpheniramine (chlorphenamine), frequently cause somnolence or other CNS adverse effects. Second-generation H1-antagonists, such as terfenadine, astemizole, loratadine and cetirizine, represent a true advance in therapeutics. In manufacturers' recommended doses, they have a more favourable benefit/risk ratio than their predecessors with regard to lack of CNS effects, and do not exacerbate",17.208098271155595,22.37,22.25,-5.161901728844406,0.355421686746988,907,,0.886135995388031
mirage,low,low,True,upper_bound,"The LINCS L1000 data set contains gene expression data for drug treated human cells, yes or no?",The answer is yes. The LINCS L1000 data set has information about how genes work in human cells that were treated with drugs.,yes,4.238333333333333,,,,0.08333333333333333,405,,0.8027196526527405
mirage,low,low,True,upper_bound,The Omega-3 Index: a new risk factor for death from coronary heart disease?,"The Omega-3 Index is a measure of omega-3 fatty acids in the blood. Omega-3s are good fats found in fish and some plants. 

Some studies suggest that having a higher Omega-3 Index may lower the risk of dying from heart problems. So, it could be a new risk factor to watch for heart health. 

In simple terms, yes, the Omega-3 Index might be important for understanding the risk of death from heart disease.",yes,4.262368421052631,5.3,6.74,-1.0376315789473685,0.02531645569620253,523,,0.7976301908493042
mirage,low,low,True,upper_bound,According to Tweed inclination of lower incisors by 1 labially increases the arch length by,"The question about ""Tweed inclination of lower incisors"" is not directly answered in the context you provided. However, I can help explain what it means.

Tweed inclination refers to the angle or tilt of the lower front teeth (incisors). When these teeth are tilted forward (labially), it can change the space or length of the dental arch (the curve of your teeth).

Unfortunately, the specific amount that the arch length increases is not given in the information you shared. If you have more details or a specific number, I can help explain that better!",0.8 mm,4.086944444444445,8.47,11.54,-4.383055555555556,0.0,419,,0.8165411949157715
mirage,low,low,True,upper_bound,Epsilon in high copper amalgam is?,"Epsilon in high copper amalgam is a type of material used in dental fillings. It helps make the filling strong and durable. Amalgam is a mix of metals, and high copper means it has more copper in it. This makes the filling better for your teeth.",Cu3Sn,3.997142857142858,5.83,9.52,-1.8328571428571419,0.0,297,,0.7761014103889465
mirage,low,low,True,upper_bound,Is metoprolol metabolized by CYP2D6?,"The information you provided does not mention metoprolol or its metabolism. However, to answer your question: Yes, metoprolol is metabolized by an enzyme called CYP2D6. This means that this enzyme helps break down metoprolol in the body. If you have more questions about metoprolol or anything else, feel free to ask!",yes,4.520555555555557,8.59,12.16,-4.069444444444443,0.038461538461538464,659,,0.7733157873153687
mirage,low,low,True,upper_bound,Maximum pCO2 is seen in which of the following stage in arterial gas analysis?,"The question is asking about the highest level of carbon dioxide (pCO2) in the blood during a test. 

In a healthy person, the highest level of carbon dioxide is usually found when the body is using a lot of oxygen, like during exercise. This is because when you exercise, your body makes more carbon dioxide as it uses energy.

So, the maximum pCO2 is seen during the exercise stage when the body is working hard. 

If you have more questions or need help understanding, feel free to ask!",A,5.863636363636363,9.38,11.6,-3.5163636363636375,0.02247191011235955,494,,0.793461263179779
mirage,low,low,True,upper_bound,Which of the following alloys has the highest surface roughness?,"I'm sorry, but the information you provided does not include details about which alloy has the highest surface roughness. The questions you shared are about metals and hardness tests, but they don't give enough information to answer your question about surface roughness. 

If you have more details or another question, feel free to ask!",NiTi,5.504473684210527,9.79,9.73,-4.285526315789472,0.0,293,,0.7999202609062195
mirage,low,low,True,upper_bound,Is colistin an antibiotic?,"Yes, colistin is an antibiotic. Antibiotics are medicines that help fight infections caused by bacteria. Colistin is used to treat certain serious infections, especially when other antibiotics do not work.",yes,5.145,11.52,13.02,-6.375,0.06451612903225806,535,,0.7863351702690125
mirage,low,low,True,upper_bound,The respiratory tract is crossed by the isthmus of the thyroid gland at the level of the,The respiratory tract is crossed by the isthmus of the thyroid gland at the level of the 2nd and 3rd tracheal rings. The isthmus is a small band of tissue that connects the two lobes of the thyroid gland. The trachea is the tube that carries air to your lungs. The 2nd and 3rd rings are parts of this tube.,tracheal rings.,5.547844827586207,5.21,8.08,0.33784482758620715,0.06451612903225806,364,,0.8410277962684631
mirage,low,low,True,upper_bound,Which of the following karyotypes is not compatible with survival to birth?,"I'm sorry, but the information you provided does not include details about karyotypes or which ones might not be compatible with survival to birth. 

A karyotype is a picture of a person's chromosomes. Chromosomes are like tiny packages of DNA that carry our genes. Some karyotypes can have too many or too few chromosomes, which can cause problems.

If you have specific karyotypes to choose from, I can help explain them and tell you which might not be compatible with survival to birth.","45,Y",4.830000000000002,8.8,11.98,-3.969999999999999,0.0,398,,0.7752670049667358
mirage,low,low,True,upper_bound,Your patient has diabetes. Why is this important?,"Diabetes is important because it can cause many health problems. In the cases above, we see a few reasons why diabetes matters:

1. **High Blood Sugar**: People with diabetes have trouble keeping their blood sugar at a normal level. This can lead to serious issues like pain and tiredness.

2. **Kidney Problems**: The 70-year-old man is on hemodialysis, which means his kidneys are not working well. Diabetes can damage the kidneys over time.

3. **Infections and Healing**: Diabetes can make it harder for the body to heal and fight infections. This can lead to more health problems.

4. **Heart Issues**: Diabetes can also affect the heart and blood vessels, leading to high blood pressure and other heart problems.

So, having diabetes is important to know because it can affect many parts of a person's health. It needs careful management to prevent complications.",These patients are more likely to get urinary tract infections if their blood sugar is unstable.,5.888962264150948,7.98,10.02,-2.091037735849053,0.062111801242236024,774,,0.8377119898796082
mirage,low,low,True,upper_bound,Is neurofilament light marker for disease?,"The neurofilament light marker is a test that can help show if there is damage to nerve cells in the brain and spinal cord. It is not mentioned in the information you provided, so we cannot say for sure if it is used for the conditions described. 

In general, this marker can be important for certain diseases, but it is not specifically linked to the cases you shared. If you have more questions about it, feel free to ask!",yes,5.240000000000002,8.54,11.21,-3.299999999999997,0.0,551,,0.814768373966217
mirage,low,low,True,upper_bound,Do mitochondria play a role in remodelling lace plant leaves during programmed cell death?,"The question about mitochondria and lace plant leaves is not directly related to the information about the 12-year-old girl with cancer or the 23-year-old woman with overdue menses. 

However, I can explain what mitochondria do. Mitochondria are tiny parts inside our cells. They help make energy for the cell to use. They can also help with cell death, which is when cells need to stop living for a good reason, like when a plant needs to change or grow.

In lace plants, when leaves change shape or die, mitochondria might help with that process. But the details about lace plants and mitochondria are not in the information you provided. 

If you have more specific questions or need help with something else, feel free to ask!",yes,5.419999999999998,7.68,10.69,-2.2600000000000016,0.0,673,,0.7926630973815918
mirage,low,low,True,upper_bound,Is there a need for pelvic CT scan in cases of renal cell carcinoma?,"Yes, a pelvic CT scan may be needed in cases of renal cell carcinoma. This scan helps doctors see if the cancer has spread to nearby areas. It gives a clear picture of the organs in the pelvis. This information is important for planning the best treatment.",no,4.240000000000002,6.32,8.84,-2.0799999999999983,0.0,421,,0.8128727078437805
mirage,medium,medium,True,upper_bound,Glycogen breakdown in exercising muscle is activated by:,"Glycogen breakdown in exercising muscle is activated by the hormone **epinephrine** (also known as adrenaline). When you exercise, your body needs more energy, and epinephrine helps to signal the muscles to break down glycogen, which is stored energy, into glucose. This glucose can then be used for quick energy during physical activity. 

In summary, during exercise, epinephrine plays a key role in activating the process that breaks down glycogen in muscles to provide energy.",none of the above.,8.840000000000003,13.15,15.58,-4.309999999999997,0.025641025641025644,371,,0.8111265301704407
mirage,medium,medium,True,upper_bound,Can leuprorelin acetate be used as androgen deprivation therapy?,"Yes, leuprorelin acetate can be used as androgen deprivation therapy. 

Leuprorelin is a type of medication known as a GnRH (gonadotropin-releasing hormone) agonist. It works by reducing the levels of certain hormones in the body, specifically testosterone in men. This is important in treating conditions like prostate cancer, where lowering testosterone can help slow the growth of cancer cells. 

In summary, leuprorelin acetate is effective in reducing androgen (male hormone) levels, making it a suitable option for androgen deprivation therapy.",yes,8.729615384615386,13.22,16.16,-4.490384615384615,0.024390243902439022,506,,0.7841230034828186
mirage,medium,medium,True,upper_bound,Which of the following genes conveys susceptibility for polygenic Alzheimer disease?,"The context provided does not directly mention any specific genes related to polygenic Alzheimer’s disease. However, based on what is known in medical literature, the most well-known gene that increases the risk for developing Alzheimer’s disease is the **APOE gene**, specifically the **APOE ε4 allele**. 

To clarify, here’s a brief explanation:

- **APOE gene**: This gene provides instructions for making a protein that helps carry cholesterol and other fats in the bloodstream. The presence of the ε4 variant of this gene is associated with a higher risk of developing Alzheimer’s disease, especially in older adults.

If you have more specific options or details regarding the genes in question, I can help you determine which one is related to polygenic Alzheimer’s disease.",APOE,7.367631578947371,13.14,15.38,-5.772368421052629,0.015748031496062992,574,,0.7883471846580505
mirage,medium,medium,True,upper_bound,A material turns to liquid on applying critical shear stress. This type of flow is called as?,"The type of flow you are describing, where a material turns to liquid when a certain amount of stress (called critical shear stress) is applied, is known as ""thixotropic flow."" 

**Thixotropic flow** means that a material becomes less viscous (or more fluid) when it is stirred or shaken. This is common in some gels and pastes, which can be thick when sitting still but become more liquid when mixed or agitated. 

If you have any more questions about this or related topics, feel free to ask!",Bingham body,8.023703703703706,9.12,10.13,-1.096296296296293,0.0,435,,0.7750747203826904
mirage,medium,medium,True,upper_bound,Mandibular molars show how many patterns of Accessory Canals,"Mandibular molars can show several patterns of accessory canals. According to the information provided, the major patterns include:

1. A lateral canal that extends from the upper part (coronal third) of the tooth to the area between the roots (furcal region) in the distal canal.
2. The presence of both lateral and furcal canals.
3. A single furcation canal that goes from the pulp chamber (the innermost part of the tooth containing nerves and blood vessels) to the area within the roots (intra-radicular region).
4. A variable pattern that can depend on the age of the patient.

So, there isn't just one pattern; instead, there are multiple patterns of accessory canals in mandibular molars.",3,8.39294117647059,9.91,11.49,-1.5170588235294105,0.017094017094017096,442,,0.7999378442764282
mirage,medium,medium,True,upper_bound,What is the most common tumor of mediastinum?,"The most common tumor of the mediastinum is a **thymoma**. 

The mediastinum is the area in the chest between the lungs that contains the heart, great blood vessels, trachea, esophagus, and other structures. Thymomas are tumors that develop in the thymus gland, which is located in this area. While the context provided does not list thymoma, it is important to know that it is the most frequently found tumor in the mediastinum. If you have any more questions about tumors or health, feel free to ask!",Neurogenic,7.854411764705883,9.23,13.02,-1.3755882352941171,0.0,354,,0.7757710218429565
mirage,medium,medium,True,upper_bound,Is bicompartmental knee arthroplasty more favourable to knee muscle strength and physical performance compared to total knee arthroplasty?,"The question about whether bicompartmental knee arthroplasty is more favorable for knee muscle strength and physical performance compared to total knee arthroplasty (TKA) is not directly answered in the provided context. However, I can give you some general information about these two types of knee surgeries.

**Bicompartmental Knee Arthroplasty**: This surgery replaces only the damaged parts of the knee, usually the inner and outer compartments, while preserving the healthy parts. It is less invasive than total knee arthroplasty and may allow for quicker recovery and better preservation of muscle strength and function.

**Total Knee Arthroplasty (TKA)**: This surgery replaces the entire knee joint, including all compartments. While it can relieve pain and improve function, it may take longer to recover from and can sometimes lead to more muscle weakness due to the more extensive nature of the surgery.

In general, studies suggest that bicompartmental knee arthroplasty may lead to better muscle strength and physical performance compared to total knee arthroplasty because it is less invasive and preserves more healthy tissue. However, the best choice depends on the specific condition of the knee and the patient's overall health.

If you have more specific questions or need further clarification, feel free to ask!",no,8.756666666666668,13.43,15.9,-4.673333333333332,0.0,683,,0.7781075239181519
mirage,medium,medium,True,upper_bound,Subclavian steal syndrome: can the blood pressure difference between arms predict the severity of steal?,"Subclavian steal syndrome is a condition that occurs when there is a blockage or narrowing in the subclavian artery, which supplies blood to the arms and brain. When this happens, blood flow can be ""stolen"" from one arm to supply the brain, leading to symptoms like dizziness or weakness in the arm.

Regarding your question about whether the blood pressure difference between arms can predict the severity of the steal: Yes, a significant difference in blood pressure between the arms can indicate the severity of the blockage. If one arm has a much lower blood pressure compared to the other, it may suggest that the blood flow is being redirected more significantly due to the blockage. However, while this difference can be a useful indicator, it is not the only factor to consider when assessing the severity of subclavian steal syndrome. Other tests and evaluations are also important for a complete understanding of the condition.",yes,7.0478571428571435,13.59,15.02,-6.542142857142856,0.012820512820512822,550,,0.7869312763214111
mirage,medium,medium,True,upper_bound,Most specific for diagnosing Ankylosing spondyliti?,"To diagnose Ankylosing Spondylitis (AS), the most specific test is the presence of the HLA-B27 antigen. HLA-B27 is a specific protein that can be found on the surface of some cells in the body. Many people with Ankylosing Spondylitis have this antigen, but not everyone who has HLA-B27 will develop the disease. 

In summary, if you are looking for the most specific test for diagnosing Ankylosing Spondylitis, checking for the HLA-B27 antigen is the best choice.",B/l sactoilitis,8.548529411764708,9.99,13.82,-1.4414705882352923,0.0,497,,0.7558154463768005
mirage,high,high,True,upper_bound,Is fear of anaphylactic shock discouraging surgeons from more widely adopting percutaneous and laparoscopic techniques in the treatment of liver hydatid cyst?,"The context provided does not directly address the issue of fear of anaphylactic shock in relation to the adoption of percutaneous and laparoscopic techniques for the treatment of liver hydatid cysts. However, it is important to note that the concern over anaphylaxis can indeed be a significant factor influencing surgical decisions.

Hydatid disease, caused by the Echinococcus granulosus parasite, can lead to the formation of cysts in the liver. When these cysts are manipulated, particularly during percutaneous aspiration or laparoscopic procedures, there is a risk of spillage of the cyst contents, which can lead to anaphylactic reactions in sensitive individuals. This potential complication may deter some surgeons from utilizing minimally invasive techniques, as they may prefer traditional open surgical approaches that allow for more controlled management of the cysts.

In summary, while the context does not explicitly mention this concern, fear of anaphylactic shock is a valid consideration that may discourage some surgeons from more widely adopting percutaneous and laparoscopic techniques in the treatment of liver hydatid cysts.",yes,11.362857142857145,18.16,18.6,-6.797142857142855,0.0,692,,0.7754925489425659
mirage,high,high,True,upper_bound,On applying pressure on angle of jaw while maintaining patent airway which nerve is likely to be damaged:,"The nerve that is likely to be damaged when applying pressure on the angle of the jaw while maintaining a patent airway is the **facial nerve (cranial nerve VII)**. This nerve innervates the muscles of facial expression and is located in close proximity to the angle of the mandible. Pressure in this area can lead to potential injury or compression of the facial nerve, resulting in weakness or paralysis of the muscles it supplies. 

Additionally, the **mandibular branch of the trigeminal nerve (cranial nerve V3)**, which innervates the muscles of mastication, could also be affected, but the facial nerve is more susceptible to injury in this specific context.",7th,10.888461538461542,14.39,16.22,-3.501538461538459,0.0,387,,0.7683005928993225
mirage,high,high,True,upper_bound,Is the combination with 2-methoxyestradiol able to reduce the dosages of chemotherapeutices in the treatment of human ovarian cancer?,"The question regarding the combination of 2-methoxyestradiol (2-ME) with chemotherapeutics in the treatment of human ovarian cancer pertains to ongoing research in the field of oncology. 2-ME is a naturally occurring metabolite of estradiol that has been studied for its potential antitumor properties. 

Research indicates that 2-ME may enhance the efficacy of certain chemotherapeutic agents while potentially allowing for the reduction of their dosages. This is particularly relevant in the context of ovarian cancer, where chemotherapeutic regimens can be associated with significant side effects. The proposed mechanism involves 2-ME's ability to induce apoptosis (programmed cell death) in cancer cells and inhibit angiogenesis (the formation of new blood vessels that supply tumors), thereby enhancing the overall therapeutic effect of the chemotherapeutics.

However, it is important to note that while preclinical studies and some early-phase clinical trials have shown promising results, further research is necessary to establish the safety, efficacy, and optimal dosing strategies of 2-ME in combination with specific chemotherapeutics for ovarian cancer treatment. Therefore, while there is potential for 2-ME to reduce the dosages of chemotherapeutics, definitive clinical guidelines and consensus are still evolving in this area. 

In summary, the combination of 2-methoxyestradiol with chemotherapeutics may indeed reduce dosages in the treatment of human ovarian cancer, but further clinical validation is required to confirm this",yes,10.053,18.6,19.91,-8.547,0.0,739,,0.7671470642089844
mirage,high,high,True,upper_bound,"A 57-year-old woman comes to the physician because of a 3-month history of fatigue. She also reports generalized itchiness that started approximately 2 months ago. Two weeks ago, she noticed yellowing","Based on the provided context, the 57-year-old woman’s symptoms of fatigue, generalized itchiness, and yellowing of the skin (likely indicating jaundice) suggest a potential hepatic or biliary issue. The combination of these symptoms raises the suspicion for conditions such as primary biliary cholangitis (PBC), primary sclerosing cholangitis (PSC), or other liver diseases, including hepatitis or cholestasis.

The generalized itchiness (pruritus) is commonly associated with cholestasis, where bile flow is impaired, leading to the accumulation of bile salts in the bloodstream. Jaundice occurs due to the buildup of bilirubin, a byproduct of the breakdown of red blood cells, which can also be elevated in liver dysfunction.

Given the duration of her symptoms and the specific combination of fatigue, pruritus, and jaundice, it would be prudent for the physician to conduct further evaluations. These may include:

1. **Liver Function Tests (LFTs)**: To assess the levels of liver enzymes, bilirubin, and alkaline phosphatase, which can indicate liver injury or biliary obstruction.
2. **Imaging Studies**: An abdominal ultrasound or CT scan may help visualize the liver and biliary tree for any structural abnormalities.
3. **Autoimmune Markers**: If PBC is suspected, tests for antimitochondrial antibodies (AMA) could be relevant.
4. **Hepatitis Panel**: To rule out viral",Cutaneous xanthomas,10.094934210526318,14.09,15.77,-3.9950657894736814,0.0,872,,0.7667776942253113
mirage,high,high,True,upper_bound,"Pterygomandibular space contains all, except:","The pterygomandibular space contains all of the following structures, except for the parotid gland. This space is primarily defined by the pterygomandibular raphe, the ramus of the mandible, and the lateral pterygoid muscle. It typically includes the inferior alveolar nerve, the lingual nerve, and the buccal fat pad, but does not contain the parotid gland, which is located more superficially in the parotid region.",Long buccal nerve,13.928333333333336,12.09,14.07,1.8383333333333365,0.029850746268656716,345,,0.8522465825080872
mirage,high,high,True,upper_bound,Cardiac reoperations in octogenarians: Do they really benefit?,"The question of whether octogenarians benefit from cardiac reoperations is complex and multifaceted, requiring consideration of various factors such as the specific cardiac condition, the type of reoperation, the patient's overall health status, and the potential risks versus benefits of the procedure.

In general, octogenarians, or individuals aged 80 and older, may experience both increased risks and potential benefits from cardiac reoperations. The benefits can include improved cardiac function, enhanced quality of life, and increased survival rates, particularly in cases of severe valvular heart disease or coronary artery disease where surgical intervention can correct underlying issues. 

However, the risks associated with reoperations in this age group are significant. Older patients often have comorbidities such as hypertension, diabetes, and chronic obstructive pulmonary disease, which can complicate surgical outcomes. Additionally, the physiological changes associated with aging can affect recovery and increase the likelihood of postoperative complications, such as infections or prolonged hospital stays.

The decision to proceed with cardiac reoperation in octogenarians should be made on a case-by-case basis, involving a thorough assessment by a multidisciplinary team. This team typically includes cardiologists, cardiac surgeons, geriatricians, and anesthesiologists, who can evaluate the patient's functional status, cognitive ability, and overall prognosis.

In conclusion, while octogenarians can benefit from cardiac reoperations, careful consideration of individual circumstances and a comprehensive risk assessment are essential to ensure that the potential benefits outweigh the risks.",yes,11.582857142857147,20.91,20.79,-9.327142857142853,0.0,714,,0.7676655650138855
mirage,high,high,True,upper_bound,"A 4 years old child was brought to the hospital with right impalpable testsis. During diagnostic laparoscopy for undescended testis, there are blind testicular vessels. What should be done next?","In the scenario described, the 4-year-old child presents with an impalpable right testis, and during diagnostic laparoscopy, the presence of blind testicular vessels is noted. This finding suggests that the testis may be either absent or non-viable due to a lack of adequate blood supply, which is critical for testicular function and development.

Given this context, the appropriate next step in management would be to perform an orchiectomy (surgical removal of the testis). This is indicated because the absence of functional testicular vessels implies that the testis is likely not viable, and retaining a non-functional testis could lead to complications such as the potential for malignant transformation or chronic pain. 

In summary, the next step should be an orchiectomy to address the issue of the undescended and non-viable testis.",Nothing is to be done,10.0375,15.24,16.89,-5.202500000000001,0.04316546762589928,646,,0.7910019159317017
mirage,high,high,True,upper_bound,"A 50 years old lady, who has a known diagnosis of bronchial asthma, presented to the AIIMS emergency with complaints of severe breathlessness, diaphoresis and wheezing. On examination, you find that t","In the case of a 50-year-old woman with a known diagnosis of bronchial asthma presenting to the emergency department with severe breathlessness, diaphoresis (excessive sweating), and wheezing, it is critical to consider the possibility of an acute asthma exacerbation. 

Asthma exacerbations can be triggered by various factors, including allergens, respiratory infections, exercise, or exposure to irritants. The symptoms of breathlessness and wheezing indicate bronchial hyperreactivity and airway obstruction due to inflammation and bronchoconstriction. Diaphoresis may be a response to the distress associated with respiratory difficulty.

Upon examination, it is essential to assess the severity of the exacerbation. This includes checking the patient's respiratory rate, oxygen saturation, and the presence of accessory muscle use, which can indicate increased respiratory effort. Auscultation of the lungs may reveal wheezing, which is a hallmark sign of asthma exacerbation, often more pronounced during expiration.

Immediate management should focus on bronchodilation, typically achieved through the administration of a short-acting beta-agonist (SABA) such as albuterol. In cases of severe exacerbations, systemic corticosteroids may also be indicated to reduce airway inflammation. Monitoring the patient's response to treatment is crucial, and supplemental oxygen should be provided if there are signs of hypoxemia.

In summary, the presentation of severe breathlessness, diaphoresis, and wheezing in a patient with known asthma suggests an acute exacerbation requiring prompt assessment and intervention to",Ventilation with continuous positive airway pressure,11.01404761904762,17.23,17.64,-6.2159523809523805,0.017316017316017316,890,,0.7987031936645508
mirage,high,high,True,upper_bound,Slow growing alveolar like tumor in liver,"The slow-growing alveolar-like tumor in the liver is most likely associated with *Echinococcus granulosus* or *Echinococcus multilocularis*, which are parasitic infections that can lead to the formation of hydatid cysts in the liver. These echinococcal infections result in cystic lesions that may exhibit an alveolar pattern on histological examination. 

*Echinococcus granulosus* typically leads to the formation of unilocular cysts (hydatid cysts), while *Echinococcus multilocularis* is associated with multilocular cysts that can invade surrounding tissues, resembling a malignant process. 

Cysticercus cellulosae, the larval form of *Taenia solium*, can also cause cystic lesions in the central nervous system and other tissues but is less commonly associated with the liver. An amoebic liver abscess, typically caused by *Entamoeba histolytica*, presents differently and is characterized by necrotic tissue rather than a slow-growing tumor.

In summary, the context suggests that the slow-growing alveolar-like tumor in the liver is most likely linked to echinococcosis, specifically from *Echinococcus granulosus* or *Echinococcus multilocularis*.",E. multilocularis,11.2,18.16,18.06,-6.960000000000001,0.01234567901234568,592,,0.8079299330711365
mirage,high,high,True,upper_bound,"A 32-year-old man with HIV comes to the physician because of a 2-month history of weight loss, night sweats, and productive cough. Auscultation of the lungs shows coarse crackles at the right upper po","Based on the provided context, the 32-year-old man with HIV presenting with a 2-month history of weight loss, night sweats, and a productive cough, along with the finding of coarse crackles at the right upper lung field, is suggestive of a pulmonary infection, most likely due to opportunistic pathogens associated with immunocompromised states.

Given his HIV status and the symptoms described, the most likely underlying condition is **pulmonary tuberculosis (TB)**. The classic presentation of TB includes systemic symptoms such as weight loss and night sweats, along with respiratory symptoms like a productive cough. The presence of crackles on auscultation further supports the diagnosis, as they can indicate the presence of lung lesions or consolidation often seen in TB.

In summary, the combination of HIV, weight loss, night sweats, productive cough, and lung auscultation findings strongly points towards pulmonary tuberculosis as the most probable diagnosis in this patient.",Interaction of B7 and CD28 ligands,10.312817460317463,16.99,17.35,-6.677182539682535,0.025641025641025644,818,,0.7852597236633301
mirage,high,high,True,upper_bound,Middle constrictor of pharynx has attachment from:,"The middle constrictor of the pharynx has its attachments primarily from the greater and lesser horns of the hyoid bone and the stylohyoid ligament. It is one of the three pharyngeal constrictor muscles, which play a crucial role in the process of swallowing by facilitating the movement of food from the oropharynx into the esophagus. The muscle fibers of the middle constrictor originate from these anatomical landmarks and insert into the midline raphe of the pharynx.",Body of hyoid bone,12.860000000000005,14.32,15.02,-1.4599999999999955,0.075,342,,0.8344255089759827
mirage,high,high,True,upper_bound,"Light cure system, side effect is:","The context provided does not directly address the specific side effects associated with light cure systems, which are typically used in dental and dermatological applications for curing materials like composites or for phototherapy. However, based on general knowledge, the side effects of light cure systems can include:

1. **Skin Irritation**: Prolonged exposure to the light source can cause erythema or irritation of the skin.
2. **Eye Damage**: The intense light can potentially harm the eyes if proper protective eyewear is not used.
3. **Thermal Injury**: The heat generated by the light can lead to thermal burns in sensitive tissues if not properly managed.

If you are looking for a specific side effect related to a particular application of a light cure system, please provide additional context for a more tailored response.",Retinal damage,10.713333333333338,13.28,15.25,-2.566666666666661,0.015037593984962405,462,,0.7881143093109131
mirage,high,high,True,upper_bound,Is it safe to perform rectal anastomosis in gynaecological debulking surgery without a diverting stoma?,"The safety of performing a rectal anastomosis during gynecological debulking surgery without a diverting stoma is contingent upon several factors, including the patient's overall health, the extent of the disease, and the surgical technique employed.

In general, rectal anastomosis can be performed safely without a diverting stoma in select patients, particularly if there is no significant risk of anastomotic leakage or if the patient has adequate bowel preparation and is in a stable condition. However, the absence of a diverting stoma increases the risk of complications such as leakage, which can lead to peritonitis and sepsis.

In the context of gynecological surgery, where the anatomy may be altered due to the presence of tumors or adhesions, careful consideration must be given to the vascular supply and the integrity of the rectal tissue. If there is a high suspicion of compromised blood supply or if the anastomosis is being performed in a contaminated field, a diverting stoma may be advisable to mitigate the risk of postoperative complications.

Ultimately, the decision should be made on a case-by-case basis, taking into account the surgical team's experience, the patient's condition, and the specific circumstances of the surgery. In high-risk scenarios, a diverting stoma may provide a safer approach to prevent potential complications associated with rectal anastomosis.",yes,10.419285714285714,18.65,19.14,-8.230714285714285,0.0,618,,0.771216630935669
mirage,clinical,clinical,True,upper_bound,A psychiatrist is not posted at:,"Based on the provided context, it is not explicitly stated where the psychiatrist is not posted. However, given the scenarios presented, it can be inferred that the psychiatrist may not be present in the emergency room setting where the obtunded patient is being evaluated. In such acute medical situations, psychiatric evaluation may not be immediately available unless specifically requested or if the patient's condition warrants it. Therefore, the answer to the question is that a psychiatrist is not posted in the emergency room.",PHC,14.798947368421054,15.11,16.22,-0.3110526315789457,0.0,592,,0.7736242413520813
mirage,clinical,clinical,True,upper_bound,Positive pivot shift test in knee is because of injury to -,"The positive pivot shift test is indicative of an injury to the anterior cruciate ligament (ACL) of the knee. This test assesses the stability of the knee by evaluating the ability of the tibia to subluxate anteriorly relative to the femur when the knee is in a flexed position and subjected to a valgus stress. A positive result suggests ACL insufficiency, which is commonly associated with acute knee injuries, such as those that may occur during sports activities like soccer or football, as described in the presented cases.",Anterior cruciate ligament,18.232000000000003,17.17,18.95,1.0620000000000012,0.06593406593406592,652,,0.8298192024230957
mirage,clinical,clinical,True,upper_bound,The cribriform plate connects,The cribriform plate connects the nasal cavity to the anterior cranial fossa. It is a bony structure located in the ethmoid bone and contains numerous foramina that allow the passage of olfactory nerve fibers (CN I) from the nasal mucosa to the olfactory bulbs situated above. This anatomical feature is crucial for the sense of smell and plays a role in the integrity of the cranial base.,Nasal cavity and anterior cranial fossa,18.508571428571432,13.2,14.55,5.308571428571433,0.136986301369863,326,,0.8486199378967285
mirage,clinical,clinical,True,upper_bound,In mandibular primary second molar true statement is,"In the context of the mandibular primary second molar, a true statement is that it typically has a larger occlusal surface area compared to the primary first molar. Additionally, the primary second molar usually exhibits a more pronounced buccal and lingual cusp morphology, with two roots (mesial and distal) that are relatively close together. It is also characterized by a more prominent transverse ridge and may have three or more cusps, with the presence of a central pit. 

If you require a specific true statement regarding its anatomy or clinical relevance, please clarify, and I can provide additional details.",All buccal cusp are fo same size> all lingual cusp are of same size,16.804285714285715,14.56,16.22,2.2442857142857147,0.08849557522123894,451,,0.8308050632476807
mirage,clinical,clinical,True,upper_bound,Preconceptional intake of which of the following results in decrease in incidence of neural tube defect:,Preconceptional intake of folic acid (vitamin B9) results in a decrease in the incidence of neural tube defects (NTDs). It is recommended that women of childbearing age consume a daily supplement of 400 to 800 micrograms of folic acid to reduce the risk of NTDs such as spina bifida and anencephaly.,Folate,15.480740740740742,14.72,15.25,0.7607407407407418,0.0,487,,0.7743090391159058
mirage,clinical,clinical,True,upper_bound,"A 30 year old female is on antibiotics with prolonged IV cannulation, has spike of fever, the likely cause is :","In a 30-year-old female patient on antibiotics with prolonged intravenous (IV) cannulation who presents with a spike of fever, the likely cause is a catheter-related bloodstream infection (CRBSI). This condition can occur due to the introduction of pathogens into the bloodstream via the IV line, especially in the context of prolonged cannulation, which increases the risk of infection. 

Common pathogens associated with CRBSI include Staphylococcus aureus, coagulase-negative staphylococci, and Gram-negative bacteria. The presence of fever in this scenario suggests a systemic inflammatory response, which is consistent with an infectious process. It is essential to evaluate the patient further, including obtaining blood cultures, to identify the causative organism and guide appropriate management, which may include the removal of the IV catheter and initiation of targeted antibiotic therapy.",Coagulase negative staphylococcus,19.449696969696976,18.49,19.08,0.9596969696969779,0.029850746268656712,741,,0.8270791172981262
mirage,clinical,clinical,True,upper_bound,"CA maxillary sinus stage III (T3 No Mo), treatment of choice is / Ca maxillary sinus is treated by -","The treatment of choice for stage III maxillary sinus carcinoma (T3 N0 M0) typically involves a multidisciplinary approach, primarily consisting of surgical resection. The standard management includes:

1. **Surgical Resection**: This may involve a maxillectomy, which is the surgical removal of the maxilla (upper jaw) and surrounding tissues. The extent of resection will depend on the specific tumor characteristics and involvement of adjacent structures.

2. **Adjuvant Therapy**: Depending on the surgical margins and pathological findings, adjuvant radiotherapy may be indicated to reduce the risk of local recurrence.

3. **Consideration of Chemotherapy**: In select cases, particularly if there are high-risk features or if the tumor is not amenable to complete surgical resection, chemotherapy may be considered.

Overall, the management of maxillary sinus carcinoma is complex and should be tailored to the individual patient, involving oncologists, surgeons, and radiation therapists.",Surgery + Radiotherapy,18.930000000000003,16.64,17.93,2.2900000000000027,0.014184397163120569,548,,0.7964462637901306
mirage,clinical,clinical,True,upper_bound,Ferns undergo alternation of generations in which a,"Ferns undergo alternation of generations in which a diploid sporophyte generation alternates with a haploid gametophyte generation. The sporophyte is the dominant, photosynthetic stage, while the gametophyte is typically small and independent, producing gametes through mitosis. This life cycle is characterized by the production of spores via meiosis in the sporophyte, which then develop into the gametophyte.",dominant sporophyte alternates with an independent gametophyte,24.12769230769231,15.42,17.51,8.70769230769231,0.15625,340,,0.8710060119628906
mirage,clinical,clinical,True,upper_bound,All of the following are true regarding tonsillectomy in children except:,"In the context of tonsillectomy in children, the following statements are generally true:

1. Tonsillectomy is indicated for recurrent tonsillitis or obstructive sleep apnea due to enlarged tonsils.
2. The procedure is typically performed under general anesthesia.
3. Postoperative complications can include bleeding, infection, and pain management issues.
4. Children may experience a recovery period of about 7 to 14 days post-surgery.

However, the statement that is not true regarding tonsillectomy in children would likely be related to the assumption that it is a benign procedure without risks. 

Thus, the correct answer to the question ""All of the following are true regarding tonsillectomy in children except:"" would be:

**The procedure is without risk of complications.** 

This statement is false, as tonsillectomy does carry risks, including postoperative bleeding and other complications.",Extracapsular approach is best for cold approach,23.462222222222227,13.44,15.08,10.022222222222227,0.028985507246376805,644,,0.7889666557312012
mirage,clinical,clinical,True,upper_bound,The part of the mandible which ossify in cartilage is:,"The part of the mandible that ossifies in cartilage is the **condylar process**. This process undergoes endochondral ossification, while the body of the mandible primarily develops through intramembranous ossification.",All of the above,15.3275,,,,0.1212121212121212,325,,0.8102405071258545
mirage,clinical,clinical,True,upper_bound,Which of the following statements about developing a dental radiograph is false?,"Based on the context provided, the question about developing a dental radiograph does not directly relate to the clinical scenarios presented. However, in the context of dental radiography, a common false statement could be:

""Radiographs can be developed without the use of a darkroom or automated processor.""

This statement is false because traditional film-based dental radiographs require either a darkroom for manual processing or an automated processor to develop the film properly. Digital radiography, on the other hand, does not require this process but is not applicable to the context of traditional film development.",It typically involves a developer containing sodium thiosulphate,15.945909090909094,16.42,18.24,-0.4740909090909078,0.038834951456310676,552,,0.7951048612594604
mirage,clinical,clinical,True,upper_bound,27. The lateral spread of dental caries is facilitated mostly by the,"The lateral spread of dental caries is primarily facilitated by the presence of dental biofilm (plaque) and the permeability of enamel. Specifically, the caries process involves the demineralization of enamel due to acid production by cariogenic bacteria, such as Streptococcus mutans, which thrive in the presence of fermentable carbohydrates. The lateral spread occurs as the acids diffuse through the enamel and into the dentin, where the tubules allow for further progression of the carious lesion. Additionally, factors such as the morphology of the tooth surface, the presence of pits and fissures, and the overall oral hygiene practices of the patient can significantly influence the rate and extent of lateral caries spread.",Dentinoenamel junction,15.400000000000002,16.71,17.12,-1.3099999999999987,0.0,590,,0.7822479605674744
mirage,clinical,clinical,True,upper_bound,All of these are dental auxiliary dental materials except:,"Based on the context provided, the question ""All of these are dental auxiliary dental materials except:"" does not have specific options listed. However, if we consider common dental auxiliary materials, they typically include items such as impression materials, dental cements, and temporary restorative materials.

To accurately answer your question, please provide the options you would like me to evaluate against the criteria of being a dental auxiliary material.",Ceramic,15.638095238095236,17.37,17.51,-1.7319047619047652,0.0,301,,0.7804274559020996
mirage,clinical,clinical,True,upper_bound,Most prominent lingual fossa in Incisors is seen in,"The most prominent lingual fossa in incisors is typically seen in the maxillary central incisors. This anatomical feature is characterized by a concave area on the lingual surface, which is more pronounced in the maxillary central incisors compared to other incisors.",Upper Lateral incisor,17.288,14.57,16.53,2.718,0.04545454545454545,403,,0.8395947217941284
mirage,clinical,clinical,True,upper_bound,Most common site of zygomatic arch fracture is:,The most common site of zygomatic arch fracture is anterior to the zygomaticotemporal suture.,Posterior to Zygomaticotemporal suture,21.536000000000005,,,,0.3333333333333333,317,,0.9021173119544983
mirage,clinical,clinical,True,upper_bound,A screening test is used in the same way in two similar populations but the proportion of false positive results in population A is lower than that in population B. what is the likely explanation?,"The likely explanation for the lower proportion of false positive results in population A compared to population B, despite the screening test being used in the same manner, could be attributed to differences in the prevalence of the condition being screened for, or variations in the underlying characteristics of the populations that affect the test's performance. 

Specifically, a lower prevalence of the disease in population A may lead to a higher positive predictive value (PPV) and a lower rate of false positives, as the test's specificity remains constant. Additionally, factors such as demographic differences, comorbidities, or variations in the biological characteristics of the populations could influence the test's specificity and sensitivity, thereby affecting the rate of false positives. 

In summary, the differences in false positive rates between the two populations can be explained by variations in disease prevalence and population characteristics that impact the diagnostic accuracy of the screening test.",The prevalence of the disease is higher in population A,14.216666666666669,22.56,22.08,-8.34333333333333,0.09815950920245399,549,,0.8484416604042053
mirage,clinical,clinical,True,upper_bound,Highest incidence of atypical root canal or root among all teeth is seen in,"The highest incidence of atypical root canal morphology is observed in the maxillary first molars. These teeth often exhibit variations such as additional canals, unusual canal configurations, and complex anatomy, making them a common focus in endodontic studies.",Mandibular 1st premolar,15.98,16.66,16.53,-0.6799999999999997,0.0,464,,0.8095755577087402
