source,target_band,used_band,band_match,condition,query,generated_text,answer_text,fk_source,fk_generated,smog_generated,fk_reduction,rouge_l,tokens,error,bertscore,band_question_only,fk_question_only,margin_question_only,band_match_question_only
medqa,low,low,True,actual,A 65-year-old woman presents to her primary care physician for a wellness checkup. She states that she has felt well lately and has no concerns. The patient has a 12-pack-year smoking history and has ,"The best next step for the 65-year-old woman is to have a Pap smear. 

A Pap smear is a test that checks for changes in the cells of the cervix, which is the lower part of the uterus. It is important for women to have this test regularly to help find any problems early. Since she can't remember when she last had one and thinks it was when she was 62, it is a good idea for her to get this test done now.",DEXA scan,5.226884057971013,7.07,9.52,-1.843115942028987,0.0,906,,0.7887786,medium,6.18,0.18,False
medqa,low,low,True,actual,"A 49-year-old woman presents to the office because of tremors for 2 months. She says that her hands have been shaking a lot, especially when she feels stressed. In addition, she has been sweating more","The 49-year-old woman has some symptoms that can be connected to a problem with her thyroid. The thyroid is a small gland in the neck that helps control how the body uses energy. 

Her symptoms include shaking hands (tremors), sweating more than usual, and losing weight. These can happen when the thyroid is working too hard, which is called hyperthyroidism. 

In hyperthyroidism, the body makes too much of a hormone called thyroid hormone. This can cause the symptoms she is experiencing. 

So, the hormonal imbalance that is most likely present in her case is too much thyroid hormone.","Low TSH, high free T4, and high free T3",5.515695732838591,7.21,9.24,-1.6943042671614092,0.018348623853211,901,,0.80450314,low,4.47,1.53,True
medqa,low,medium,False,actual,"A 67-year-old man comes to the physician for a routine examination. He does not take any medications. He drinks 6 to 7 bottles of beer every night, and says he often has a shot of whiskey in the morni","In this situation, the 67-year-old man is showing signs that may suggest he has a problem with alcohol use. He drinks a significant amount of beer every night and even has whiskey in the morning for his headaches. His drinking habits might be affecting his life negatively, such as losing his job and having issues with friendships.

The most appropriate initial response by the physician should be one that shows understanding and concern for the man's situation. A good response could be:

""I understand that you feel frustrated about your friend not returning your calls. Can we talk about your drinking? It seems like it might be affecting other parts of your life, like your job and your relationships.""

This response is important because it opens up a conversation about his drinking in a non-judgmental way, allowing the man to feel comfortable discussing his habits and any potential issues. It also shows that the physician cares about his overall well-being.","""""""I'm sorry that your friend no longer returns your calls. What do you think your friend is worried about?""""""",5.940963455149504,10.0,12.84,-4.059036544850496,0.1081081081081081,804,,0.84242094,medium,6.12,0.12,False
medqa,low,low,True,actual,"A 34-year-old man comes to the physician for a follow-up examination. He has a 3-month history of a nonproductive cough. He has been treated with diphenhydramine since his last visit 2 weeks ago, but ","The 34-year-old man has a cough that has not improved even after taking diphenhydramine for two weeks. His tests, including a chest x-ray, did not show any problems. 

Since he has been treated but still has symptoms, the next step is to try a different treatment. A common next step for a cough that doesn't go away is to try a different type of medicine, like a cough suppressant or an inhaler, depending on the cause of the cough.

So, the most appropriate next step in management would be to change his treatment plan. This could include trying a new medicine to help with his cough.",Pulmonary function testing,5.355734989648035,7.33,10.86,-1.9742650103519657,0.0176991150442477,943,,0.796882,medium,6.88,0.88,False
medqa,low,medium,False,actual,A child presents to his pediatrician s clinic for a routine well visit. He can bend down and stand back up without assistance and walk backward but is not able to run or walk upstairs. He can stack 2 ,"Based on the information provided, the child described is likely around 18 months old. 

At this age, children typically can do the following:

- Walk independently (though some may not run yet)
- Bend down and stand back up without help
- Walk backward
- Stack a few blocks (like 2 blocks)
- Follow simple requests, such as bringing a book when asked
- Use a few words, like ""mama,"" ""dada,"" ""book,"" ""milk,"" and ""truck""

The ability to perform these actions aligns with the developmental milestones expected for an 18-month-old child. While the child is not yet able to run or walk upstairs, these skills often develop a bit later. Overall, this child seems to be developing appropriately for his age.",15 months,5.7439898989898985,13.07,13.43,-7.326010101010102,0.0168067226890756,803,,0.7918487,low,5.52,0.48,True
medqa,medium,medium,True,actual,"A mother brings her son to the pediatrician because she is concerned about his health. She states that throughout her child's life he has demonstrated aggressive behavior. However, he has recently beg","Based on the information provided, it seems that the child is showing concerning behaviors, including self-harm (biting himself), and has a history of mental retardation and severe joint pain. These symptoms could suggest a genetic condition, but the specific inheritance pattern isn't clearly stated in the context given.

However, if we consider the symptoms and the mention of mental retardation, one possible condition that could be relevant is **X-linked recessive inheritance**. This means that the gene causing the condition is located on the X chromosome, and it typically affects males more severely than females. 

In X-linked recessive conditions, males (who have only one X chromosome) are more likely to express the disease if they inherit the affected X chromosome from their mother. Females, having two X chromosomes, may be carriers without showing symptoms if they have one normal X chromosome.

To summarize, the inheritance pattern that may apply to this child's condition, given the symptoms and history, is likely **X-linked recessive**. However, a healthcare professional would need to conduct further evaluations and possibly genetic testing to confirm any diagnosis.",X-linked recessive,8.437957264957266,14.17,16.53,-5.732042735042734,0.0319148936170212,909,,0.8226221,medium,7.75,1.75,True
medqa,medium,medium,True,actual,A 60-year-old man comes to the physician because his wife has noticed that his left eye looks smaller than his right. He has had worsening left shoulder and arm pain for 3 months. He has smoked two pa,"Based on the information provided, the most likely cause of this 60-year-old man's symptoms is a condition known as Horner's syndrome. 

Here's why:

1. **Symptoms**: The man has noticed that his left eye looks smaller than his right. This is called ""ptosis,"" which means drooping of the eyelid. He also has unequal pupils; the left pupil is smaller than the right. These signs can indicate a problem with the nerves that control the eye and eyelid.

2. **Medical History**: He has been experiencing worsening pain in his left shoulder and arm for the past three months. This could suggest that there is something pressing on the nerves in that area, possibly due to a tumor or another issue.

3. **Smoking History**: He has a long history of smoking, which increases the risk of various health problems, including lung cancer. This is important because tumors in the lung can sometimes affect the nerves that control the eye and eyelid, leading to symptoms like those he is experiencing.

In summary, the combination of a smaller left eye, drooping eyelid, and unequal pupils, along with his smoking history and shoulder pain, points towards Horner's syndrome, which can be caused by a tumor or other issues affecting the nerves in that area.",Compression of the stellate ganglion,8.457926675094818,9.37,11.74,-0.9120733249051812,0.0182648401826484,935,,0.7958467,low,3.63,2.37,False
medqa,medium,medium,True,actual,"A 7-year-old boy is brought to the clinic by his parents due to right ear pain. For the past few days, the patient s parents say he has had a low-grade fever, a runny nose, and has been frequently pul","In this case, the 7-year-old boy is experiencing ear pain and has had a recent history of similar symptoms. He was previously treated with amoxicillin, which is an antibiotic used to fight infections. However, sometimes bacteria can become resistant to antibiotics, meaning they no longer respond to treatment. 

Clavulanic acid is added to amoxicillin to help prevent this resistance. It works by blocking certain enzymes that bacteria produce to protect themselves from antibiotics. By combining amoxicillin with clavulanic acid, the treatment becomes more effective against a wider range of bacteria, including those that might be resistant to amoxicillin alone.

So, the benefit of adding clavulanic acid to amoxicillin is that it helps the antibiotic work better against infections that might not respond to amoxicillin by itself. This combination can help ensure that the boy's ear infection is treated effectively.",Inhibitor effect,8.3765034965035,13.68,14.73,-5.3034965034965005,0.0138888888888888,928,,0.77050847,medium,6.67,0.67,True
medqa,medium,medium,True,actual,A 64-year-old female with a long-standing history of poorly-controlled diabetes presents with 3 weeks of abnormal walking. She says that lately she has noticed that she keeps dragging the toes of her ,"The symptoms described in the case of the 64-year-old woman suggest a problem with a specific nerve in her leg. She has a condition known as ""foot drop,"" which means she has difficulty lifting the front part of her foot. This is causing her to drag her toes while walking. 

The ""first dorsal web space"" refers to the area between the first (big) toe and the second toe. Decreased sensation in this area indicates that a nerve that supplies feeling to this part of the foot is not working properly.

Given her symptoms, the most likely nerve affected is the **peroneal nerve** (also known as the common fibular nerve). This nerve helps control the muscles that lift the foot and provides sensation to the area between the toes. Damage to this nerve can lead to foot drop and the dragging of the toes, which is what she is experiencing.

In summary, the deficit in the **peroneal nerve** is likely responsible for her symptoms of foot drop and decreased sensation in the first dorsal web space.",Deep peroneal nerve,9.320533980582525,8.51,10.75,0.8105339805825249,0.0222222222222222,848,,0.83090085,medium,9.09,0.91,True
medqa,medium,medium,True,actual,"A 75-year-old man is referred for thyroidectomy for treatment of thyroid nodules. A portion of the thyroid gland is resected, and the neck is closed with sutures. After awakening from anesthesia, the ","In this situation, the surgeon should explain to the patient that the hoarseness he is experiencing is likely due to a complication from the surgery. Specifically, the surgeon should say something like:

""I want to inform you that during your surgery, there was an unintentional injury to a nerve called the recurrent laryngeal nerve. This nerve helps control your voice and the muscles in your throat. While this is not uncommon in thyroid surgery, it can cause hoarseness or difficulty speaking. We will monitor your recovery closely, and in many cases, this issue improves over time. If you have any questions or concerns, please feel free to ask.""

This explanation is clear and provides the patient with important information about what happened, why it happened, and what to expect moving forward.","""We made a mistake during the operation that may have harmed you.""",7.512,10.53,12.29,-3.018,0.0559440559440559,800,,0.8495325,medium,7.38,1.38,True
medqa,high,high,True,actual,"On the 4th day of hospital admission due to pneumonia, a 69-year-old woman develops non-bloody diarrhea and abdominal pain. She is currently treated with ceftriaxone. Despite the resolution of fever a","Based on the clinical context provided, the 69-year-old woman, who is hospitalized for pneumonia and has developed non-bloody diarrhea, abdominal pain, and a fever after an initial resolution, is likely experiencing Clostridioides difficile infection (CDI). This is particularly plausible given her recent antibiotic therapy with ceftriaxone, which can disrupt normal gut flora and predispose patients to CDI.

In cases of suspected CDI, the most sensitive test for diagnosis is the detection of toxins produced by C. difficile in the stool. Specifically, the enzyme immunoassay (EIA) for toxins A and B is commonly used, although nucleic acid amplification tests (NAATs) such as PCR for the toxin gene may also be employed for increased sensitivity. However, the stool test for toxins A and B remains the standard initial diagnostic approach due to its sensitivity in identifying active infections.

Therefore, the most sensitive test for diagnosing Clostridioides difficile infection in this patient is the stool assay for C. difficile toxins.",Stool culture for bacterial isolation and toxin presence,11.434250764525997,15.25,16.79,-3.8157492354740032,0.0476190476190476,877,,0.8066677,high,10.52,0.52,True
medqa,high,high,True,actual,An 18-month-old girl is brought to the pediatrician s office for failure to thrive and developmental delay. The patient s mother says she has not started speaking and is just now starting to pull hers,"The clinical presentation described in the scenario is suggestive of a lysosomal storage disorder, specifically **Mucopolysaccharidosis (MPS)**, likely **MPS Type I (Hurler syndrome)**. The key features supporting this diagnosis include:

1. **Failure to thrive and developmental delay**: These are common in children with MPS due to metabolic dysfunction and accumulation of glycosaminoglycans (GAGs) in various tissues.
   
2. **Coarse facial features**: This is a classic manifestation of MPS, where patients often exhibit distinct facial dysmorphism.

3. **Restricted joint mobility**: Joint stiffness and limited range of motion are typical due to GAG accumulation in connective tissues.

4. **Increased plasma levels of several enzymes**: In MPS, there is often an accumulation of substrates due to enzyme deficiencies. For instance, in Hurler syndrome, there is a deficiency of the enzyme alpha-L-iduronidase, leading to the accumulation of heparan sulfate and dermatan sulfate.

In summary, the underlying biochemical defect in this patient is likely a deficiency in a specific lysosomal enzyme, which in the case of MPS Type I, is **alpha-L-iduronidase**. This deficiency leads to the accumulation of glycosaminoglycans, resulting in the clinical manifestations observed.",Failure of mannose phosphorylation,12.452987012987016,14.51,15.32,-2.0570129870129836,0.0213903743315508,869,,0.7766462,medium,9.1,0.9,False
medqa,high,high,True,actual,"A 64-year-old woman comes to the emergency room because of a sudden weakness in her right arm and leg. She has atrial fibrillation, tinea unguium, gastroesophageal reflux disease, hypertension, and hy","The clinical presentation of the 64-year-old woman suggests she is experiencing a cerebrovascular accident, likely a stroke, characterized by sudden weakness in her right arm and leg, facial droop on the right side, and a positive Babinski sign on the right. Given her medical history of atrial fibrillation, she is at increased risk for thromboembolic events, which can lead to ischemic strokes.

Among her current medications, the most pertinent is warfarin, an anticoagulant used to prevent thromboembolic events in patients with atrial fibrillation. The prothrombin time (PT) of 14 seconds with an INR of 1.5 indicates that her anticoagulation level is elevated, which increases her risk of bleeding. In the context of her symptoms, the underlying cause of her current condition is likely related to the anticoagulant effect of warfarin, which may have led to a hemorrhagic stroke if there was a rupture of a vessel, or it may have contributed to an ischemic event if she had a thrombus that was not adequately managed.

Therefore, the drug most likely underlying her current condition is **warfarin**.",Griseofulvin,10.229404761904764,14.4,15.15,-4.1705952380952365,0.0,963,,0.7403304,medium,9.49,0.51,False
medqa,high,high,True,actual,A 25-year-old G2P1 woman at 28 weeks estimated gestational age presents with questions on getting epidural anesthesia for her upcoming delivery. She has not received any prenatal care until now. Her p,"In this scenario, the 25-year-old woman is Rh-negative (A negative) and her husband is Rh-positive (O positive). This raises the potential risk of Rh incompatibility, particularly if the fetus is Rh-positive, which could lead to hemolytic disease of the newborn (HDN) if fetal red blood cells enter the maternal circulation during delivery. 

To prevent this complication, the patient should be administered Rh immunoglobulin (RhIg), commonly known as Rho(D) immune globulin, immediately. This prophylactic treatment is typically given at around 28 weeks of gestation and again within 72 hours after delivery if the newborn is found to be Rh-positive. RhIg works by preventing the mother's immune system from producing antibodies against Rh-positive blood cells, thereby reducing the risk of sensitization and subsequent complications in future pregnancies.

Therefore, the correct action in this case is to administer Rh immunoglobulin to the patient.",Anti-RhO(D) immunoglobulin,12.855035211267603,16.01,16.93,-3.154964788732398,0.0392156862745098,891,,0.83566,high,12.04,1.96,True
medqa,high,medium,False,actual,A 44-year-old woman comes to the emergency department because of a 10-hour history of severe nausea and abdominal pain that began 30 minutes after eating dinner. The pain primarily is in her right upp,"Based on the information provided, the 44-year-old woman is experiencing severe nausea and abdominal pain, particularly in the right upper quadrant, which is a common area for gallbladder issues. The ultrasound findings show that she has a gallbladder stone and signs of inflammation, which suggests she may have acute cholecystitis, an inflammation of the gallbladder often caused by a gallstone blocking the bile duct.

Given her condition, the most appropriate next step in management would be to perform a surgical procedure called a cholecystectomy, which is the removal of the gallbladder. This is typically done to treat acute cholecystitis, especially when there are signs of infection or inflammation, as in her case.

In summary, the most appropriate next step in her management is to prepare her for a cholecystectomy.",Antibiotic therapy,10.58240414507772,14.96,17.35,-4.37759585492228,0.0,1007,,0.7759228,high,10.82,0.82,True
medqa,clinical,high,False,actual,"A 62-year-old woman with a pancreatic insulinoma is being prepared for a laparoscopic enucleation of the tumor. After induction of general anesthesia, preparation of a sterile surgical field, and port","In order to access the space posterior to the stomach during a laparoscopic enucleation of a pancreatic insulinoma, the surgeon must cut the **gastrocolic ligament**. 

The gastrocolic ligament is a part of the greater omentum that extends from the greater curvature of the stomach to the transverse colon. By dividing this ligament, the surgeon can gain access to the lesser sac (also known as the omental bursa), which lies posterior to the stomach and anterior to the pancreas. This access is crucial for adequately visualizing and resecting the insulinoma while minimizing trauma to surrounding structures.",Gastrohepatic ligament,14.15763698630137,15.16,16.22,-1.0023630136986306,0.0206185567010309,699,,0.7907336,high,13.86,0.14,False
medqa,clinical,clinical,True,actual,"A 27-year-old man with a history of intravenous drug use comes to the physician because of anorexia, nausea, dark urine, and abdominal pain for 2 weeks. Physical examination shows scleral icterus and ","The clinical presentation and laboratory findings of the 27-year-old man are indicative of acute hepatitis C infection, given the negative anti-hepatitis C antibody and the positive hepatitis C virus RNA detected by PCR. In the absence of appropriate antiviral treatment, the most likely outcome of this patient's current condition is the progression to chronic hepatitis C. 

Approximately 60-80% of individuals with acute hepatitis C will develop chronic infection, which can lead to long-term complications such as chronic liver disease, cirrhosis, and hepatocellular carcinoma over time. Therefore, without treatment, this patient is at significant risk for these adverse outcomes.",Slowly progressive hepatitis,16.58899009900991,17.81,17.97,-1.22100990099009,0.0373831775700934,803,,0.8196645,high,12.04,1.96,False
medqa,clinical,clinical,True,actual,"A prominent male politician has secret homosexual desires. However, rather than engaging in homosexual behavior, he holds rallies against gay rights and regularly criticizes gay people. The politician","The behavior exhibited by the politician, who has secret homosexual desires yet actively engages in rallies against gay rights and criticizes gay individuals, is indicative of **B: Reaction formation**. 

Reaction formation is a defense mechanism characterized by the conversion of unwanted or anxiety-provoking feelings into their opposites. In this case, the politician's public condemnation of homosexuality serves as a defense against his own repressed desires, manifesting as overtly anti-gay behavior to counteract his internal conflict.",Reaction formation,14.495277777777776,20.12,21.19,-5.624722222222225,0.05,541,,0.8172027,clinical,16.42,2.42,True
medqa,clinical,clinical,True,actual,"An investigator is studying the principles of cell-to-cell signaling of the autonomic nervous system. It is found that the adrenal medulla has receptors that, when activated, result in the immediate o","The receptors in the adrenal medulla that, upon activation, result in the immediate opening of Na+, Ca2+, and K+ channels, leading to the secretion of epinephrine and norepinephrine, are structurally most similar to the **NM (Nicotinic Muscarinic) receptors**. 

Nicotinic receptors are ligand-gated ion channels that facilitate rapid synaptic transmission and are characterized by their ability to allow the influx of cations (such as Na+ and Ca2+) upon activation. This mechanism is consistent with the described receptor function in the adrenal medulla, which is involved in the acute stress response and catecholamine release. 

Therefore, the correct answer is **D: NM receptors**.",NM receptors of the quadriceps femoris muscle,14.492794117647062,16.11,17.69,-1.6172058823529376,0.074074074074074,630,,0.8083306,high,13.67,0.33,False
medqa,clinical,medium,False,actual,"Given the pattern of inheritance shown in the pedigree, where might you find the disease gene in question?","To answer the question about where you might find the disease gene based on the pattern of inheritance shown in a pedigree, we need to understand what a pedigree is. A pedigree is a family tree that shows how a trait or disease is passed down through generations. 

If the pattern of inheritance is clear (for example, if the disease appears in every generation or skips generations), it can help us determine whether the disease is likely to be inherited in a dominant or recessive manner. 

1. **Autosomal Dominant**: If the disease appears in every generation and affected individuals have at least one affected parent, the gene is likely located on one of the autosomes (non-sex chromosomes) and is dominant.

2. **Autosomal Recessive**: If the disease skips generations (meaning it can appear in siblings but not in parents), it suggests that both parents might be carriers of the gene, which is also located on an autosome but is recessive.

3. **X-linked**: If the disease is more common in males than females and is passed from affected mothers to their sons, it might be located on the X chromosome.

Without specific details about the pedigree you are referring to, I can't give a precise location for the disease gene. However, you would typically look for the gene on an autosome or the X chromosome based on the inheritance pattern observed in the pedigree. 

If you have more specific details about the pedigree pattern, I can help narrow it down further!",On circular DNA in the mitochondrion,14.162234042553198,14.25,16.46,-0.0877659574468019,0.0232558139534883,585,,0.7949097,medium,9.13,0.87,False
medmcqa,low,low,True,actual,Miner's cramps are also called: NEET 13,Miner's cramps are also called heat cramps.,Ans. Heat cramps,2.3114285714285714,,,,0.3636363636363636,341,,0.9007883,low,2.31,3.69,True
medmcqa,low,low,True,actual,"A couple, with a fimily history of beta thalassemia major in a distant relative, has come for counseling. The husband has HbA2 of 4.8% and the wife has HbA2 of 2.3%. The risk of having a child with be","The risk of having a child with beta thalassemia major for this couple is 0%. 

Beta thalassemia major is a serious blood disorder. It usually happens when both parents carry a gene for it. In this case, the husband has a higher level of HbA2, which means he might carry the gene, but the wife has a low level of HbA2. This suggests she does not carry the gene. Since only one parent carries the gene, their child will not have beta thalassemia major.","Ans. is 'd' i.e., 0%",5.387987804878048,6.02,7.17,-0.632012195121952,0.0444444444444444,577,,0.82102567,low,4.55,1.45,True
medmcqa,low,low,True,actual,Which one of the following statements is false with regard to pyuria in children,"I'm sorry, but I don't have enough information about pyuria in children from the context you provided. However, I can tell you that pyuria means having a lot of white blood cells in the urine. This can happen when there is an infection. If you have more details or specific statements about pyuria, I can help you figure out which one is false.","Pyuria is the presence of more than 5 WBCs / high power field, both for boys and girls. CPDT Pyuria suggests infection, but infection can, occur in the absence of pyuria. Nelson Pyuria can present without UTI. Nelson So, Isolated pyuria is neither confirmatory nor diagnostic for UTI.",5.884285714285717,6.66,9.52,-0.7757142857142831,0.1428571428571428,443,,0.851382,low,5.88,0.12,True
medmcqa,low,low,True,actual,Pulsatile GnRH is used for managing:,Pulsatile GnRH is used for managing precocious puberty. This means it helps control early puberty in children.,"Ans. is d, i.e. Anovulatory infertilityPulsatile GnRH is used for:* Ovulation induction (in managing anovulatory infertility)* Delayed, puberty",4.450000000000003,,,,0.3333333333333333,265,,0.87162,low,4.45,1.55,True
medmcqa,low,low,True,actual,HCO3/H2CO3 is the best buffer because it is:,"HCO3/H2CO3 is the best buffer because it helps keep the blood at the right pH level. 

1. **pKa near physiological pH**: This means it works well at the normal level of acidity in the body.
2. **Can be changed**: The body can make more or less of HCO3 (bicarbonate) and H2CO3 (carbonic acid) when needed.
3. **Good at accepting and donating H+ ions**: This means it can help balance acidity by giving away or taking in hydrogen ions (H+), which are tiny parts of acids.
4. **Combination of a weak acid and weak base**: This means it is not too strong, so it can help control pH without causing big changes.

In short, HCO3/H2CO3 is very good at keeping our blood balanced and healthy.",Ans: B. Its components can be increased or decreased in the body as needed(Ref:Harper 30/e p11; Gaizung 25/e p6).HCO/H2CO3:Best buffer.As components can be increased or decreased in body as needed.Bicarbonate buffer system:Most powerful extracellular buffer in body.Since both elements of buffer system (HCO 3- & CO).Regulated respectively by kidneys & lungs.pH of extracellular fluid precisely controlled by HCO removal & addition by kidneys & CO 2 removal by lungs.,3.7550000000000026,9.79,10.13,-6.034999999999997,0.1078431372549019,412,,0.8321109,low,3.76,2.24,True
medmcqa,medium,medium,True,actual,Absence of lamina dura in the alveolus occurs in:,"The absence of lamina dura in the alveolus occurs in conditions like Rickets, Osteomalacia, and Hyperparathyroidism. 

To explain a bit more:

- **Lamina dura** is a thin layer of bone that surrounds the tooth roots in the jaw. It helps support the teeth.
- **Rickets** is a disease caused by a lack of vitamin D, calcium, or phosphate, leading to weak and soft bones.
- **Osteomalacia** is similar to rickets but occurs in adults, also resulting in soft and weak bones.
- **Hyperparathyroidism** is a condition where the parathyroid glands produce too much hormone, which can lead to bone loss.

So, in these conditions, the lamina dura may be absent, which can affect dental health.","Radiological Features of Hyperparathyroidism Subperiosteal resorption of terminal tufts of phalanges, lateral end of clavicle and symphysis pubis. Loss of lamina dura (i.e. thin coical bone of tooth socket surrounding teeth is seen as thin white line, is resorbed). Fig : Loss of Lamina Dura Brown Tumor Salt and Pepper appearance of skull Treatment: Direct parenteral supplementation of calcium. -Dental findings of other options : Osteomalacia- no tooth abnormality as such Rickets- enamel defect D",8.89777777777778,8.77,11.49,0.12777777777778,0.1458333333333333,396,,0.8238341,medium,8.9,1.1,True
medmcqa,medium,medium,True,actual,In which of the following condition gastric wash is contraindicated?,"In the context of gastric wash, it is contraindicated (not recommended) in the case of **sulphuric acid** ingestion. 

**Explanation:**
- **Gastric wash** is a procedure where the stomach is flushed out to remove harmful substances. 
- However, if someone has ingested strong acids like sulphuric acid, trying to wash out the stomach can cause more damage. The acid can burn the stomach lining, and washing it can lead to further injury or complications.

In summary, do not perform gastric wash if someone has ingested sulphuric acid.","The only absolute contraindication is corrosive poisoning (except carbolic acid), owing to the danger of perforation. In the following conditions stomach wash can be done by taking proper precautions: Convulsant poisons Comatose patients Volatile poisons Upper alimentary disease (e.g., esophageal varices) Marked hypothermia and hemorrhagic diathesis Ref: The Essentials of Forensic Medicine and Toxicology by KS Narayan Reddy, 27th edition, Page 453.",9.55,10.21,11.98,-0.6600000000000001,0.1360544217687074,398,,0.81749773,medium,9.55,0.45,True
medmcqa,medium,medium,True,actual,40 year old men is suffering from fever & pain in scrotum which is not relieved by elevation of testis. 3 days before had sexual contact with a young female ?,"Based on the information provided, the 40-year-old man is experiencing fever and pain in the scrotum that does not improve when he elevates the testis. He also had sexual contact with a young female three days prior to these symptoms.

Given these details, the most likely diagnosis is **epididymitis**. Epididymitis is an inflammation of the epididymis, which is the tube that carries sperm from the testis. This condition can occur due to infections, often related to sexually transmitted infections (STIs) if the person has had unprotected sexual contact. 

The key points that support this diagnosis are:
- The presence of fever, which indicates an infection.
- Scrotal pain that is not relieved by elevating the testis, which is a common symptom of epididymitis.
- Recent sexual contact, which raises the risk for STIs that can lead to epididymitis.

It is important for the man to see a healthcare provider for a proper diagnosis and treatment. Treatment may include antibiotics if an infection is confirmed.","Ans is 'c' ie Torsion of testis Torsion of testis can be differentiated from acute epididymitis by Prehn's sign. ie. On elevation of testis the pain increases in --> Torsion On elevation of testis the pain decreases in epididymoorchitis. Dont be confused with fever, it can also occur in torsion, especially in older patients.",7.154655172413797,10.04,12.86,-2.885344827586202,0.1013824884792626,813,,0.8216021,medium,7.15,1.15,True
medmcqa,medium,medium,True,actual,"All of the following are true about Duret hemorrhage, EXCEPT:","Duret's hemorrhages are a type of bleeding that occurs in the brainstem, which is the part of the brain that connects to the spinal cord and controls many basic functions like breathing and heart rate. 

Now, to answer your question about Duret's hemorrhages: 

**All of the following are true about Duret hemorrhage, EXCEPT:**

1. They are a type of bleeding in the brainstem.
2. They can occur after severe head injuries.
3. They are associated with increased pressure in the brain.
4. They are commonly seen in the liver.

The correct answer is **4. They are commonly seen in the liver.** This statement is not true because Duret's hemorrhages specifically occur in the brainstem, not the liver.","Duret haemorrhage: ""Progressive rise in ICP cause fuher downward herniation into the foramen magnum or coning. This result in shearing of perforators supplying the brain stem causing haemorrhage known as duret haemorrhage. Tractional damage to pituitary stalk can result in diabetes insipidus. With progressive herniation the pupils become midsize & non reacting. These are invariably irreversible events leading to brainstem death"". In case of increased ICP downward herniation of brainstem occur, w",7.190000000000001,6.73,9.15,0.4600000000000008,0.1343283582089552,643,,0.8097781,medium,7.19,1.19,True
medmcqa,medium,medium,True,actual,"The patient whose hands are developmentally delayed with a short, stocky build. Which of the following is the most likely diagnosis?","Based on the information provided, the most likely diagnosis for the patient with developmentally delayed hands and a short, stocky build is **Down syndrome**. 

**Down syndrome** is a genetic condition caused by the presence of an extra chromosome 21. This can lead to various physical characteristics, including a shorter stature and developmental delays. The description of the patient having developmentally delayed hands fits well with the common features of Down syndrome.

The other options, such as achondroplastic dwarfism, Klinefelter's syndrome, and pseudohypoparathyroidism, have different characteristics that do not match as closely with the symptoms described. For example, achondroplastic dwarfism typically involves disproportionate short stature, while Klinefelter's syndrome usually affects males with additional X chromosomes and has different physical traits. Pseudohypoparathyroidism is related to hormone resistance and has its own specific symptoms.

In summary, the combination of developmental delay in the hands and a short, stocky build points most strongly to Down syndrome.","(d) Source: (Felig, pp. 1143-1145)The deformity of the hands is due to short metacarpals. Other deformities include short metatarsals, round facies, and thickening of the calvarium. The syndrome is caused by target organ unresponsiveness to PTH, and was the first hormone resistance syndrome described.",8.171666666666667,14.02,15.58,-5.848333333333333,0.16,710,,0.8191477,medium,8.17,1.83,True
medmcqa,high,high,True,actual,"The secondary flare is necessary for class II cast gold inlay preparation for several reasons, but basically the direction of the flare results in:","The secondary flare in class II cast gold inlay preparation is essential for achieving optimal marginal integrity and aesthetics. Specifically, the direction of the flare facilitates the creation of a marginal metal that is burnishable, which is crucial for ensuring a smooth and well-adapted margin that enhances the inlay's fit and longevity. Based on the context provided, the secondary flare results in a marginal metal that is burnishable at an angle of approximately 30-40 degrees. Therefore, the correct answer is:

B: 30-40 degrees.","Secondary flare: It is a flat plane superimposed peripherally to the primary flare. Advantages are: Secondary flare ensures cavosurface margins to extend into embrasures (self-cleansing area). Permits easy burnishing and finishing of the restoration. Produces more obtuse-angled and stronger cavosurface margin. In class II cast gold inlay, proximal box should have flares so as to have the metal of 30-40 which is burnishable.",13.928333333333336,13.97,16.53,-0.0416666666666643,0.2091503267973856,400,,0.8534525,high,13.93,0.07,True
medmcqa,high,high,True,actual,Stylohyoid ligament is derived from:,The stylohyoid ligament is derived from the 2nd branchial arch. This ligament connects the styloid process of the temporal bone to the lesser horn of the hyoid bone and is associated with the development of structures from the second pharyngeal arch during embryogenesis.,"Ans. B 2nd branchial archRef: Gray's Anatomy, 41st ed. pg. 449* The stylohyoid ligament is a fibrous cord extending from the tip of the styloid process to the lesser cornu of the hyoid bone. It gives attachment to the highest fibres of the middle pharyngeal constrictor and is intimately related to the lateral wall of the oropharynx. Below, it is overlapped by hyoglossus.* The ligament is derived from the cartilage of the second branchial arch and may be partially calcified.",12.320000000000004,13.38,14.55,-1.059999999999997,0.3870967741935484,288,,0.8933346,high,12.32,1.68,True
medmcqa,high,high,True,actual,Reticulocytosis is seen in all except:,"Reticulocytosis, which refers to an increased number of reticulocytes (immature red blood cells) in the bloodstream, is typically associated with conditions that stimulate erythropoiesis (red blood cell production). Among the options provided, reticulocytosis is seen in:

- **P.N.H (Paroxysmal Nocturnal Hemoglobinuria)**: This is a hemolytic anemia where reticulocytosis can occur due to increased red blood cell destruction.
- **Hemolysis**: This condition leads to the destruction of red blood cells, prompting the bone marrow to produce more reticulocytes.
- **Nutritional anemia**: While nutritional deficiencies (such as iron, vitamin B12, or folate) can lead to anemia, they typically do not cause reticulocytosis unless there is a compensatory response to acute blood loss or hemolysis.

In contrast, **Dyserythropoietic syndrome** is characterized by ineffective erythropoiesis, leading to the production of abnormal red blood cells and often resulting in a decreased reticulocyte count rather than an increase.

Thus, the answer is **Dyserythropoietic syndrome**, as it is the condition where reticulocytosis is typically not observed.","Answer is both C and D (Nutritional Anemia and Congenital dyserythropoeitic anemia) Nutritional anemia is associated with normal/Low Retriculocyte count. Increased reticulocyte count (Reticulocytosis) is not a feature ,,f nutritional anemias. Nutritional Anemia Anemia resulting from deficiency of impoant nutrients in diet is called Nutritional anemia. Nutritional anemia is most commonly seen secondary to deficiency of Iron (Iron deficiency anemia) and vitamin B12 and Folic acid (Megaloblastic an",10.35,16.1,17.29,-5.750000000000002,0.1788079470198675,534,,0.82850504,high,10.35,0.35,True
medmcqa,high,high,True,actual,P. Carni causes infection of primarily ?,"P. Carni, or *Pasteurella multocida*, primarily causes infections in humans, but it is also associated with infections in various animals, particularly domestic pets like cats and dogs. In the context of your question, the most accurate answer would be ""Humans,"" as it is a zoonotic pathogen that can be transmitted to humans through bites or scratches from infected animals.","Ans. is 'a' i.e., Rats . Although the organisms within the pneumocystis genus are morphologically very similar, they are genetically diverse and host specific --> P jirovecii infects humans, where as Pcarinii infects rats.",10.35,16.92,18.77,-6.570000000000002,0.1304347826086956,422,,0.82813895,high,10.35,0.35,True
medmcqa,high,high,True,actual,Enzyme deficiency in Natowicz syndrome is,"The enzyme deficiency in Natowicz syndrome is specifically associated with the enzyme **iduronate sulfatase**. This condition is classified as a lysosomal storage disorder, which results in the accumulation of glycosaminoglycans due to the impaired degradation of heparan sulfate and dermatan sulfate. The deficiency leads to various clinical manifestations, including skeletal abnormalities, neurological issues, and other systemic complications.","Disease name Abbretion Enzyme Defective GaG(s) affected Symptoms Natowicz syndrome MPS IX Hyaluronidase Hyaluronic acid Joint pain, sho stature Reference: Harper; 30th edition; Page no:639; Table: 50-8",12.316666666666666,18.53,18.6,-6.213333333333335,0.0689655172413793,529,,0.7983912,high,12.32,1.68,True
medmcqa,clinical,clinical,True,actual,Disease having autosomal recessive inheritance ?,"Based on the context provided, Fabry disease is the condition that does not exhibit autosomal dominant inheritance; it is actually inherited in an X-linked recessive manner. Therefore, the question regarding diseases with autosomal recessive inheritance would include conditions such as cystic fibrosis, sickle cell disease, and phenylketonuria (PKU), among others. 

In summary, while the context specifically addresses autosomal dominant inheritance, diseases with autosomal recessive inheritance include those like cystic fibrosis, which is not mentioned in the original list.","Ans. is 'a' i.e., Cystic fibrosis Autosomal recessive disorders Metabolic o Cystic fibrosis o Phenylketonuria o Galactosemia o Homocystinuria o Lysosomal storage dis o a1-antitrypsin deficiency o Wilson disease o Hemochromatosis o Glycogen storage disorders Hematological o Sickle cell anemia o Thalassemias Endocrine o Congenital adrenal hyperplasia o Albinism Skeletal Narvous o EDS (some variants) o Friedreich ataxia o Alkaptonuria o Spinal muscular atrophy o Neurogenic muscular atrophies",21.76000000000001,19.21,20.58,2.550000000000008,0.0939597315436241,339,,0.79431665,clinical,21.76,7.76,True
medmcqa,clinical,clinical,True,actual,"Presumably, the Varicella zoster virus infects","The Varicella zoster virus (VZV) primarily infects the dorsal root ganglia. After the initial infection, which typically manifests as varicella (chickenpox), VZV establishes latency in the sensory ganglia, particularly the dorsal root ganglia. Reactivation of the virus can lead to herpes zoster (shingles), characterized by a dermatomal rash and associated pain. 

In the context of the provided clinical vignette regarding the pregnant patient, the focus is on the management of a potential group B Streptococcus (GBS) infection, as indicated by the bacitracin-resistant gram-positive cocci with clear hemolysis. The appropriate intervention to decrease vertical transmission of GBS during labor is the administration of intrapartum antibiotics, specifically ampicillin, rather than abstaining from breastfeeding.","(A) Dorsal root ganglion[?]Varicella-Zoster Virus (VZV):Herpes Zoster Herpes zoster (shingles) is a sporadic disease that results from reactivation of latent VZV from dorsal root ganglia.Most patients with shingles have no history of recent exposure to other individuals with VZV infection.Herpes zoster is characterized by a unilateral vesicular dermatomal eruption, often associated with severe pain. The dermatomes from T3 to L3 are most frequently involved.If the ophthalmic branch of the trigemi",14.283333333333337,17.94,19.08,-3.656666666666665,0.1380670611439842,624,,0.84408945,clinical,14.28,0.28,True
medmcqa,clinical,clinical,True,actual,Characteristic postmortem finding of carbolic acid poisoning is,"The characteristic postmortem finding of carbolic acid (phenol) poisoning is the presence of a ""cherry-red"" coloration of the blood and tissues. This is due to the binding of phenol to hemoglobin, leading to the formation of methemoglobin, which imparts a reddish hue. Additionally, other findings may include gastrointestinal mucosal damage, particularly in the stomach, and potential renal tubular necrosis. It is important to note that phenol is a corrosive substance, and its effects can lead to significant tissue damage, which may also be observed during autopsy.",Stomach mucosa : Sulphuric acid : Charred / Black / blottin paper stomach Copper sulphate : Bluish green Ferrous sulphate : Green Arsenic : pink velvety mucosa / strawberry Nitric acid : yellow Carbolic acid : White leathery stomach.,17.029999999999998,14.75,15.25,2.2799999999999976,0.0517241379310344,601,,0.79878503,clinical,17.03,3.03,True
medmcqa,clinical,clinical,True,actual,Which of the following anti-hypertensive is contraindicated in pregnancy:,"The anti-hypertensive that is contraindicated in pregnancy is **Angiotensin-converting enzyme (ACE) inhibitors**. While the specific options are not provided in your question, it is important to note that ACE inhibitors, along with Angiotensin II receptor blockers (ARBs), are known to pose risks during pregnancy, particularly in the second and third trimesters, due to their association with fetal renal impairment, oligohydramnios, and other adverse outcomes. 

If you have specific options to choose from, please provide them for a more tailored response.","Ans. (b) ACE inhibitorsRef KDT 6th ed. 553; Williams 24th ed, /: 1025* ACEs are the drugs which inhibit the conversion of angiotensin-I to angiotensin-II. They can cause severe fetal malformations when given in the second and third trimesters.* These include: Hypocalvaria and renal dysfunction and are also teratogenic and because of this, they are not recommended during pregnancy* Angiotensin-receptor blockers act in a similar manner.But, instead of blocking the production of angiotensin- II, th",15.453333333333337,16.2,16.73,-0.7466666666666626,0.1312741312741313,343,,0.8497931,clinical,15.45,1.45,True
medmcqa,clinical,clinical,True,actual,Following are examples of mitochondrial inheritance except:,"The examples of mitochondrial inheritance provided include Leigh disease, mitochondrial encephalopathy, and MELAS (Mitochondrial Encephalomyopathy, Lactic Acidosis, and Stroke-like episodes). However, color blindness is not typically classified as a mitochondrial inheritance disorder; it is primarily inherited in an X-linked recessive pattern. Therefore, the correct answer is:

**Color blindness**.","Ans. D. Colour blindnessMutations within mitochondrial gene can lead to phenotypic defects and show pattern of maternal genetic transmission. Since mitochondria are only present in ovum and not sperms, the inheritance is maternal. All the offspring of an affected female will be affected. All the affected daughters will transmit the disease. Sons will be affected but will not transmit the disease. Examples include Leigh disease, mitochondrial encephalopathy, lactic acidosis and stroke (MELAS) lik",19.16857142857143,18.92,17.51,0.2485714285714273,0.1935483870967742,288,,0.8562351,clinical,19.17,5.17,True
mirage,low,medium,False,actual,A patient has been on the operating table for four hours. How long may it take for any pressure damage to be visible?,"When a patient is on the operating table for a long time, like four hours, there is a risk of pressure damage to the skin and underlying tissues. Pressure damage, also known as pressure ulcers or bedsores, can start to develop when there is constant pressure on a specific area of the body, especially if the person is not moving.

Typically, it can take as little as 30 minutes to a few hours for pressure damage to begin to show, depending on several factors such as the patient's overall health, skin condition, and the amount of pressure applied. However, visible signs of pressure damage may not appear immediately. 

In most cases, you might start to see early signs of pressure damage, like redness or discoloration of the skin, after about 2 to 4 hours of sustained pressure. If the pressure continues without relief, more serious damage can develop over time.

So, in summary, after four hours on the operating table, it is possible for pressure damage to be visible, especially if the patient has risk factors like poor circulation or fragile skin.",72 hours.,3.2049999999999983,13.42,13.48,-10.215000000000002,0.0108108108108108,822,,0.8369352,medium,6.34,0.34,False
mirage,low,high,False,actual,Which acid does not show coagulation necrosis on contact?,"Coagulation necrosis is a type of tissue death that occurs when proteins are denatured, often due to the action of strong acids or bases. In the context of acids, hydrochloric acid (HCl) and sulfuric acid (H2SO4) are known to cause coagulation necrosis upon contact with tissues. However, acetic acid (found in vinegar) is less likely to produce coagulation necrosis. 

Therefore, the acid that does not show coagulation necrosis on contact is **acetic acid**. This is primarily due to its weaker corrosive properties compared to stronger mineral acids.",HF,5.077941176470592,12.9,14.27,-7.822058823529408,0.0,556,,0.78216124,high,10.21,0.21,False
mirage,low,low,True,actual,Which hormone has permissive role in pubey?,"The hormone that has a permissive role in puberty is **Leptin**. 

Leptin helps the body know when it has enough energy stored. This is important for starting puberty.",GnRH,3.855,,,,0.0,314,,0.7849496,low,4.0,2.0,True
mirage,low,medium,False,actual,A spirometry curve of a patient has been provided below. Calculate the FEV1/FVC ratio from the curve:,"To calculate the FEV1/FVC ratio from a spirometry curve, you need to understand two important terms:

1. **FEV1 (Forced Expiratory Volume in 1 second)**: This is the amount of air a person can forcefully exhale in one second.
2. **FVC (Forced Vital Capacity)**: This is the total amount of air a person can forcefully exhale after taking a deep breath.

The FEV1/FVC ratio is a way to assess lung function. It is calculated by dividing the FEV1 value by the FVC value. 

For example, if a spirometry curve shows:
- FEV1 = 3.0 liters
- FVC = 4.0 liters

Then, the FEV1/FVC ratio would be calculated as follows:

\[ \text{FEV1/FVC ratio} = \frac{\text{FEV1}}{\text{FVC}} = \frac{3.0 \, \text{liters}}{4.0 \, \text{liters}} = 0.75 \text{ or } 75\% \]

This means that 75% of the total air (FVC) can be exhaled in the first second (FEV1), which is considered normal.

To provide an accurate answer, you would need the specific values from the spirometry curve. If you have those values, you can plug them into the",80-89%,5.805,7.23,10.86,-1.4250000000000007,0.0,783,,0.7559694,medium,6.47,0.47,False
mirage,low,low,True,actual,Genes involved in X-Linked SCID-,"The genes involved in X-Linked SCID are:

- CD23
- IL2RG

These genes help the body fight infections.",IL2RG,2.187692307692309,,,,0.1111111111111111,240,,0.8161319,low,0.52,5.48,True
mirage,medium,high,False,actual,Is the ability to perform transurethral resection of the prostate influenced by the surgeon's previous experience?,"Yes, the ability to perform transurethral resection of the prostate (TURP) is indeed influenced by the surgeon's previous experience. Studies have shown that a surgeon's level of experience can significantly impact both the surgical outcomes and the incidence of complications associated with the procedure. 

In the context provided, the evaluation of surgical results and complications was conducted by categorizing patients based on the urologist's experience, specifically focusing on those who had performed a varying number of TURP procedures. It is generally understood that more experienced surgeons tend to have better technical skills, which can lead to improved patient outcomes, such as reduced operative time, lower complication rates, and enhanced postoperative recovery.

Therefore, the surgeon's familiarity with the procedure, honed through practice and exposure to a diverse range of cases, plays a critical role in the effectiveness and safety of TURP.",yes,9.081818181818182,17.75,18.67,-8.668181818181818,0.0137931034482758,732,,0.784004,high,13.51,0.49,False
mirage,medium,high,False,actual,Which of the following is not associated with haemorrhage?,"Based on the provided context, the question asks which of the following is not associated with hemorrhage. While the specific options are not listed in your query, I can provide a general understanding of conditions related to hemorrhage.

Hemorrhage refers to the escape of blood from the circulatory system, which can occur due to various pathological processes. Common associations with hemorrhage include:

1. **Trauma**: Physical injury can lead to direct blood vessel damage.
2. **Coagulation Disorders**: Conditions such as hemophilia or thrombocytopenia can predispose individuals to bleeding.
3. **Vascular Malformations**: Aneurysms or arteriovenous malformations can rupture and cause hemorrhage.
4. **Tumors**: Certain tumors can erode blood vessels or cause bleeding due to their vascularity.

In contrast, conditions that typically do not lead to hemorrhage might include:

- **Ischemic events**: While ischemia can lead to tissue death, it does not directly cause bleeding unless there is subsequent rupture of necrotic tissue or vessels.
- **Non-vascular diseases**: Conditions such as infections or metabolic disorders that do not involve the vascular system typically do not cause hemorrhage.

If you can provide the specific options related to your question, I would be able to identify which one is not associated with hemorrhage more accurately.",Melanosis,9.936764705882355,13.84,15.67,-3.903235294117645,0.0,743,,0.7299351,high,10.21,0.21,False
mirage,medium,medium,True,actual,"A 50-year-old man presents to his physician with chronic cough, aching joints in his hips and lower back, and malaise over the past 2 months. He describes himself as being generally healthy before the","Based on the information provided, the most likely diagnosis for the 50-year-old man is **coccidioidomycosis**, also known as **Valley Fever**. 

Here’s why:

1. **Symptoms and History**: The patient has a chronic cough, joint pain (aching joints), and malaise (feeling unwell) for the past two months. He also mentioned a hiking trip in the desert near Phoenix, Arizona, which is an area where coccidioidomycosis is common. This fungus is found in the soil of certain regions, especially in the southwestern United States.

2. **Chest X-ray and CT Findings**: The chest X-ray shows consolidation in the lower right lung, and the CT scan reveals an irregular opacity in the right middle lobe along with a small pleural effusion (fluid around the lung) and hilar adenopathy (enlarged lymph nodes in the chest). These findings can be associated with fungal infections like coccidioidomycosis.

3. **Biopsy Results**: The lung biopsy shows necrotic granulomatous inflammation with multinucleated giant cells and spherules with endospores. These spherules are characteristic of coccidioidomycosis, as the fungus forms these structures in the body.

4. **Laboratory Tests**: The lab tests show a normal white blood cell count and a high erythrocyte sedimentation rate (ESR), which indicates",Valley fever,9.65066666666667,11.56,12.86,-1.9093333333333309,0.0199004975124378,1227,,0.78864,medium,8.39,1.61,True
mirage,medium,low,False,actual,Marker appearing last in MI,"The question is asking about the marker that appears last during a heart attack, which is also called a myocardial infarction (MI). 

In a heart attack, different markers show up in the blood at different times. The last marker to appear is usually Troponin. 

So, the answer is Troponin.",LDH,6.780000000000001,7.73,9.52,-0.9499999999999992,0.0,262,,0.773727,low,5.24,0.76,False
mirage,medium,high,False,actual,A patient with history of coronary aery disease presents with pulse rate of 48/min and low BP. Patient has decreased myocardial contractility on Echo. Which of these anesthetic agents is contraindicat,"In a patient with a history of coronary artery disease presenting with bradycardia (pulse rate of 48 beats per minute) and hypotension (low blood pressure), along with decreased myocardial contractility as observed on echocardiography, certain anesthetic agents would be contraindicated due to their potential to exacerbate these cardiovascular issues.

One anesthetic agent that is particularly contraindicated in this scenario is **propofol**. Propofol is known for its rapid onset and antiemetic properties, but it can cause significant hypotension and bradycardia, especially in patients with compromised cardiac function. Given the patient's existing bradycardia and low blood pressure, the use of propofol could lead to further cardiovascular instability.

In contrast, agents such as **etomidate** or **ketamine** may be more suitable, as they typically have a more stable hemodynamic profile. However, it is essential to evaluate the overall clinical picture, including the patient's specific cardiac status and any other comorbidities, when selecting an anesthetic agent. 

In summary, **propofol** is contraindicated in this patient due to the risk of worsening bradycardia and hypotension.",Dexmedetomidine,9.694551282051282,17.86,18.24,-8.165448717948717,0.0,851,,0.7636581,medium,9.76,0.24,True
mirage,high,high,True,actual,Metabolism is determined by the:,"Metabolism is determined by the proteins formed as dictated by the genetic material (C). This is because the genetic material, specifically deoxyribonucleic acid (DNA), encodes the information necessary for the synthesis of proteins, which play crucial roles in metabolic pathways. The activity and efficiency of these proteins, including enzymes that facilitate biochemical reactions, ultimately dictate the metabolic processes within the cell. While factors such as the availability of amino acids (B) and the size of proteins (A) can influence metabolism, the fundamental determinant is the genetic blueprint that governs protein synthesis.",proteins formed as dictated by the genetic material.,11.325000000000005,18.83,19.03,-7.504999999999994,0.1616161616161616,468,,0.862716,high,12.32,1.68,True
mirage,high,clinical,False,actual,Does the severity of obstructive sleep apnea predict patients requiring high continuous positive airway pressure?,"The severity of obstructive sleep apnea (OSA) does not directly predict the need for high continuous positive airway pressure (CPAP) therapy. While the apnea-hypopnea index (AHI) is used to classify the severity of OSA (mild, moderate, or severe), the required CPAP pressure is influenced by multiple factors beyond AHI alone. These factors include the patient's anatomical characteristics (such as upper airway structure), body mass index (BMI), presence of comorbidities (e.g., obesity hypoventilation syndrome, cardiovascular disease), and individual response to CPAP titration during a sleep study.

In clinical practice, titration studies are conducted to determine the optimal CPAP pressure that alleviates apnea events and improves oxygen saturation, regardless of the severity classification based on AHI. Therefore, while there may be a correlation between higher severity and higher CPAP requirements in some patients, it is not a definitive predictor, and individual assessment is essential for determining appropriate therapy.",maybe,11.543095238095235,17.82,18.42,-6.276904761904765,0.0,681,,0.78310966,clinical,17.01,3.01,False
mirage,high,medium,False,actual,Difference in transudate & exudate is that the former has a:,"Transudate and exudate are two types of fluids that can accumulate in body tissues or cavities, often due to different medical conditions. Here’s a simple way to understand the difference:

- **Transudate**: This is a clear, watery fluid that forms when there is a change in pressure in the blood vessels, usually due to conditions like heart failure or liver cirrhosis. Transudate typically has low protein content and low levels of cells.

- **Exudate**: This fluid is thicker and usually occurs due to inflammation or infection. It has a higher protein content and often contains more cells, which can indicate a more serious condition like an infection or cancer.

So, the main difference is that **transudate has a lower protein content** compared to exudate. This difference helps doctors determine the cause of fluid accumulation in the body.",Low protein,13.901739130434787,12.04,14.96,1.8617391304347883,0.0289855072463768,559,,0.80312145,medium,8.37,1.63,False
mirage,high,high,True,actual,A successful inferior alveolar nerve block will produce anaesthesia of the,"A successful inferior alveolar nerve block will produce anaesthesia of the **lower lip, mandibular teeth, and labial gingivae of the anterior and buccal gingivae of the posterior mandibular teeth**. Therefore, the correct answer is **D**. 

This block targets the inferior alveolar nerve, which innervates the mandibular teeth and associated structures, including the lower lip and gingivae.","lower lip, mandibular teeth and labial gingivae of the anterior mandibular teeth.",10.130000000000004,14.03,15.47,-3.899999999999995,0.3529411764705882,436,,0.8893404,high,13.37,0.63,True
mirage,high,medium,False,actual,"A female of 36 weeks gestation presents with hypertension, blurring of vision and headache. Her blood pressure reading was 180/120 mm Hg and 174/110 mm Hg after 20 minutes. How will you manage the pat","In this situation, the patient is 36 weeks pregnant and showing signs of severe hypertension (high blood pressure), along with symptoms like blurry vision and headache. These symptoms can indicate a serious condition known as preeclampsia, which can affect both the mother and the baby.

Here’s how to manage the patient:

1. **Immediate Assessment**: The healthcare team will first assess the patient's overall condition and check for any other signs of complications, such as swelling or protein in the urine.

2. **Medication to Lower Blood Pressure**: The patient will likely be given medications to lower her blood pressure quickly. Common medications used in this situation include labetalol or hydralazine. These help to prevent complications from high blood pressure.

3. **Monitoring**: Continuous monitoring of the mother and baby is essential. This includes checking the mother’s blood pressure regularly and monitoring the baby’s heart rate.

4. **Delivery Planning**: Since the patient is already at 36 weeks, the healthcare team may decide that it is safest to deliver the baby. This is often done through a Caesarian section if the mother’s condition is severe or if there are concerns about the baby’s well-being.

5. **Post-Delivery Care**: After delivery, the mother will be monitored closely for any complications related to preeclampsia, and her blood pressure will continue to be managed.

In summary, the management involves lowering blood pressure, monitoring both the mother and baby, and preparing for delivery","Admit the patient, start antihypertensives, MgSO4 and terminate the pregnancy",10.632767123287673,11.65,13.02,-1.0172328767123275,0.0317460317460317,949,,0.80329984,low,5.82,0.18,False
mirage,clinical,high,False,actual,"If Patient is identified with Hepatitis B positive, after treatment what should be done with instrument","In the context of managing instruments after treating a patient identified as Hepatitis B positive, it is crucial to adhere to strict infection control protocols. Hepatitis B is a bloodborne virus, and any instruments that have come into contact with the patient's blood or bodily fluids must be handled with care to prevent transmission.

The appropriate action for instruments used in the treatment of a Hepatitis B positive patient is as follows:

1. **Disinfection and Sterilization**: All instruments should be thoroughly cleaned and then sterilized using appropriate methods, such as autoclaving, to eliminate any potential viral particles. 

2. **Single-use Instruments**: If possible, single-use instruments should be utilized for procedures involving Hepatitis B positive patients to minimize the risk of cross-contamination.

3. **Biohazard Disposal**: Any disposable items that have been in contact with the patient should be disposed of in biohazard containers, following local regulations for hazardous waste management.

4. **Post-exposure Prophylaxis**: If any healthcare worker is exposed to blood or bodily fluids from a Hepatitis B positive patient, they should follow post-exposure prophylaxis guidelines, which may include vaccination and/or antiviral therapy.

In summary, the instruments used for a Hepatitis B positive patient should be properly disinfected and sterilized, or disposed of if they are single-use, to ensure safety and prevent transmission of the virus.",Instruments should be washed and sent for autoclave,19.001818181818184,17.89,19.03,1.1118181818181831,0.0434782608695652,614,,0.8088705,high,12.04,1.96,False
mirage,clinical,high,False,actual,A patient underwent extraction of 3rd molar experiences pain in socket on 3rd day; socket is tender with no fever and swelling: what treatment should be done,"In the scenario where a patient experiences pain in the socket following the extraction of a third molar on the third postoperative day, with tenderness but no accompanying fever or swelling, the most likely diagnosis is a condition known as dry socket or alveolar osteitis. This occurs when the blood clot that forms in the extraction site either dissolves prematurely or fails to form, exposing the underlying bone and nerves, leading to significant discomfort.

The appropriate management for dry socket typically includes the following steps:

1. **Pain Management**: The patient should be prescribed analgesics to alleviate pain. Over-the-counter medications such as ibuprofen or acetaminophen may be effective, but stronger prescription analgesics can be considered if the pain is severe.

2. **Irrigation and Dressing**: The dentist or oral surgeon may irrigate the socket to remove any debris and then place a medicated dressing in the socket. This dressing often contains a local anesthetic (such as eugenol) to provide symptomatic relief and promote healing.

3. **Patient Education**: The patient should be advised on proper oral hygiene practices to avoid further irritation of the socket. They should also be instructed to avoid smoking, using straws, or engaging in vigorous physical activity, as these can dislodge the clot and exacerbate the condition.

4. **Follow-Up**: A follow-up appointment may be necessary to monitor the healing process and to change the dressing if required.

In summary, the treatment for the patient experiencing pain in the",Irrigation of socket with sedative placement and analgesic,27.420000000000005,14.31,15.79,13.110000000000005,0.0318725099601593,819,,0.799039,high,13.73,0.27,False
mirage,clinical,medium,False,actual,All are true about legionella pneumophilia except,"Legionella pneumophila is a type of bacteria that can cause a serious form of pneumonia called Legionnaires' disease. Here are some common facts about it:

1. **Causes Pneumonia**: Legionella pneumophila is known for causing a severe lung infection.
2. **Found in Water**: This bacteria often lives in warm water, like in hot tubs, cooling towers, or large plumbing systems.
3. **Not Spread Person-to-Person**: It is not contagious, meaning you cannot catch it from someone who is infected.

Now, if you are looking for a statement that is **not true** about Legionella pneumophila, it would likely be something that contradicts these facts. For example, if someone said that Legionella pneumophila can be easily spread from one person to another, that would be incorrect.

If you have specific statements about Legionella pneumophila, I can help identify which one is not true.",Person to person transmission,17.171250000000004,10.12,13.62,7.051250000000005,0.0413793103448275,464,,0.79506505,medium,9.05,0.95,False
mirage,clinical,medium,False,actual,A healthy person sitting at rest consciously begins to breathe too fast. Which of the following describes the change in the person s blood caused by this hyperventilation?,"When a healthy person at rest starts to breathe too fast, this is called hyperventilation. During hyperventilation, the person breathes out more carbon dioxide (CO2) than normal. 

Carbon dioxide is a gas that our bodies produce when we use oxygen. It is important for maintaining the right balance of acids and bases in our blood. When we breathe out too much CO2, it can lead to a condition called respiratory alkalosis. This means that the blood becomes less acidic (more basic) because there is less CO2 to help keep it balanced.

In summary, during hyperventilation, the change in the person's blood is that it becomes more basic due to the loss of carbon dioxide.",A decrease in partial pressure of carbon dioxide and a decrease in concentration of hydrogen ions,16.925416666666667,9.08,11.21,7.845416666666667,0.1068702290076336,657,,0.8316955,medium,7.99,1.99,False
mirage,clinical,high,False,actual,Which of the following drugs is used for the treatment of refractory histiocytosis :,"The treatment of refractory histiocytosis often involves the use of targeted therapies or chemotherapeutic agents. One of the most commonly utilized drugs in this context is **Vemurafenib**, particularly for cases associated with BRAF mutations. However, based on the options typically available for refractory histiocytosis, **Methotrexate** can also be considered, especially in cases where the disease is not responsive to first-line treatments.

If you have specific options to choose from regarding the treatment of refractory histiocytosis, please provide them for a more precise answer.",Cladribine,14.928,16.24,17.12,-1.3119999999999976,0.0,523,,0.75852084,high,11.26,1.26,False
plaba,medium,medium,True,actual,30 Diagnosis of severe acute respiratory syndrome coronavirus 2 (SARS-COV-2) cases is based on the count of real-time reverse transcription-plymerase chain reaction (RT-PCR) positive people. Viral loa,"The information provided discusses the diagnosis and monitoring of SARS-CoV-2, the virus that causes COVID-19. It highlights how viral load, which refers to the amount of virus present in a sample, can be measured using a test called real-time reverse transcription-polymerase chain reaction (RT-PCR). 

From the study of 458 patients, it was found that certain symptoms, like fever, were linked to higher viral loads. Specifically, fever was present in 48.5% of the patients, and it was associated with higher amounts of the virus in the body. 

The study also notes that:
- In mild cases of COVID-19 for patients under 60 years old, the highest viral load was typically seen during the first week after symptoms began.
- Children under 10 years old had a high viral load in the first two days after infection, but it quickly decreased.
- For patients aged 10 to 49, the viral load was usually low to moderate in the first two days.
- Patients over 60 years old had a higher viral load that lasted longer, up to two weeks after symptoms started.

This information suggests that measuring the viral load in nasopharyngeal swabs (samples taken from the back of the nose and throat) can be useful for monitoring the infection in patients with mild COVID-19. 

In summary, the study emphasizes the importance of viral load in understanding and managing COVID-19, especially in different age groups.","Diagnosis of severe acute respiratory syndrome coronavirus 2 (SARS-COV-2) cases is based on the count of real-time reverse transcription-plymerase chain reaction (RT-PCR) positive people. Viral load by real-time RT-PCR has been suggested as a biomarker of the SARS-CoV-2 infection. However, the association of viral load and severity of the disease is not yet resolved. Nasopharyngeal samples from 458 patients were tested by RT-PCR for SARS-CoV-2 diagnosis. Relative quantitation was made by the com",8.349001610305958,10.98,11.91,-2.6309983896940423,0.302367941712204,1265,,0.8526955,clinical,18.54,4.54,False
plaba,medium,medium,True,actual,"60 The aim was to determine the accuracy of anterior nasal swab in rapid antigen (Ag) tests in a low SARS-CoV-2 prevalence and massive screened community. Individuals, aged 18 years or older, who self","The study you mentioned looked at how accurate a rapid antigen (Ag) test is for detecting the SARS-CoV-2 virus, which causes COVID-19, in a community where the virus was not very common (low prevalence). 

Here are some key points from the study:

1. **Participants**: The study included adults aged 18 and older who went to a public testing center in Copenhagen, Denmark, in March 2021. A total of 7,074 people participated.

2. **Testing Method**: Each participant had two tests done:
   - A real-time reverse transcriptase-polymerase chain reaction (RT-PCR) test, which is a highly accurate method for detecting the virus.
   - An anterior nasal swab for the rapid antigen test.

3. **Results**:
   - Out of the 7,074 tests, only 66 were positive for the virus using the RT-PCR test.
   - The rapid antigen test correctly identified 32 of those positive cases.
   - This means the sensitivity of the antigen test (its ability to correctly identify those with the virus) was 48.5%. This is relatively low, meaning it missed some positive cases.
   - However, the specificity of the antigen test was 100%, which means it correctly identified everyone who did not have the virus, with no false positives.

4. **Conclusion**: The low sensitivity indicates that the antigen test may not be reliable enough on its own, especially in a setting","The aim was to determine the accuracy of anterior nasal swab in rapid antigen (Ag) tests in a low SARS-CoV-2 prevalence and massive screened community. Individuals, aged 18 years or older, who self-booked an appointment for real-time reverse transcriptase-polymerase chain reaction (RT-PCR) test in March 2021 at a public test center in Copenhagen, Denmark were included. An oropharyngeal swab was collected for RT-PCR testing, followed by a swab from the anterior parts of the nose examined by Ag te",9.749006968641115,11.17,13.82,-1.4209930313588846,0.2600896860986547,1110,,0.85893416,high,10.82,0.82,False
plaba,medium,medium,True,actual,60 Positive retests of COVID-19 represent a public health concern because of the increased risk of transmission. This study explored whether factors other than the nucleic acid amplification test (NAA,"The study discussed in the context focuses on patients with COVID-19 who had positive retest results after initially testing positive. A positive retest means that a person who was previously diagnosed with COVID-19 continues to test positive for the virus, which raises concerns about the potential for spreading the virus to others.

Here are the key findings from the study:

1. **Coughing and Symptoms**: Patients who had positive retests were more likely to have a cough compared to those who tested negative again. This means that if someone with COVID-19 has a cough, they might be at a higher risk of continuing to test positive.

2. **Breathing Difficulties**: Interestingly, fewer patients in the positive retest group reported having trouble breathing (dyspnea) compared to the negative retest group.

3. **Timing of Symptoms**: Patients who tested positive again had shorter times between when their symptoms started and when they were hospitalized, as well as when they first tested positive for COVID-19. This suggests that the timing of symptoms can be important in understanding retest results.

4. **Blood Test Results**: The study found differences in certain blood test results between the two groups. For example, those with positive retests had higher levels of basophils (a type of white blood cell), direct bilirubin (a substance produced from the breakdown of red blood cells), and chloride (an electrolyte), but lower levels of potassium (another important electrolyte).

5. **Risk Factors","Positive retests of COVID-19 represent a public health concern because of the increased risk of transmission. This study explored whether factors other than the nucleic acid amplification test (NAAT) contribute to positive retest results. Patients with COVID-19 admitted to the Guanggu district of the Hubei Maternal and Child Health Hospital between February 17 and March 28, 2020, were retrospectively included. The patients were grouped into the negative (n = 133) and positive (n = 51) retest gro",8.783196721311477,12.65,13.19,-3.866803278688524,0.2071713147410358,1239,,0.8223117,high,11.11,1.11,False
plaba,medium,medium,True,actual,"66 Background: Although venous thromboembolism is a well-known complication of nephrotic syndrome, the long-term absolute and relative risks of arterial thromboembolism, venous thromboembolism, and bl","The study discussed in the context highlights that adults with nephrotic syndrome have a significantly increased risk of developing serious health issues like arterial thromboembolism (which includes conditions like stroke and heart attacks), venous thromboembolism (which involves blood clots in veins), and bleeding compared to people without nephrotic syndrome.

To break it down:

1. **Nephrotic Syndrome**: This is a kidney disorder that causes the body to lose too much protein in the urine. It can lead to various complications, including blood clotting issues.

2. **Arterial Thromboembolism**: This refers to blood clots that form in arteries. The study found that the risk of this happening in the first year for patients with nephrotic syndrome is about 4.2%. Over ten years, this risk increases to 14%.

3. **Venous Thromboembolism**: This involves blood clots in veins. The one-year risk is 2.8%, and the ten-year risk is 7.7%.

4. **Bleeding**: The risk of bleeding in these patients is 5.2% in the first year and rises to 17% over ten years.

5. **Hazard Ratios (HRs)**: These numbers show how much more likely patients with nephrotic syndrome are to experience these complications compared to the general population. For example, the risk of arterial thromboembolism is more than three","Background: Although venous thromboembolism is a well-known complication of nephrotic syndrome, the long-term absolute and relative risks of arterial thromboembolism, venous thromboembolism, and bleeding in adults with nephrotic syndrome remain unclarified. Methods: In this matched cohort study, we identified every adult with first-time recorded nephrotic syndrome from admissions, outpatient clinics, or emergency department visits in Denmark during 1995-2018. Each patient was matched by age and ",9.096818181818184,8.26,10.76,0.8368181818181846,0.2312138728323699,1361,,0.84019136,clinical,17.29,3.29,False
plaba,medium,medium,True,actual,58 There is considerable interest in the waning of effectiveness of coronavirus disease 2019 (COVID-19) vaccines and vaccine effectiveness (VE) of booster doses. Using linked national Brazilian databa,"Based on the information provided, the next step in managing the 25-year-old woman who underwent induced ovulation and has 8 follicles with a serum estradiol level of 800 pg/ml would be to **retrieve follicles** (Option A). 

Here's why:

1. **Induced Ovulation**: This process is used to help women become pregnant by stimulating the ovaries to produce eggs (follicles). 

2. **Follicles and Estradiol**: The presence of 8 follicles and a high estradiol level indicates that the ovaries are responding well to the treatment. Estradiol is a hormone that helps prepare the body for ovulation and pregnancy.

3. **Retrieving Follicles**: When there are multiple follicles and the hormone levels are appropriate, the next step is often to retrieve the eggs from these follicles. This is typically done through a minor surgical procedure called egg retrieval.

In summary, since the patient has a good response to the treatment, the appropriate next step is to retrieve the follicles (Option A).","There is considerable interest in the waning of effectiveness of coronavirus disease 2019 (COVID-19) vaccines and vaccine effectiveness (VE) of booster doses. Using linked national Brazilian databases, we undertook a test-negative design study involving almost 14 million people (~16 million tests) to estimate VE of Corona Vac over time and VE of BNT162b2 booster vaccination against RT-PCR-confirmed severe acute respiratory syndrome coronavirus 2 (SARS-CoV-2) infection and severe COVID-19 outcome",9.363054695562436,11.76,15.08,-2.3969453044375637,0.1057934508816121,1091,,0.78479666,high,12.21,1.79,False
plaba,high,high,True,actual,"8 Background and objective: despite the introduction of newer antiemetics in the prevention of postoperative nausea and vomiting (PONV), perphenazine is recommended in current guidelines, as the conce","The systematic review assessed the efficacy and safety of perphenazine as a prophylactic treatment for postoperative nausea and vomiting (PONV) in both adults and children. The review included eleven trials published between 1965 and 1999, encompassing a total of 2,081 participants. 

In pediatric populations, perphenazine administered at a dosage of 0.07 mg/kg demonstrated significant effectiveness in preventing vomiting, with a relative risk (RR) of 0.31 (95% confidence interval [CI], 0.18-0.54). For adults, a dosage of approximately 5 mg was similarly effective, yielding an RR of 0.50 (95% CI, 0.37-0.67). 

When perphenazine was compared to newer antiemetics such as ondansetron, dexamethasone, and droperidol, the pooled analysis did not reveal any significant differences in efficacy, although the data were limited. Adverse events were reported poorly across the studies, but transient sedation was noted in three trials, with an RR of 0.9 (95% CI, 0.40-2.05), indicating that serious adverse effects were not prevalent.

In conclusion, the evidence supports that perphenazine is an effective option for preventing PONV in both children and adults, with a safety profile comparable to that of placebo and without significant serious adverse effects. This reinforces the recommendation for its use in multimodal management strategies for","Background and objective: despite the introduction of newer antiemetics in the prevention of postoperative nausea and vomiting (PONV), perphenazine is recommended in current guidelines, as the concept of multimodal management of PONV in high-risk patients requires more than two drugs to be combined. The aim of this quantitative systematic review was to assess the efficacy and safety of perphenazine in the prophylaxis of PONV in adults and children. Results: eleven trials published between 1965 a",10.84958762886598,12.32,14.11,-1.470412371134021,0.5011933174224343,1004,,0.8604898,clinical,17.67,3.67,False
plaba,high,high,True,actual,"55 Background: Attention-deficit hyperactivity disorder (ADHD) is the most commonly diagnosed behavioural disorder of childhood, affecting 3-5% of school-age children. The present study investigated w","The study investigated the effects of soy-derived phosphatidylserine (PS) supplementation on ADHD symptoms in children aged 4 to 14 years who had not previously received any pharmacological treatment for ADHD. A total of 36 children participated, with 19 receiving 200 mg of PS daily and 17 receiving a placebo over a period of two months in a randomized, double-blind design.

The primary outcome measures included ADHD symptoms assessed according to the DSM-IV-TR criteria, as well as cognitive functions such as short-term auditory memory and working memory, evaluated through the Digit Span Test from the Wechsler Intelligence Scale for Children, and mental performance in response to visual stimuli using the GO/NO GO task.

Results indicated that PS supplementation led to statistically significant improvements in ADHD symptoms (P < 0.01), which encompassed attention deficits (AD), hyperactivity (HD), and overall inattention and impulsivity (P < 0.05). Additionally, there were notable enhancements in short-term auditory memory (P < 0.05). No significant differences were found in the placebo group, and PS was reported to be well-tolerated without adverse effects.

In conclusion, the findings suggest that PS supplementation may serve as a safe and effective nutritional intervention for improving ADHD symptoms and cognitive performance in children diagnosed with the disorder.","Background: Attention-deficit hyperactivity disorder (ADHD) is the most commonly diagnosed behavioural disorder of childhood, affecting 3-5% of school-age children. The present study investigated whether the supplementation of soy-derived phosphatidylserine (PS), a naturally occurring phospholipid, improves ADHD symptoms in children. Methods: Thirty six children, aged 4-14 years, who had not previously received any drug treatment related to ADHD, received placebo (n = 17) or 200 mg day(-1) PS (n",12.83986263736264,17.34,18.38,-4.500137362637361,0.5272727272727273,1059,,0.857517,clinical,16.19,2.19,False
plaba,high,high,True,actual,49 May-Thurner syndrome (MTS) is a clinical condition characterized by the compression of the left iliac vein by the right iliac artery. This condition predisposes the patient to deep venous thrombosi,"May-Thurner syndrome (MTS) is a vascular condition characterized by the anatomical compression of the left iliac vein by the overlying right iliac artery. This compression can lead to venous stasis and an increased risk of deep venous thrombosis (DVT) in the affected leg, typically the left leg due to its anatomical positioning.

In the case presented, a 30-year-old female exhibits progressive left leg swelling over a four-week period, which is a common symptom associated with MTS. The presence of pitting edema extending up to the knee and tenderness in the calf muscle further supports the suspicion of DVT, a potential complication of MTS. The palpable dorsalis pedis, anterior tibial, and posterior tibial pulsations indicate that while there is significant edema, arterial flow remains intact.

To confirm the diagnosis of DVT, further investigations such as a Doppler ultrasound would be warranted. This imaging modality is the gold standard for diagnosing DVT, as it can visualize the venous structures and assess for thrombus formation. If DVT is confirmed, treatment typically involves anticoagulation therapy to prevent further thrombus formation and reduce the risk of pulmonary embolism.

In summary, the clinical presentation of this patient aligns with May-Thurner syndrome, necessitating further diagnostic evaluation to confirm the presence of DVT and guide appropriate management. Treatment may involve anticoagulation and, in some cases, interventional procedures to relieve the venous compression.","May-Thurner syndrome (MTS) is a clinical condition characterized by the compression of the left iliac vein by the right iliac artery. This condition predisposes the patient to deep venous thrombosis (DVT). We present the case of a 30-year -old female who arrived at the emergency department of our facility with progressive left leg swelling for four weeks, with low-risk probability for DVT. Examination revealed left leg swelling with pitting edema extending up to the knee. Her calf muscle was ten",12.793859489051098,15.96,17.24,-3.166140510948903,0.4108108108108108,1008,,0.89176774,high,11.77,1.77,True
plaba,high,high,True,actual,"21 Internal hernias are rare, and a delayed diagnosis can lead to dangerous complications. A 75-year-old male with no previous surgical history presented with right upper abdominal pain and vomiting. ","In the case of the 75-year-old male presenting with right upper abdominal pain and vomiting, the diagnosis of a falciform hernia leading to bowel obstruction was confirmed through contrast-enhanced CT (CECT). Given the findings of dilated bowel loops and the presence of a gangrenous ileum, the immediate management involved surgical intervention.

The appropriate next step in the management of this patient, following the diagnosis of a falciform hernia with obstruction, was to perform a segmental resection of the affected gangrenous ileum. This surgical procedure is critical to remove the necrotic bowel segment and to prevent further complications such as peritonitis or sepsis. Following the initial surgery, a double-barrel stoma was created to allow for fecal diversion while the bowel healed.

Subsequently, the patient underwent stoma reversal, which is a secondary procedure to restore normal bowel continuity once the patient has sufficiently recovered and the bowel has healed without complications. The successful reversal indicates that the patient was able to resume normal gastrointestinal function postoperatively.

In summary, the immediate and appropriate management step for this patient was the surgical resection of the gangrenous segment of the ileum, followed by stoma creation, and later stoma reversal once the patient was stable.","Internal hernias are rare, and a delayed diagnosis can lead to dangerous complications. A 75-year-old male with no previous surgical history presented with right upper abdominal pain and vomiting. On examination, he had guarding in the right hypochondrium with a positive Murphy's sign. However, ultrasonography of the gall bladder was normal with dilated bowel loops. Contrast-enhanced CT (CECT) revealed a falciform hernia with evidence of obstruction. Segmental resection of the gangrenous ileum w",10.901493506493509,16.35,18.24,-5.448506493506493,0.2567567567567567,910,,0.86737734,high,12.29,1.71,True
plaba,high,high,True,actual,35 Background: To develop an OSTAi tool and compare this with the National Osteoporosis Foundation recommendations in 2013 (NOF 2013) for bone mineral density (BMD) testing among Taiwan postmenopausal,"The study aimed to develop and validate a tool called OSTAi for assessing the need for bone mineral density (BMD) testing among postmenopausal women in Taiwan, comparing its effectiveness to the National Osteoporosis Foundation (NOF) 2013 recommendations. The research was conducted by the Taiwan Osteoporosis Association (TOA) through a nationwide survey utilizing dual energy X-ray absorptiometry (DXA) from 2008 to 2011, involving 12,175 participants.

The OSTAi tool was developed using multiple variable regression analysis, focusing on age and body weight as key risk factors for osteoporosis. The cutoff value for the index was set at ""-1"", indicating that participants with an index value below this threshold had a significant risk of osteoporosis (57.5% of those with values below ""-1"" were found to have osteoporosis).

In terms of performance metrics, the area under the curve (AUC) for OSTAi was 0.739, indicating good predictive capability, while the AUC for the NOF 2013 recommendations was lower at 0.618. The sensitivity and specificity of the OSTAi tool were 73.1% and 62.0%, respectively, compared to 78.3% sensitivity and 45.7% specificity for the NOF 2013 guidelines. 

In conclusion, the OSTAi tool appears to be a more effective and user-friendly method for identifying postmenopausal women in Taiwan who require BMD assessment, thus","Background: To develop an OSTAi tool and compare this with the National Osteoporosis Foundation recommendations in 2013 (NOF 2013) for bone mineral density (BMD) testing among Taiwan postmenopausal women. Methods: Taiwan Osteoporosis Association (TOA) conducted a nationwide BMD survey by a bus installed with a dual energy X-ray absorptiometry (DXA) between 2008 and 2011. All of the participants completed questionnaire, which included demographics and risk factors of osteoporotic fracture in FRAX",12.08259075907591,12.78,14.22,-0.69740924092409,0.3296296296296296,1249,,0.8823682,clinical,18.1,4.1,False
plaba,clinical,clinical,True,actual,"29 The World Health Organization declared the novel coronavirus, named as SARS-CoV-2, as a global pandemic in early 2020 after the disease spread to more than 180 countries leading to tens of thousand","The review highlights the significant relationship between nutrition, particularly the intake of vitamins C and E, and minerals such as zinc, in enhancing the immune response against SARS-CoV-2. The evidence suggests that these nutrients can mitigate the effects of coronavirus infection, potentially through their roles in immune modulation, antioxidant defense, and promoting healing processes. 

The findings advocate for the consumption of a diet rich in these vitamins and minerals, either through whole food sources or supplements, to bolster the body's defense mechanisms. Specifically, vitamins C and E, along with zinc and flavonoids, are recommended for their potential to improve immune function and reduce the severity of infections. Thus, a healthy diet incorporating these nutrients may serve as a protective measure against serious complications from SARS-CoV-2.","The World Health Organization declared the novel coronavirus, named as SARS-CoV-2, as a global pandemic in early 2020 after the disease spread to more than 180 countries leading to tens of thousands of cases and many deaths within a couple of months. Consequently, this paper aims to summarize the evidence for the relationships between nutrition and the boosting of the immune system in the fight against the disease caused by SARS-CoV-2. This review, in particular, assesses the impact of vitamin a",14.234980694980695,16.44,18.03,-2.205019305019306,0.2530864197530864,821,,0.8671456,clinical,15.16,1.16,True
plaba,clinical,clinical,True,actual,"14 Vitamin D is a key regulator of the renin-angiotensin system that is exploited by SARS-CoV-2 for entry into the host cells. Further, vitamin D modulates multiple mechanisms of the immune system to ","The factor secreted by Th1 cells that stimulates phagosome-lysosome fusion within macrophages and activates them to produce mediators such as nitric oxide (NO) is **Interferon-gamma (IFN-γ)**. This cytokine is crucial in the immune response against Mycobacterium tuberculosis, as it enhances the microbicidal activity of macrophages, leading to the formation of granulomas or tubercles in response to the infection.","Vitamin D is a key regulator of the renin-angiotensin system that is exploited by SARS-CoV-2 for entry into the host cells. Further, vitamin D modulates multiple mechanisms of the immune system to contain the virus that includes dampening the entry and replication of SARS-CoV-2, reduces concentration of pro-inflammatory cytokines and increases levels of anti-inflammatory cytokines, enhances the production of natural antimicrobial peptide and activates defensive cells such as macrophages that cou",22.083356164383563,19.52,19.78,2.5633561643835634,0.1408450704225352,724,,0.8422606,high,11.58,1.58,False
plaba,clinical,clinical,True,actual,"72 Early detection of many disorders, mainly inherited, is feasible with population-wide analysis of newborn dried blood spot samples. Phenylketonuria was the prototype disorder for newborn screening ","The context provided outlines the advancements and practices in newborn screening (NBS) for inborn errors of metabolism (IEM) and other inherited disorders. It highlights the evolution of screening methodologies, particularly the transition to tandem mass spectrometry (MS/MS) for multiplex testing of various metabolic disorders, including the historical significance of phenylketonuria (PKU), primary hypothyroidism, and cystic fibrosis (CF).

Given the information, the key points regarding NBS include:

1. **Early Detection**: Population-wide analysis of newborn dried blood spot samples allows for the early detection of numerous inherited disorders, significantly improving clinical outcomes.

2. **Historical Context**: Phenylketonuria was the first disorder screened, and early dietary interventions have led to substantial improvements in patient outcomes.

3. **Expanded Testing**: The inclusion of primary hypothyroidism and cystic fibrosis in NBS programs was facilitated by advancements in immunoassays and molecular testing techniques.

4. **Current Practices**: CF testing typically employs a combined approach of immunoreactive trypsin and mutation detection. The introduction of multiplex testing for approximately 25 IEMs via MS/MS represents a significant enhancement in the NBS capabilities.

5. **Guideline Reevaluation**: The simultaneous screening for multiple disorders, including rare conditions or those lacking effective treatments, necessitates a reevaluation of traditional NBS guidelines to ensure appropriate resource allocation and clinical management.

In summary, the context emphasizes the critical role of NBS","Early detection of many disorders, mainly inherited, is feasible with population-wide analysis of newborn dried blood spot samples. Phenylketonuria was the prototype disorder for newborn screening (NBS) and early dietary treatment has resulted in vastly improved outcomes for this disorder. Testing for primary hypothyroidism and cystic fibrosis (CF) was later added to NBS programs following the development of robust immunoassays and molecular testing. Current CF testing usually relies on a combin",16.08574346405229,18.11,18.98,-2.0242565359477105,0.307277628032345,941,,0.8803166,high,13.71,0.29,False
plaba,clinical,clinical,True,actual,15 STE20 (Sterile 20)/SPS-1 related proline/alanine-rich kinase (SPAK) and oxidative stress-response kinase-1 (OSR1) activate the renal cation cotransporters Na(+) -K(+) -2Cl(-) cotransporter (NKCC2) ,"The context provided describes the role of SPAK (Sterile 20/SPS-1 related proline/alanine-rich kinase) and OSR1 (oxidative stress-response kinase-1) in the regulation of renal cation cotransporters, specifically NKCC2 and NCC, and their impact on potassium homeostasis and blood pressure regulation. 

Based on the findings from the study involving SPAK/OSR1 double knockout (DKO) mice, it is evident that the disruption of both kinases leads to significant alterations in renal function, particularly in the context of potassium handling. The DKO mice exhibited lower systolic blood pressure and developed severe hypokalemia, indicating a compromised ability to regulate plasma potassium levels. This is attributed to the inability to phosphorylate NCC, which is essential for potassium secretion in response to dietary potassium restriction.

In summary, the key findings suggest that both SPAK and OSR1 are critical for the phosphorylation and activation of NCC, which plays a pivotal role in maintaining plasma potassium levels. The absence of both kinases results in impaired NCC function, leading to hypokalemia and altered blood pressure regulation. Thus, the study underscores the importance of SPAK and OSR1 in renal electrolyte balance and cardiovascular homeostasis.","STE20 (Sterile 20)/SPS-1 related proline/alanine-rich kinase (SPAK) and oxidative stress-response kinase-1 (OSR1) activate the renal cation cotransporters Na(+) -K(+) -2Cl(-) cotransporter (NKCC2) and Na(+) -Cl(-) cotransporter (NCC) via phosphorylation. Knockout mouse models suggest that OSR1 mainly activates NKCC2, while SPAK mainly activates NCC, with possible cross-compensation. We tested the hypothesis that disrupting both kinases causes severe polyuria and salt-wasting by generating SPAK/O",15.492958152958156,17.76,18.09,-2.2670418470418454,0.2483660130718954,1100,,0.8653433,clinical,16.98,2.98,True
plaba,clinical,clinical,True,actual,"72 Each year, 4 to 5 million newborns receive state-mandated screening. Although the Advisory Committee on Heritable Disorders in Newborns and Children has identified 34 core conditions that should be","Newborn screening (NBS) is a critical public health initiative in the United States, where approximately 4 to 5 million infants are screened annually for various genetic and metabolic disorders. The Advisory Committee on Heritable Disorders in Newborns and Children has established a core panel of 34 conditions that states are encouraged to include in their screening programs. However, the implementation of these programs varies significantly across states, as each state independently manages, funds, and maintains its own NBS protocol.

The core panel encompasses three primary categories of disorders: 

1. **Metabolic Disorders**: This includes conditions such as amino acid disorders, urea cycle disorders, fatty acid oxidation disorders, and organic acidemias.
2. **Hemoglobinopathies**: This category primarily includes sickle cell disease and other hemoglobin-related disorders.
3. **Assorted Conditions**: This group includes congenital hearing loss and other selected conditions that may not fit neatly into the previous categories.

Family physicians play a pivotal role in the NBS process, as they must be well-versed in both the standard and expanded screening tests to effectively communicate results to parents and develop appropriate interventions. It is essential for them to recognize clinical signs of metabolic disorders that may not be captured by the screening tests or that fall outside the standard screening panel in their state.

For infants who receive positive screening results leading to a diagnosis, long-term follow-up care is crucial. This includes ongoing parental education, regular medical evaluations, management at specialized metabolic treatment","Each year, 4 to 5 million newborns receive state-mandated screening. Although the Advisory Committee on Heritable Disorders in Newborns and Children has identified 34 core conditions that should be incorporated into screening programs, each state manages, funds, and maintains its own program. State programs encompass screening, as well as the diagnosis and coordination of care for newborns with positive findings. Testing for core disorders is fairly standardized, but more extensive screening var",16.772857142857145,16.0,17.85,0.7728571428571449,0.4868421052631579,941,,0.86808765,high,11.89,1.89,False
pubmedqa,low,clinical,False,actual,Does vaginal intraepithelial neoplasia have the same evolution as cervical intraepithelial neoplasia?,"Vaginal intraepithelial neoplasia (VAIN) does not have the same evolutionary pathway as cervical intraepithelial neoplasia (CIN), although both conditions share similarities in their histopathological characteristics and are associated with human papillomavirus (HPV) infection. 

CIN typically progresses through well-defined stages (CIN I, II, III) that correlate with increasing dysplasia and risk of progression to cervical cancer. VAIN, on the other hand, is less common and has a more variable progression. While VAIN can also be classified into grades (VAIN I, II, III), the clinical implications and the likelihood of progression to invasive carcinoma differ significantly from CIN. 

Moreover, the management strategies for VAIN and CIN differ; VAIN may require different surveillance and treatment approaches, often depending on the extent of the lesion and associated risk factors. Therefore, while both conditions are related to HPV and involve dysplastic changes, their evolution and clinical management are distinct.","These data suggest that CIN and VAIN may have some common features in certain cases, i.e., if an HPV infection is proved.",4.790909090909089,16.55,18.95,-11.759090909090911,0.0714285714285714,575,,0.83180207,clinical,17.61,3.61,False
pubmedqa,medium,medium,True,actual,Are Reviewers' Scores Influenced by Citations to Their Own Work?,"Yes, the context suggests that reviewers' scores can be influenced by citations to their own work. When academic medical researchers review manuscripts, they may give higher evaluations to those that cite their own publications. This means that if a manuscript mentions a reviewer's work, it might receive a more favorable score compared to a manuscript that does not include such citations. This could be due to a bias where reviewers feel positively about their own contributions being recognized.","In a leading specialty journal, cited reviewers gave higher scores than noncited reviewers. However, this was likely due to their being assigned higher-quality manuscripts and not because they were cited in the manuscript. Reviewer requests that their work be cited were rare.",9.81761904761905,11.98,15.25,-2.16238095238095,0.1967213114754098,428,,0.8785131,medium,7.19,1.19,True
pubmedqa,medium,clinical,False,actual,Does body mass index (BMI) influence morbidity and long-term survival in gastric cancer patients after gastrectomy?,"Body mass index (BMI) does influence morbidity and long-term survival in gastric cancer patients following gastrectomy. Several studies have demonstrated that both underweight (BMI < 18.5 kg/m²) and obesity (BMI ≥ 30 kg/m²) are associated with increased postoperative complications, including surgical site infections, anastomotic leaks, and delayed recovery. 

In the context of gastric cancer, a higher BMI may correlate with worse long-term outcomes, potentially due to factors such as comorbidities (e.g., diabetes, cardiovascular disease) that can complicate the surgical course and affect recovery. Conversely, underweight patients may experience increased morbidity due to malnutrition and decreased physiological reserves, which can impair healing and recovery.

Moreover, BMI can impact the nutritional status of patients post-gastrectomy, influencing their ability to tolerate adjuvant therapies and affecting overall survival rates. Therefore, maintaining an optimal BMI is crucial for improving postoperative outcomes and enhancing long-term survival in this patient population. 

In summary, BMI is a significant factor in the morbidity and long-term survival of gastric cancer patients after gastrectomy, with both extremes of BMI posing risks that can adversely affect surgical outcomes and overall prognosis.","The body mass index is one of the prognostic factors of stage 2 and stage 3a gastric cancer. However, it does not appear to be useful for determining the prognosis of stage 1a, 1b, 3b, and 4a gastric cancers.",9.261153846153846,16.81,17.63,-7.548846153846153,0.1155555555555555,639,,0.82980305,clinical,14.99,0.99,False
pubmedqa,medium,high,False,actual,Mammographic screening in Sami speaking municipalities and a control group. Are early outcome measures influenced by ethnicity?,"The question regarding mammographic screening in Sami-speaking municipalities and a control group, particularly in relation to early outcome measures influenced by ethnicity, requires consideration of several factors. 

Mammographic screening is a critical public health intervention aimed at early detection of breast cancer, which can significantly improve outcomes through earlier treatment. Ethnicity can influence various aspects of healthcare, including access to screening, cultural perceptions of health, and potential differences in breast cancer incidence and outcomes.

In the context of Sami-speaking municipalities, it is essential to examine whether cultural beliefs and practices surrounding health and illness may affect participation rates in mammographic screening. Additionally, socioeconomic factors, which can vary significantly across different ethnic groups, may also play a role in access to healthcare services, including screening programs. 

Research has shown that ethnic minorities may experience disparities in healthcare access, which can lead to differences in early detection rates and subsequent outcomes. Therefore, it is plausible that early outcome measures from mammographic screening could be influenced by ethnicity, particularly if there are barriers to access or differences in health-seeking behaviors among the Sami population compared to the control group.

To accurately assess the influence of ethnicity on early outcome measures in mammographic screening, it would be beneficial to conduct a comparative analysis that includes demographic data, screening participation rates, and subsequent breast cancer outcomes between the Sami-speaking municipalities and the control group. This would provide a clearer understanding of the impact of ethnicity on the effectiveness of screening programs and highlight any necessary interventions to improve health equity. 

In summary, while","Despite a lower risk of breast cancer, the Sami attended the NBCSP more frequently than the control group. The recall and cancer detection rate was lower among the Sami compared with the non-Sami group.",9.781176470588235,19.03,18.77,-9.248823529411766,0.1144781144781144,781,,0.83304155,high,13.41,0.59,False
pubmedqa,medium,medium,True,actual,Are head and neck specific quality of life measures necessary?,"Yes, head and neck specific quality of life measures are necessary. The study mentioned in the context aimed to find out if the health issues faced by patients with head and neck cancer are different from those measured by general quality of life tests. This is important because head and neck cancer can affect unique areas like speech, swallowing, and appearance, which may not be fully captured by general health surveys. By using specific measures, healthcare providers can better understand and address the unique challenges these patients face, leading to improved care and support.","Head and neck-specific QOL measures are necessary and should include domains that reflect ES, SC, and AP.",9.781176470588235,12.4,14.19,-2.618823529411765,0.1607142857142857,444,,0.84293205,medium,9.55,0.45,True
pubmedqa,medium,high,False,actual,Subclavian steal syndrome: can the blood pressure difference between arms predict the severity of steal?,"Subclavian steal syndrome (SSS) is a vascular condition characterized by the reversal of blood flow in the vertebral artery due to significant stenosis or occlusion of the subclavian artery proximal to the origin of the vertebral artery. This condition can lead to various neurological symptoms depending on the severity of the steal phenomenon.

Regarding the relationship between blood pressure differences between the arms and the severity of the steal, it is important to note that while a significant blood pressure discrepancy can indicate subclavian artery stenosis, it does not directly correlate with the severity of the steal phenomenon itself. The blood pressure in the affected arm may be lower due to reduced perfusion, but this does not necessarily predict the extent of collateral circulation or the degree of neurological compromise.

In clinical practice, the assessment of blood pressure differences can be useful as a screening tool for subclavian artery disease, but it should be complemented with imaging studies such as Doppler ultrasound or angiography to evaluate the severity of stenosis and the presence of steal. Thus, while there may be some association, the blood pressure difference alone is not a reliable predictor of the severity of the steal in subclavian steal syndrome.","Brachial systolic blood pressure difference is related to the severity of SSS and can be used as a screening tool for SSS. However, it performed better in severe steal than milder steal phenomena.",9.438939393939396,19.45,21.04,-10.011060606060605,0.1702127659574468,603,,0.84133816,high,10.71,0.71,False
pubmedqa,high,clinical,False,actual,Does patient-prosthesis mismatch after aortic valve replacement affect survival and quality of life in elderly patients?,"Patient-prosthesis mismatch (PPM) after aortic valve replacement (AVR) can significantly impact both survival and quality of life in elderly patients. PPM occurs when the effective orifice area of the prosthetic valve is too small relative to the patient's body surface area, leading to inadequate hemodynamic performance.

In elderly patients, particularly those with comorbidities such as heart failure or reduced functional capacity, the consequences of PPM can be pronounced. Studies have shown that PPM is associated with increased postoperative mortality and morbidity, particularly in patients with pre-existing left ventricular dysfunction. The mismatch can lead to persistent symptoms of heart failure, such as dyspnea and fatigue, and may necessitate additional interventions, thereby adversely affecting quality of life.

Moreover, PPM can result in elevated transvalvular gradients, which can contribute to left ventricular hypertrophy and further compromise cardiac function over time. This is particularly concerning in the elderly, as they may already have diminished cardiac reserve and a higher likelihood of adverse outcomes.

In conclusion, PPM after AVR does indeed affect both survival and quality of life in elderly patients, necessitating careful preoperative assessment and selection of prosthetic valves to minimize the risk of mismatch.","PPM after AVR does not affect survival, functional status, and QoL in patients aged at least 75 years. Surgical procedures, often time-consuming, contemplated to prevent PPM, may therefore be not justified in this patient subgroup.",12.812142857142856,18.37,19.91,-5.557857142857145,0.1130434782608695,717,,0.83938134,clinical,15.73,1.73,False
pubmedqa,high,medium,False,actual,Do women residents delay childbearing due to perceived career threats?,"The context provided does not directly address the question about whether women residents delay childbearing due to perceived career threats. However, it is known from various studies and discussions in the medical community that many women in residency programs may feel they need to delay starting a family because they are concerned about how having children might affect their careers. 

Women in medical training often face the challenge of balancing their demanding work schedules with family life. They may worry that taking time off for maternity leave or managing childcare could hinder their progress in their careers or affect their performance. This can lead to a decision to postpone having children until they feel more established in their careers.

In summary, while the context does not specifically mention this issue, it is a common concern among women in residency programs that can lead to delays in childbearing.",Women residents intentionally postpone pregnancy because of perceived threats to their careers. Medical educators should be aware of these findings when counseling female trainees.,12.69,13.87,14.55,-1.1799999999999995,0.1052631578947368,616,,0.87293625,medium,9.55,0.45,False
pubmedqa,high,high,True,actual,Does type 1 diabetes mellitus affect Achilles tendon response to a 10 km run?,"The context provided does not directly address the effects of type 1 diabetes mellitus on the Achilles tendon response to a 10 km run. However, it is important to understand the potential implications of type 1 diabetes on musculoskeletal health and exercise performance.

Type 1 diabetes mellitus can lead to various complications that may indirectly affect physical performance, including alterations in muscle function, peripheral neuropathy, and changes in tendon properties. Specifically, individuals with diabetes may experience reduced collagen synthesis and increased glycation of collagen fibers, which can compromise tendon elasticity and strength. This may result in a higher risk of tendon injuries or altered biomechanical responses during activities such as running.

Additionally, individuals with type 1 diabetes often face challenges in managing blood glucose levels during prolonged exercise, which can lead to fatigue and decreased exercise capacity. These factors could potentially affect the overall response of the Achilles tendon during a 10 km run, as the tendon plays a crucial role in propulsion and shock absorption.

In summary, while the context does not provide specific data on the Achilles tendon response in individuals with type 1 diabetes during a 10 km run, it is reasonable to conclude that diabetes may negatively impact tendon health and exercise performance due to metabolic and structural changes associated with the condition. Further research would be necessary to elucidate the precise effects on the Achilles tendon in this context.","Active individuals with T1DM do not have a heightened Achilles tendon response to load, which suggests no increased risk of tendon injury. We cannot extrapolate these findings to sedentary individuals with T1DM.",12.406250000000004,17.8,19.06,-5.393749999999997,0.0977443609022556,816,,0.8484901,high,10.1,0.1,True
pubmedqa,high,clinical,False,actual,Hepatic arterial embolization for unresectable hepatocellular carcinomas: do technical factors affect prognosis?,"A: yes

Technical factors in hepatic arterial embolization for unresectable hepatocellular carcinomas do affect prognosis. Variations in technique, including the choice of embolic agents, the degree of vascular occlusion achieved, and the precision of catheter placement, can significantly influence treatment outcomes, including tumor response and overall survival rates.",Selective embolization contributes to survival in patients with HCCs.,11.520000000000003,20.07,21.19,-8.549999999999997,0.0701754385964912,428,,0.86059225,clinical,23.51,9.51,False
pubmedqa,high,high,True,actual,Is there still a need for living-related liver transplantation in children?,"Yes, there remains a significant need for living-related liver transplantation in children. Pediatric patients with liver disease, such as those suffering from conditions like biliary atresia, metabolic disorders, or acute liver failure, often require liver transplantation as a definitive treatment. 

Living-related liver transplantation offers several advantages, particularly in the pediatric population. It allows for timely intervention, which is crucial given the rapid progression of liver disease in children. Additionally, living donor liver transplantation can provide a portion of the liver from a healthy family member, which can regenerate and restore function in both the donor and the recipient. 

The scarcity of deceased donor organs, coupled with the increasing incidence of pediatric liver diseases, underscores the importance of living-related liver transplantation. This approach not only addresses the immediate need for organ availability but also enhances the likelihood of successful outcomes, as living donor transplants tend to have better graft survival rates compared to deceased donor transplants.

In summary, the ongoing need for living-related liver transplantation in children is driven by the urgent demand for suitable organs, the potential for improved outcomes, and the ability to perform the procedure in a timely manner to prevent complications associated with end-stage liver disease.","The short- and long-term outcomes after LRT and SLT did not differ significantly. To avoid the risk for the donor in LRT, SLT represents the first-line therapy in pediatric liver transplantation in countries where cadaveric organs are available. LRT provides a solution for urgent cases in which a cadaveric graft cannot be found in time or if the choice of the optimal time point for transplantation is vital.",12.858823529411769,18.19,17.41,-5.3311764705882325,0.1313868613138686,761,,0.84333396,high,10.15,0.15,True
pubmedqa,clinical,high,False,actual,Are endometrial polyps from pre-menopausal women similar to post-menopausal women?,"Endometrial polyps are benign growths that arise from the endometrial lining of the uterus and can occur in both pre-menopausal and post-menopausal women. However, there are notable differences in their characteristics and clinical significance between these two populations.

In pre-menopausal women, endometrial polyps are often associated with hormonal fluctuations and may be influenced by estrogen levels. These polyps can vary in size and may cause symptoms such as abnormal uterine bleeding, which can include heavy menstrual periods or intermenstrual bleeding. The presence of polyps in this demographic is generally linked to the menstrual cycle, and they may regress or change with hormonal variations.

In contrast, in post-menopausal women, the presence of endometrial polyps can be more concerning. Since these women have lower estrogen levels, polyps that persist or develop in this group may warrant further evaluation due to the potential risk of atypical hyperplasia or endometrial carcinoma. While many post-menopausal polyps are still benign, their occurrence in the absence of menstrual cycles raises the need for careful assessment, often including imaging studies or biopsy to rule out malignancy.

In summary, while endometrial polyps can occur in both pre-menopausal and post-menopausal women, their implications, management, and potential for associated pathology differ significantly between these two groups.","Pre- and post-menopausal polyps exhibit differing hormone receptor and proliferation markers, presumably a result of their hormonal milieu. However, both groups appear to have lost the usual control mechanisms for apoptotic regulation, this appears to be responsible for their growth.",15.515000000000004,16.2,16.73,-0.6849999999999952,0.1185770750988142,762,,0.8387252,high,13.09,0.91,False
pubmedqa,clinical,clinical,True,actual,Oral mucocele/ranula: Another human immunodeficiency virus-related salivary gland disease?,"Oral mucoceles and ranulas are not directly classified as human immunodeficiency virus (HIV)-related salivary gland diseases. However, they can occur in individuals with HIV due to associated conditions such as xerostomia (dry mouth) resulting from salivary gland dysfunction or as a consequence of opportunistic infections that may affect the oral cavity. 

In the context of HIV, salivary gland diseases more commonly include conditions such as sialadenitis (inflammation of the salivary glands) and lymphoepithelial lesions, which are more directly related to the immunocompromised state of the patient. Oral mucoceles and ranulas are generally benign cystic lesions that arise from the accumulation of mucus due to the obstruction or rupture of salivary glands or ducts, and while they can occur in HIV-positive patients, they are not exclusive to or specifically indicative of HIV infection. 

Thus, while oral mucoceles and ranulas may be seen in HIV-positive individuals, they are not classified as a direct HIV-related salivary gland disease.","This study presents a different clinical picture of oral mucoceles/ranulas, as observed in HIV-positive patients. Additionally, it suggests a possible clinical link between the two pathologies. The authors strongly support the suggestion that oral mucocele/ranula is an HIV-related salivary gland disease.",15.06682926829269,18.96,19.69,-3.893170731707311,0.1862745098039215,784,,0.8616064,clinical,27.25,13.25,True
pubmedqa,clinical,high,False,actual,Do viral infections have a role in benign paroxysmal positional vertigo?,"Benign paroxysmal positional vertigo (BPPV) is primarily characterized by brief episodes of vertigo triggered by changes in head position. The condition is often associated with the displacement of otoliths (calcium carbonate crystals) within the semicircular canals of the inner ear. While BPPV is commonly idiopathic, meaning its exact cause is unknown, there is some evidence to suggest that viral infections may play a role in its development.

Certain viral infections, particularly those affecting the vestibular system, such as vestibular neuritis (often following a viral illness), can lead to disturbances in balance and may contribute to the onset of BPPV. Additionally, viral infections can cause inflammation or damage to the inner ear structures, potentially leading to the dislodgment of otoliths.

However, it is important to note that while viral infections may be implicated in some cases, they are not a direct or common cause of BPPV. The primary mechanism remains related to the mechanical displacement of otoliths rather than a direct viral effect. Therefore, while there is a potential link, it is not a definitive or primary factor in the pathophysiology of BPPV.","BPPV is associated with positive viral serology, particularly during certain months of the year, mainly in spring and autumn. Viral infection might promote BPPV attacks due to the development of vestibulopathy or induce secondary BPPV via viral infection-related neurolabyrinthitis.",17.430384615384614,15.2,16.53,2.230384615384615,0.1531531531531531,607,,0.8382422,high,12.3,1.7,False
pubmedqa,clinical,clinical,True,actual,Outcome Feedback within Emergency Medicine Training Programs: An Opportunity to Apply the Theory of Deliberate Practice?,"The question regarding ""Outcome Feedback within Emergency Medicine Training Programs: An Opportunity to Apply the Theory of Deliberate Practice?"" pertains to the utilization of outcome feedback mechanisms in enhancing the educational experience of emergency medicine residents. 

Outcome feedback is critical in the context of medical training as it allows residents to learn from the results of their clinical decisions and interventions. The theory of deliberate practice emphasizes the importance of receiving specific feedback to refine skills and improve performance over time. In emergency medicine, where rapid decision-making and procedural skills are essential, implementing structured outcome feedback can facilitate a deeper understanding of clinical effectiveness and patient outcomes.

The national survey conducted among Canadian Royal College emergency medicine residents and program directors aimed to assess the prevalence and perceived educational value of such feedback. The findings from this survey could provide insights into current practices and highlight areas for improvement in training programs, ultimately enhancing the competency of emergency medicine practitioners.

In summary, the application of outcome feedback within emergency medicine training programs aligns with the principles of deliberate practice, promoting continuous learning and improvement in clinical skills and patient care outcomes.","While Canadian EM training programs do not mandate follow-up, it is performed electively by the majority of residents surveyed. Residents place a significantly greater educational value on outcome feedback than their program directors, and believe that follow-up should be a mandatory component of EM residencies.",16.785,19.05,19.16,-2.265000000000001,0.1171548117154811,593,,0.8458699,clinical,17.2,3.2,True
pubmedqa,clinical,clinical,True,actual,Can T-cell deficiency affect spatial learning ability following toluene exposure?,"Yes, T-cell deficiency can affect spatial learning ability following toluene exposure. The study mentioned investigates the role of T cells in spatial learning in mice subjected to toluene exposure. T cells are integral to the immune response and have been implicated in various neurodevelopmental processes. The exposure to toluene, a neurotoxic solvent, may exacerbate cognitive deficits, particularly in the context of T-cell deficiency, which could impair the immune system's ability to respond to neurotoxic damage. Therefore, the absence of functional T cells may lead to altered neuroplasticity and cognitive function, impacting spatial learning abilities in the affected mice.",These results indicate that T-cell deficiency may affect spatial learning performance following toluene exposure.,14.312857142857148,15.17,16.4,-0.8571428571428523,0.1551724137931034,651,,0.89395005,clinical,15.45,1.45,True
pubmed,medium,clinical,False,actual,Are bullet points the silver bullet to accessible health information? Cross-sectional analysis of community health information preferences.,"The inquiry regarding whether bullet points serve as a ""silver bullet"" for accessible health information is multifaceted and requires consideration of various factors influencing health literacy and information retention. 

In the context of outpatient clinical summaries, the use of bullet points can enhance the clarity and accessibility of health information. Bullet points can effectively distill complex medical information into concise, digestible segments, which may facilitate patient understanding and recall. This aligns with federal regulations mandating that clinical summaries be designed to ensure patients comprehend the details of their appointments and the necessary actions before subsequent visits.

However, while bullet points can improve readability and highlight key information, they are not a panacea. The effectiveness of bullet points in conveying health information depends on several factors, including the patient's health literacy level, the complexity of the information presented, and the overall formatting of the clinical summary. Additionally, there may be a risk of oversimplification, where critical nuances of the patient's condition or treatment plan are lost in the brevity of bullet points.

Ultimately, while bullet points can be a valuable tool in enhancing the accessibility of health information, they should be part of a broader strategy that includes clear language, appropriate context, and supportive visual aids to ensure comprehensive understanding. Therefore, the answer is nuanced: bullet points can significantly aid in accessibility, but they should not be solely relied upon as the definitive solution for effective health communication.","This study compared community preferences for original and simplified health texts generated during evaluation of the Health Literacy Editor, a tool that provides objective feedback on use of plain language. The aim was to explore the relationship between Health Literacy Editor use, text characteristics, and health information preferences amongst people with lower levels of education. Eligible participants were adults living in Australia without an English-language undergraduate degree. Particip",9.47774273345702,18.63,19.29,-9.152257266542978,0.1368421052631579,710,,0.8235396,clinical,16.18,2.18,False
pubmed,medium,high,False,actual,Transient tachypnea of the newborn (TTN): a role for polymorphisms in the beta-adrenergic receptor (ADRB) encoding genes?,"Transient tachypnea of the newborn (TTN) is a respiratory condition commonly seen in newborns, characterized by rapid breathing (tachypnea) that typically occurs shortly after birth. It is often associated with retained fetal lung fluid and is more prevalent in infants delivered via cesarean section without preceding labor. 

The question regarding the role of polymorphisms in the beta-adrenergic receptor (ADRB) encoding genes in TTN is intriguing, as these receptors are involved in various physiological responses, including the regulation of airway smooth muscle tone and pulmonary vasodilation. Variations in the ADRB genes could potentially influence the newborn's respiratory response and the clearance of lung fluid. 

Research has suggested that genetic polymorphisms in the ADRB genes may affect the function and expression of these receptors, which could, in turn, impact the development of TTN. For instance, certain polymorphisms may lead to altered receptor sensitivity or responsiveness to catecholamines, which are crucial for the transition from fetal to neonatal respiration.

However, while there is a theoretical basis for the involvement of ADRB polymorphisms in TTN, the direct evidence linking specific genetic variations to the incidence or severity of TTN remains limited. Further studies would be necessary to elucidate the exact role of these polymorphisms in the pathophysiology of TTN and to determine whether they could serve as predictive markers or therapeutic targets in managing this condition.

In summary, while polymorphisms in ADRB encoding","Transient tachypnea of the newborn (TTN) is a common cause of early respiratory distress in the neonatal period of term infants. Delayed resorption of foetal lung fluid after birth is considered as the main pathophysiological factor. As resorption of foetal lung fluid is a catecholamine dependent process, we aimed at investigating, whether beta1- and beta2-adrenoreceptor (ADRB1, ADRB2) polymorphisms, known to alter catecholamine activity, are operative in TTN. DNA was collected for genotyping fr",9.522715484363085,16.9,18.48,-7.377284515636914,0.1666666666666666,878,,0.8621207,high,11.86,1.86,False
pubmed,medium,high,False,actual,Is the holmium:YAG laser the best intracorporeal lithotripter for the ureter? A 3-year retrospective study.,"The context provided does not directly address the efficacy of the holmium:YAG laser as an intracorporeal lithotripter for ureteral stones. However, based on existing medical literature and clinical practice, the holmium:YAG laser is widely recognized as one of the most effective modalities for ureteral stone fragmentation due to its ability to deliver high-energy pulses that efficiently break down stones of various compositions.

A 3-year retrospective study would typically analyze outcomes such as stone-free rates, complication rates, and recovery times associated with the use of holmium:YAG laser lithotripsy compared to other modalities, such as pneumatic or ultrasound lithotripters. If the study demonstrates superior outcomes in these parameters, it would support the assertion that holmium:YAG laser is indeed a preferred choice for ureteral lithotripsy.

In summary, while the context does not provide specific data regarding the holmium:YAG laser's effectiveness in the presented case, existing evidence generally supports its use as a highly effective intracorporeal lithotripter for ureteral stones. For a definitive conclusion, one would need to refer to the specific findings of the mentioned retrospective study.","To study the efficiency and safety of holmium:YAG laser lithotripsy for ureteral stones. A series of 188 patients with 208 ureteral stones were treated with semirigid ureteroscopy and holmium:YAG laser lithotripsy from January 2003 to December 2005. Of the stones, 116 were lower ureteral, 37 middle ureteral, and 55 upper ureteral. The success rate was 92.7% at the time of ureteroscopy and 96.7% at 3 months. The failures were secondary to retropulsion of the stones (3.3%). There were no perforati",6.631642201834865,18.57,19.29,-11.938357798165136,0.2080536912751678,758,,0.85311556,high,10.15,0.15,False
pubmed,medium,clinical,False,actual,Are adult body circumferences associated with height? Relevance to normative ranges and circumferential indexes.,"Yes, adult body circumferences, including waist circumference (WC) and hip circumference (HC), are associated with height. The relationship between body circumferences and height is crucial for developing normative ranges and applying circumferential indexes such as WC/height and HC/height as risk assessment tools. 

While weight is known to scale with height squared, the scaling of body circumferences to height is less clearly defined and warrants further investigation. Understanding this relationship is essential for accurately assessing body composition and health risks in adult populations. Normative data that incorporate height into circumferential measurements can enhance the interpretation of obesity-related health risks and improve clinical assessments. 

In summary, while the association exists, further research is needed to clarify the scaling mechanisms and to establish robust normative ranges that integrate height with body circumferences for clinical utility.","Weight scales as height squared, which is an observation that forms the basis of body mass index (weight/height(2)). If, and how, circumferences, including waist circumference (WC) and hip circumference (HC), scale to height remains unclear, but this is an important consideration when developing normative ranges or applying WC/height and HC/height as risk indexes. The study aim was to examine the scaling of weight, WC, and HC to height in NHANES (National Health and Nutrition Examination Survey)",9.7521334519573,16.77,17.88,-7.017866548042699,0.2062780269058295,579,,0.87652934,clinical,15.8,1.8,False
pubmed,medium,high,False,actual,Does the clinical presentation of a prior preterm birth predict risk in a subsequent pregnancy?,"The clinical presentation of a prior preterm birth is indeed a significant predictor of risk in subsequent pregnancies. Women who have experienced a preterm birth are at an increased risk of having another preterm birth in future pregnancies. This risk is multifactorial and can be influenced by various factors, including maternal health, obstetric history, and underlying medical conditions.

Research indicates that the recurrence risk of preterm birth can be as high as 15-50%, depending on individual circumstances and the gestational age at which the previous preterm birth occurred. Factors such as cervical insufficiency, uterine anomalies, and certain lifestyle factors (e.g., smoking, inadequate prenatal care) may also contribute to this increased risk.

It is essential for healthcare providers to closely monitor women with a history of preterm birth during subsequent pregnancies, implementing appropriate interventions and management strategies to mitigate risks and improve outcomes.","The objective of the study was to determine whether risk of recurrent preterm birth differs based on the clinical presentation of a prior spontaneous preterm birth (SPTB): advanced cervical dilatation (ACD), preterm premature rupture of membranes (PPROM), or preterm labor (PTL). This retrospective cohort study included singleton pregnancies from 2009 to 2014 complicated by a history of prior SPTB. Women were categorized based on the clinical presentation of their prior preterm delivery as having",9.119077374711685,15.42,17.61,-6.300922625288315,0.182716049382716,639,,0.84354264,high,11.5,1.5,False
pubmed,high,high,True,actual,Are there risk factors that increase the rate of staple line leakage in patients undergoing primary sleeve gastrectomy for morbid obesity?,"Yes, there are several risk factors that can increase the rate of staple line leakage in patients undergoing primary sleeve gastrectomy (LSG) for morbid obesity. While the specific context provided does not enumerate these risk factors, existing literature identifies several key contributors:

1. **Obesity Severity**: Higher body mass index (BMI) is associated with increased intra-abdominal pressure, which can compromise staple line integrity.

2. **Technical Factors**: Inadequate staple placement, improper tension on the staple line, or the use of inappropriate staple sizes can lead to leaks. Surgeons' experience and technique play a crucial role in minimizing this risk.

3. **Comorbid Conditions**: Conditions such as diabetes mellitus can impair wound healing and increase the risk of complications, including staple line leaks.

4. **Smoking**: Tobacco use has been shown to negatively affect healing and increase the risk of postoperative complications, including leaks.

5. **Age**: Older patients may have poorer tissue quality and healing capacity, potentially increasing the risk of leakage.

6. **Preoperative Gastric Conditions**: Patients with pre-existing gastric conditions, such as chronic gastritis or peptic ulcer disease, may have a higher risk of complications post-surgery.

7. **Surgical Technique Variability**: Variations in surgical techniques, such as the method of resection and the type of stapling devices used, can also influence the risk of staple line leakage.

In summary, while LSG is generally safe","Laparoscopic sleeve gastrectomy (LSG) is currently being performed with increasing frequency worldwide. It offers an excellent weight loss and resolution of comorbidities in the short term with a very low incidence of complications. However, the ever present risk of a staple line leak is still a major concern. Since 2005, data from obese patients that undergo bariatric procedures in Germany are prospectively registered in an online database and analyzed at the Institute of Quality Assurance in S",13.626122448979594,14.8,15.9,-1.1738775510204071,0.173728813559322,847,,0.82768524,high,13.95,0.05,True
pubmed,high,clinical,False,actual,Attenuation of ischemia/reperfusion-induced ovarian damage in rats: does edaravone offer protection?,"Edaravone is a free radical scavenger that has been studied for its potential neuroprotective effects, particularly in the context of ischemia/reperfusion injury. In the context of ovarian damage induced by ischemia/reperfusion, edaravone may offer protective effects by mitigating oxidative stress and reducing apoptosis in ovarian tissue.

The mechanism by which edaravone exerts its protective effects involves the inhibition of lipid peroxidation and the neutralization of reactive oxygen species (ROS) that are generated during ischemia and subsequent reperfusion. This action helps to preserve cellular integrity and function, potentially leading to improved ovarian outcomes following ischemic events.

In experimental models, including studies on rats, edaravone has demonstrated the ability to attenuate the histopathological changes associated with ischemia/reperfusion injury, suggesting a protective role in preserving ovarian function and fertility.

In summary, edaravone may offer protection against ischemia/reperfusion-induced ovarian damage through its antioxidant properties and ability to reduce oxidative stress in ovarian tissues.","The aim of this study was to investigate whether prophylactic treatment with edaravone prevents ischemia/reperfusion (I/R)-induced ovarian damage during pneumoperitoneum in an experimental rat model. Twenty-eight female Sprague Dawley rats were allocated randomly to 4 groups. The sham group (group 1) was only subjected to catheter insertion, not to pneumoperitoneum. Group 2 received a 1 mg/kg dose of 0.9% sodium chloride by the intraperitoneal route for 10 min before pneumoperitoneum. Groups 3 a",13.6756393129771,20.78,20.27,-7.104360687022901,0.138568129330254,634,,0.8285897,clinical,18.74,4.74,False
pubmed,high,high,True,actual,Preoperative tracheobronchoscopy in newborns with esophageal atresia: does it matter?,"Preoperative tracheobronchoscopy in newborns with esophageal atresia (EA) is a significant procedure that can provide valuable information regarding the airway and potential associated anomalies. Esophageal atresia is often associated with tracheoesophageal fistula (TEF), which can lead to complications such as aspiration pneumonia and respiratory distress.

The primary reasons for performing a preoperative tracheobronchoscopy in these cases include:

1. **Assessment of Airway Anatomy**: It allows for direct visualization of the trachea and bronchi, helping to identify any structural abnormalities or obstructions that may complicate surgical intervention.

2. **Detection of Associated Anomalies**: Newborns with EA often have concurrent congenital anomalies, including TEF. A tracheobronchoscopy can help confirm the presence of a fistula and assess its size and location, which is crucial for surgical planning.

3. **Guidance for Anesthesia**: Understanding the airway anatomy can aid anesthesiologists in planning for intubation and ventilation strategies, which is particularly important in patients with potential airway compromise.

4. **Prevention of Complications**: By identifying any airway issues before surgery, the risk of intraoperative complications can be minimized, leading to improved outcomes.

In summary, preoperative tracheobronchoscopy in newborns with esophageal atresia is a critical step that can significantly influence surgical management and improve patient safety by providing essential information about the airway and","Despite surgical refinements, perioperative use of tracheobronchoscopy (TBS) as part of surgical approach to esophageal atresia (EA) is still controversial. The purpose of this study was to evaluate the influence of preoperative TBS in newborns with EA in preventing complications and improving diagnosis and surgical treatment. In the period ranging from 1997 to 2003, 62 patients with EA underwent preoperative TBS. The procedure was carried out with flexible bronchoscope maintaining spontaneous b",11.924872047244094,18.87,19.29,-6.945127952755907,0.1518438177874186,895,,0.85271525,high,11.91,1.91,True
pubmed,high,high,True,actual,Does the radiographic transition zone correlate with the level of aganglionosis on the specimen in Hirschsprung's disease?,"In Hirschsprung's disease, also known as congenital aganglionic megacolon, the radiographic transition zone does indeed correlate with the level of aganglionosis observed in the resected bowel specimen. 

The transition zone is the area on imaging studies, typically seen on contrast enema or abdominal X-rays, where there is a marked change in bowel caliber. Above this zone, the bowel is usually dilated due to the accumulation of fecal material, while below it, the bowel appears narrowed or constricted, indicating the absence of ganglion cells (aganglionosis). 

Histologically, the absence of ganglion cells is typically found in the rectum and extends proximally to a variable distance, which is reflected in the transition zone seen on imaging. Therefore, the level of the transition zone can help predict the extent of aganglionosis, guiding surgical intervention. In practice, the surgical resection is performed to remove the aganglionic segment, and the transition zone can assist in determining the appropriate resection margins. 

In summary, there is a strong correlation between the radiographic transition zone and the level of aganglionosis in Hirschsprung's disease, making it a critical factor in diagnosis and management.","The correlation between radiographic transition zone on contrast enema in Hirschsprung's disease and the total length of aganglionosis is known to be inaccurate. The aim of our study was to analyse this correlation more precisely to improve preoperative planning of the corrective surgery. From 1998 to 2009, 79 patients were operated on for Hirschsprung's disease. All available preoperative contrast enemas (n = 61) had been single blind reviewed by the same radiologist who defined the radiographi",13.939022687609077,16.4,18.09,-2.4609773123909218,0.2135416666666666,817,,0.8448245,high,11.86,1.86,True
pubmed,high,clinical,False,actual,Menopausal hormone therapy and irregular endometrial bleeding: a potential role for uterine natural killer cells?,"Menopausal hormone therapy (MHT) can lead to irregular endometrial bleeding, which may be influenced by various factors, including the role of uterine natural killer (uNK) cells. Uterine natural killer cells are a subset of immune cells that play a crucial role in the remodeling of the endometrium and the maintenance of pregnancy. 

In the context of MHT, the administration of estrogen can lead to endometrial proliferation, while the presence of progestin is intended to counteract this effect by inducing secretory changes in the endometrium. However, if there is an imbalance in the hormonal environment or inadequate progestin exposure, it can result in irregular shedding of the endometrial lining, leading to abnormal bleeding.

The potential role of uNK cells in this scenario may be linked to their involvement in the regulation of endometrial receptivity and the inflammatory response. Altered uNK cell activity or numbers could contribute to abnormal endometrial responses to MHT, thereby influencing the incidence of irregular bleeding. 

In summary, while MHT is designed to mitigate menopausal symptoms and protect against endometrial hyperplasia, the interplay between hormonal therapy and immune cell dynamics, particularly uNK cells, may be a contributing factor to irregular endometrial bleeding observed in some patients undergoing MHT. Further research is warranted to elucidate the exact mechanisms and to optimize management strategies for women experiencing these symptoms during hormone therapy.",Irregular bleeding affects many users of combined menopausal hormone therapy (HT) and commonly leads to invasive and expensive investigations to exclude underlying malignancy. In most cases no abnormality is found. The main objective of this study was to explore the role of uterine natural killer (uNK) cells and their regulatory cytokine IL-15 in irregular bleeding in HT users. This was a prospective observational study conducted between 2002 and 2004. The study was conducted in a tertiary refer,13.443634854771783,19.15,20.27,-5.706365145228215,0.184154175588865,677,,0.84832215,clinical,18.58,4.58,False
pubmed,clinical,clinical,True,actual,Is a mandatory general surgery rotation necessary in the surgical clerkship?,"The necessity of a mandatory general surgery rotation in the surgical clerkship is currently under scrutiny due to evolving dynamics in the field of general surgery and surgical care delivery. The hypothesis tested indicates that students can achieve comparable mastery of surgical clerkship objectives through alternative surgical rotations, without the requirement of a general surgery rotation. Therefore, while traditional views may support the inclusion of a mandatory general surgery rotation, recent evidence suggests that it may not be essential for fulfilling the educational objectives of the surgical clerkship. Further studies and evaluations may be warranted to solidify these findings and guide curriculum development.","Changes in the spectrum of general surgery and the delivery of surgical care have placed the requirement for a mandatory general surgery rotation in the surgical clerkship in question. We tested the hypothesis that equal mastery of surgical clerkship objectives can be obtained in a clerkship with and without general surgery. Students chose any two surgical rotations and were assessed by written examination, objective structured clinical examination (OSCE), ward evaluations, self-assessment objec",15.87316666666667,19.77,22.08,-3.89683333333333,0.2755905511811024,455,,0.88758594,clinical,16.59,2.59,True
pubmed,clinical,clinical,True,actual,Barriers and Facilitators of Seeking Help for Mental Health Challenges Among Adolescents Across 13 Countries: A Qualitative Investigation.,"The qualitative investigation into the barriers and facilitators of seeking help for mental health challenges among adolescents across 13 countries highlights several critical factors influencing adolescents' willingness to engage with mental health services. 

Barriers identified include stigma associated with mental health issues, lack of awareness or understanding of mental health conditions, and concerns about confidentiality. Cultural perceptions of mental health can further complicate adolescents' willingness to seek help, as they may fear judgment from peers or family members. Additionally, accessibility issues, such as the availability of mental health resources and financial constraints, can deter adolescents from pursuing necessary care.

Facilitators that encourage help-seeking behaviors include supportive relationships with family and friends, positive experiences with healthcare providers, and educational initiatives that enhance mental health literacy. Programs that promote open discussions about mental health within schools and communities can also empower adolescents to seek assistance without fear of stigma.

Understanding these barriers and facilitators is crucial for developing targeted interventions that promote mental health awareness and improve access to care for adolescents, ultimately mitigating the negative psychological outcomes associated with untreated mental health challenges.",Adolescence is a period of developmental transition marked by a high prevalence of mental health challenges. The emergence of these challenges underscores the importance of encouraging help-seeking behaviors among adolescents to mitigate negative psychological outcomes. Gaining a deeper understanding of the lived experiences of adolescents can inform intervention development and increase access to care. This study draws on qualitative information collected from 71 focus group discussions across ,17.66272727272727,20.94,20.4,-3.277272727272731,0.2046511627906976,704,,0.8680724,clinical,18.31,4.31,True
pubmed,clinical,clinical,True,actual,Optimizing diabetes self-care in patients with limited health literacy: a randomized controlled trial (RCT) of SCT-based education with and without an AI-designed photo-novel.,"In the context of optimizing diabetes self-care for patients with limited health literacy, the randomized controlled trial (RCT) aims to evaluate the effectiveness of Social Cognitive Theory (SCT)-based education interventions, both with and without the incorporation of an AI-designed photo-novel. The primary objective is to enhance self-management skills and improve health literacy among individuals diagnosed with Type 2 diabetes mellitus (T2DM), who often face challenges in understanding health information and adhering to treatment regimens. 

The intervention is particularly crucial as poor glucose control can lead to severe complications, including cardiovascular disease, neuropathy, and retinopathy. By utilizing SCT principles, the study seeks to empower patients through enhanced self-efficacy, observational learning, and outcome expectations, thereby fostering better self-care practices. The addition of an AI-designed photo-novel may serve as a visual and narrative tool to further engage patients, making complex information more accessible and relatable.

Ultimately, the expected outcome of the trial is to demonstrate improved glycemic control and adherence to diabetes management strategies among participants, thereby reducing the risk of diabetes-related complications in a population that is often underserved in terms of health education resources.","Type 2 diabetes mellitus (T2DM) requires continuous self-care to prevent complications. Patients with limited health literacy often struggle to understand health information and adhere to treatment, resulting in poorer outcomes. Educational interventions tailored to improve self-care and health literacy arSCTe therefore essential. This study evaluated the effectiveness of a Social Cognitive Theory-based intervention, with and without health literacy strategies, in enhancing self-care among patie",14.559597955236253,21.19,21.19,-6.630402044763748,0.1996434937611408,766,,0.8787945,clinical,16.98,2.98,True
pubmed,clinical,high,False,actual,Where low-income seniors receive their heart health and diabetes information: a cross-sectional survey.,"Based on the context provided, the question regarding where low-income seniors receive their heart health and diabetes information is not directly addressed in the scenarios presented. However, I can infer that the management of chronic conditions such as diabetes, particularly in vulnerable populations like low-income seniors, often involves multiple sources of information.

Typically, low-income seniors may receive heart health and diabetes information from various avenues, including:

1. **Healthcare Providers**: Regular visits to primary care physicians, endocrinologists, or cardiologists can provide personalized education and resources.

2. **Community Health Programs**: Many communities offer programs aimed at educating seniors about managing chronic diseases, often through local health departments or non-profit organizations.

3. **Support Groups**: Diabetes support groups or heart health workshops can serve as platforms for sharing information and experiences.

4. **Educational Materials**: Pamphlets, brochures, and online resources from reputable organizations such as the American Diabetes Association or the American Heart Association can be valuable.

5. **Pharmacists**: Community pharmacists often provide counseling on medication management and can offer advice on lifestyle changes.

6. **Family and Caregivers**: Family members or caregivers may also play a crucial role in providing support and information.

7. **Telehealth Services**: Increasingly, telehealth has become a resource for seniors to access healthcare advice and education from the comfort of their homes.

In summary, while the specific context of where low-income seniors receive their heart health and diabetes information is not detailed in","Older adults (> 55 years), in particular low-income older adults, have lower health literacy than the rest of the Canadian population. Lower health literacy is related to several negative health outcomes such as poor diabetes control and other physical and mental health problems. Canada's rising ageing population requires an age-friendly system that reduces the dependency on the Canadian health care system. This study investigated the Health Information Seeking Behaviour of low-income seniors li",15.523505154639178,17.41,18.15,-1.886494845360822,0.1415270018621974,787,,0.8232102,high,13.99,0.01,False
pubmed,clinical,medium,False,actual,A large language model for electronic health records.,"Based on the information provided, here are the answers to your questions:

1. **All of the following are approaches to health education except**: The correct answer is **Regulatory approach**. This means that while the service approach, health education approach, and mass media are ways to teach people about health, a regulatory approach focuses more on rules and laws rather than education.

2. **Can Patient-derived organoids (PDOs) recapitulate patient responses in the clinic?**: The answer is **A: yes**. This means that PDOs can mimic or replicate how a patient might respond to treatments in a clinical setting, which can help doctors make better decisions about care.

3. **Repetition of movements, acts, and words, phrases is**: The answer is **Perseveration**. This term refers to the repeated performance of a particular action or speech, often seen in certain medical conditions.

4. **A large language model for electronic health records**: This question seems to be asking about a type of technology used in healthcare. A large language model can help analyze and understand the information in electronic health records, making it easier for healthcare providers to access and use patient data effectively.

If you have any more questions or need further clarification, feel free to ask!","There is an increasing interest in developing artificial intelligence (AI) systems to process and interpret electronic health records (EHRs). Natural language processing (NLP) powered by pretrained language models is the key technology for medical AI systems utilizing clinical narratives. However, there are few clinical language models, the largest of which trained in the clinical domain is comparatively small at 110 million parameters (compared with billions of parameters in the general domain)",14.764692874692877,11.43,13.17,3.334692874692877,0.1264108352144469,476,,0.81818867,medium,8.18,1.82,False
medmcqa,low,low,True,actual,Maximum fat is found in ?,Maximum fat is found in buffalo milk.,"Ans. is 'a' i.e., Buffalo milk",2.879999999999999,,,,0.4285714285714285,233,,0.8584504127502441,low,2.88,3.12,True
medmcqa,low,low,True,actual,Gray hepatization of lungs is seen in day -,Gray hepatization of the lungs is seen on day 5.,"Ref: Textbook of pathology (Harsh Mohan) 6th edition, page No.470 GREY HEPATISATION: LATE CONSOLIDATION This phase lasts for 4 to 8 days. Grossly, the affected lobe is firm and heavy. The cut surface is dry, granular and grey in appearance with liver like consistency The change in colour from red to grey begins at the hilum and pread throug peripheryFibrinous pleurisy is prominent. Histologically, the following changes are present i) The fibrin strands are dense and more numerous. ii) The cellul",5.230000000000004,,,,0.0397350993377483,378,,0.8273008465766907,low,5.23,0.77,True
medmcqa,low,low,True,actual,"As a general rule, veins carry","As a general rule, veins carry deoxygenated blood. This means they carry blood that has less oxygen and more carbon dioxide back to the heart.",All veins carry deoxygenated blood from the body to the heart with the exception of the pulmonary vein which carries oxygenated blood from the lungs to the heart.,4.450000000000003,,,,0.3396226415094339,290,,0.8898776769638062,low,4.45,1.55,True
medmcqa,low,low,True,actual,Which structure doesn't pass through foramen ovale?,The structure that doesn't pass through the foramen ovale is the **lesser petrosal nerve**.,"Ans. is 'a' i.e., Middle meningeal artery * Middle meningeal artery passes through foramen spinosumSkull foraminaFORAMENSTRUCTURES PASSING THROUGH ITForamen ovaleMandibular nerveAccessory meningeal arteryLesser petrosal nerveEmissary vein(MALE)Foramen spinosumMiddle meningeal arteryEmissary veinNervus spinosus(MEN)Foramen lacerumMeningeal branch of ascending pharyngeal arteryGreater petrosal nerve unites with deep petrosal nerve to form the nerve of the pterygoid canalCarotid canalInternal carot",5.682857142857145,,,,0.0875912408759124,253,,0.8315787315368652,low,5.68,0.32,True
medmcqa,low,low,True,actual,Which amongst following is the most common cause of UTI,"The most common cause of a UTI (urinary tract infection) is ""Instrumentation."" This means that sometimes when doctors use tools to check inside the body, it can lead to an infection.","Ans. (a) InstrumentationRef: Harrison 18th ed. / 288* Urethral catheterization is the single most important predisposing factor in the development of nosocomial urinary tract infection. Cystoscopy may be followed by a transient bacteremia.* The most important risk factor for bacteriuria is the presence of a catheter. Eighty percent of nosocomial UTIs are related to urethral catheterization, while 5-10% are related to genitourinary manipulation. Catheters inoculate organisms into the bladder and ",4.830000000000002,8.35,11.21,-3.519999999999998,0.1578947368421052,267,,0.8391425609588623,low,4.83,1.17,True
medmcqa,low,low,True,actual,A patient of Varicose veins came to hospital; intern was on duty. Which test he shall perform to rule out the DVT?,"The intern should perform the **Brodie Trendelenburg test** to check for DVT, which stands for Deep Vein Thrombosis. DVT is a condition where a blood clot forms in a deep vein, usually in the legs. The Brodie Trendelenburg test helps to see if there are any problems with the veins.","Pehes test is used to differentiate between Varicose veins and Deep vein thrombosis. The limb is elevated and an elastic bandage is applied firmly from the toes to the upper 1/3 of the thigh to obliterate the superficial veins only. With the bandage applied the patient is asked to walk for 5 minutes. If deep system is competent, the blood will go through and back to the hea. If the deep system is incompetent, the patient will feel pain in the leg.",4.254545454545454,7.19,10.5,-2.9354545454545464,0.1804511278195488,502,,0.8465366959571838,low,4.25,1.75,True
medmcqa,low,low,True,actual,Bishop's scoring is used for:,Bishop's scoring is used for checking if a woman is ready to start labor. It helps doctors decide if they should help start labor.,A quantifiable method used to predict labor induction outcomes is the score described by Bishop A Bishop score of 4 or less identifies an unorable cervix and may be an indication for cervical ripening. Hence a score of 5 or more is ourable. Bishop score before inducing labor should be >=8 A score of 9 conveys a high likelihood for a successful induction. BISHOP SCORE=...(total) Date of Bishop Score: .../.../... Score 0 1 2 3 Dilation (in cm) Closed 1-2 3-4 5 Length (in cm) >4 3-4 1-2 0 Consisten,2.879999999999999,,,,0.0939597315436241,248,,0.815847635269165,low,2.88,3.12,True
medmcqa,low,low,True,actual,Which of the following is the treatment of choice for Stage I Wilm's Tumor :,The treatment of choice for Stage I Wilm's Tumor is **Open Nephroureterectomy**. This means a doctor will remove the kidney and part of the tube that carries urine from the kidney.,The treatment of choice for Stage I Film's tumor is Transperitoneal Radical Nephrectomy (Radical Nephroureterectomy) followed by chemotherapy with or without radiotherapy depending on tumor histology. Treatment of Wilms tumor : Treatment of wilm's tumor consists surgical resection followed by chemo and ratiotherapy.,5.041428571428572,6.44,7.17,-1.3985714285714286,0.3157894736842105,287,,0.8762258291244507,low,5.04,0.96,True
medmcqa,low,low,True,actual,A neonate at 48 hours of bih with a history of non passage of meconium. Next step in evaluation will be ?,The next step for a baby who is 48 hours old and has not passed their first poop (meconium) is to do a lower GI study. This test helps doctors see if there are any problems in the baby's intestines.,"Delayed meconium passage(generally defined as non-passage within the first 48 hours after bih) is mainly a condition of preterm infants and is repoed in up to one third of preterm and low bih weight infants due to factors such as delayed maturation of colorectal motility mechanisms, composition of meconium,. Hence, lower GI study rule out the cause . Reference: GHAI Essential pediatrics, 8th edition",5.92404761904762,7.55,8.84,-1.6259523809523797,0.1886792452830188,382,,0.8359243273735046,low,5.92,0.08,True
medmcqa,low,low,True,actual,Best screening method for Mirizzi syndrome is:,"The best screening method for Mirizzi syndrome is an ultrasound of the abdomen, also called USG abdomen. This test uses sound waves to create pictures of the inside of the belly. It helps doctors see if there are any problems with the bile ducts, which can be affected by Mirizzi syndrome.",Mirizzi syndrome: Suspected cases should be examined with ultrasonography or CT for anatomical evaluation to avoid biliary injury or postoperative biliary leakage related to undetected fistula formation. ERCP has been recommended as the best screening method. Ref: Turk J Gastroenterol 2008; 19 (4): 258-263.,5.682857142857145,8.16,9.73,-2.477142857142855,0.0833333333333333,350,,0.837306022644043,low,5.68,0.32,True
medmcqa,low,low,True,actual,Best prognosis is seen in -,"I'm sorry, but the information you've given does not include details about prognosis or how to determine the best prognosis. 

Prognosis means how likely someone is to get better or how long they might live with a disease. To answer your question, I would need more specific information about the disease or condition you are asking about. 

If you have more details or another question, please let me know!","Carcinoma of oral cavity Most common type of Carcinoma of oral cavity is squamous cell carcinoma In the oral Cavity, tongue (30%) is the most common site followed by lip (17.4%) and the floor of mouth (16.4%) The mortality from squamous Carcinoma also varies by site in the mouth, with the lowest mortality from lip Cancer and the highest for Cancer of the Tongue.",2.879999999999999,9.27,11.7,-6.390000000000001,0.0583941605839416,370,,0.802017092704773,low,2.88,3.12,True
medmcqa,low,low,True,actual,"In the first step of Heme synthesis, what is required -","In the first step of making Heme, you need Glycine.",Two starting materials of heme synthesis are succinyl-CoA and glycine. Pyridoxal phosphate is also required.,4.830000000000002,,,,0.2307692307692307,225,,0.8695545196533203,low,4.83,1.17,True
medmcqa,low,low,True,actual,Spondylolysis is more common in: March 2009,"Spondylolysis is a condition that affects the spine. It is more common in young athletes, especially those who do sports that put a lot of stress on the back, like gymnastics or football. 

The information you provided does not give a specific answer about when or where spondylolysis is more common, but it is generally known to be more common in young people who are active in certain sports.","Ans. C: Pars Interaicularis Normally the inferior aiculating fact of each lumbar veebral body lies posterior to the superior aiculating facet of the body below it. If the bony connection between the inferior and superior aiculating facets (pars interaicularis) is defective, the weight of the body may cause the upper veebra, including all of the veebral bodies above it, to slip forward for varying amounts on the body below (spondylolisthesis) The defect in the pars interaicularis is called spondy",5.682857142857145,10.82,13.02,-5.137142857142855,0.1153846153846153,465,,0.8083998560905457,low,5.68,0.32,True
medmcqa,low,low,True,actual,Which of the following is least absorbable in renal tubules?,"The answer to the question ""Which of the following is least absorbable in renal tubules?"" is **Creatinine**. 

Creatinine is a waste product that the kidneys do not absorb much. The kidneys help clean the blood by getting rid of things the body does not need, and creatinine is one of those things.","Creatinine is an end product of creatine metabolism and is expoed into our blood continuously by skeletal muscle. The rate is propoional to skeletal muscle mass, and to the extent that muscle mass is constant in a given individual, the creatinine production is constant. Creatinine is freely filtered and not reabsorbed. A small amount, however, is secreted by the proximal tubule. Therefore, the creatinine appearing in the urine represents a filtered component (mostly) and a much smaller secreted ",4.830000000000002,7.74,9.73,-2.9099999999999984,0.1849710982658959,273,,0.8437696099281311,low,4.83,1.17,True
medmcqa,low,low,True,actual,Aboion at 11 weeks of pregnancy can be done by: AP 10; Jharkhand 11; JIPMER 15; COMEDK 14,"Aboion at 11 weeks of pregnancy can be done in these places:

- AP: 10 weeks
- Jharkhand: 11 weeks
- JIPMER: 15 weeks
- COMEDK: 14 weeks

This means that in Jharkhand, you can have an abortion at 11 weeks of pregnancy.",Ans. Suction evacuation,5.852222222222224,14.45,13.02,-8.597777777777775,0.0,390,,0.8147426247596741,low,5.85,0.15,True
medmcqa,low,low,True,actual,Hand and foot syndrome is an adverse effect of,"Hand and foot syndrome is a side effect of a medicine called 5-Fluorouracil. It can also happen with Bleomycin, Etoposide, and Actinomycin-D. This means that these medicines can sometimes cause problems in your hands and feet, like pain or swelling.",Ref-Katzung 11/e p947 Capecitabine and 5-FU can cause hand and foot syndrome,3.653333333333336,6.13,9.73,-2.476666666666664,0.2105263157894736,312,,0.8177453279495239,low,3.65,2.35,True
medmcqa,low,low,True,actual,Most common site of Atherosclerotic aneurysm is,The most common site of an atherosclerotic aneurysm is the abdominal aorta.,i.e. (Abdominal aorta): (406-Harsh Mohan 6th) (507-509-Robbins & Cotran 8th)* Most common site of Atherosclerotic aneurysm is-Abdominal aorta*** Most common site of Syphilic (Luetic) aneurysm is - Thorasic aorta (especially ascending part)**Thoracic aortic aneurysms are most commonly associated with Hypertension other causes Marfan and Leoys Dietz syndromes* Most common site of Dissecting aneurysm and Cystic Medial Necrosis is - AortaMost common cause of aneurysm of aortic arch = Atherosclerosis,3.997142857142858,,,,0.108433734939759,239,,0.8652321696281433,low,4.0,2.0,True
medmcqa,low,low,True,actual,All are seen in CMV retinitis except -,"The answer is ""Vitreous hemorrhage."" 

In CMV retinitis, the other things listed can happen, but vitreous hemorrhage is not usually seen.","Ans. is 'None > c' i.e., Vitreous hemorrhage o CMV retinitis is the most common ophthalmic manifestation of CMV, occuring as a congenital infection in infants or an opportunistic infection in the immunocompromised host,o Adults commonly affected include those individuals with acquired immunodeficiency syndrome (AIDS), oncology patients, and patients on immunosuppresive therapy,o There is characteristic hemorrhagic, full thickness retinitis.o In early stage there are yellow-white exudates (areas ",3.997142857142858,,,,0.0735785953177257,252,,0.8262341022491455,low,4.0,2.0,True
medmcqa,low,low,True,actual,In Conn's syndrome the following is true:,"In Conn's syndrome, there are high blood pressure readings called diastolic and systolic hypertension. Diastolic means the lower number in a blood pressure reading, and systolic means the higher number. In this condition, people do not have swelling, which is called edema. They may also have high potassium levels in their blood, known as hyperkalemia. So, in simple terms, Conn's syndrome is linked to high blood pressure and high potassium, but no swelling.",Answer is A (Diastolic hypeension without edema): Conn's syndrome is characterized by diastolic hypeension without edema.,5.682857142857145,8.69,10.36,-3.0071428571428545,0.1304347826086956,330,,0.8401049971580505,low,5.68,0.32,True
medmcqa,low,low,True,actual,Moral treatment of the mentally ill patient was first stressed by -,The moral treatment of mentally ill patients was first stressed by Pinel.,Moral and humane treatment of mentally ill patient was given by Phillipe Pinel.,5.863636363636363,,,,0.7199999999999999,270,,0.927645742893219,low,5.86,0.14,True
medmcqa,medium,medium,True,actual,All of the following appear hypo-intense on MRI except -,"In the context of your question, the term ""hypo-intense"" on an MRI means that a certain area appears darker than the surrounding tissues. This can happen for various reasons, such as the type of tissue or fluid present.

From the options given:

1. **Air in lung** - This appears hypo-intense on MRI because air does not contain water and shows up dark.
2. **Ligaments** - These also appear hypo-intense on MRI due to their dense, fibrous structure.
3. **Adipose tissue** (fat) - This appears hypo-intense as well, but not as dark as air or ligaments.
4. **CSF (Cerebrospinal Fluid)** - This typically appears bright (hyper-intense) on MRI because it is mostly water.

So, the answer to your question is **CSF**. It does not appear hypo-intense on MRI; instead, it appears bright.","Ans. is 'c' i.e., Adipose tissueMRI of tissues and body fluidsTissue/Body fluidExamplesT1 weighted signalT2 weighted signalo Gas Air in lungo Mineral-rich tissueo Collagenous tissueGas in bowelCortical bone, CalculiLigaments tendons, Fibrocartilage,Scar tissueAbsentAbsentLowAbsentAbsentLowo FatAdipose tissue, fatty bone marrowHighIntermediate to higho High bound water tissueLiver, pancreas, adrenal, muscle, hyaline cartilageLowLow to Intermediateo High free water tissueKidney, testes, prostate, ",6.27555555555556,6.92,8.52,-0.6444444444444395,0.0707964601769911,410,,0.7962114810943604,medium,6.28,0.28,True
medmcqa,medium,medium,True,actual,CSF rhinorrhoea is due to the fracture of which of the following March 2008,"CSF rhinorrhea is a condition where cerebrospinal fluid (CSF) leaks from the nose. This can happen when there is a fracture, or break, in certain bones in the skull. The correct answer to your question is that CSF rhinorrhea is due to the fracture of the **cribriform plate**. 

The cribriform plate is a thin bone located at the base of the skull, and it separates the nasal cavity from the brain. When this bone is fractured, it can allow CSF to leak into the nasal passages, leading to rhinorrhea.","Ans. B: Cribriform Plate CSF rhinorrhoea can follow a head injury. CSF from anterior cranial fossa reaches the nose by way of cribriform plate, ethmoid air cells or frontal sinus. CSF from middle cranial fossa reaches the nose sphenoid sinuses. Sometimes, injuries of the temporal bone result in leakage of CSF into the middle ear and thence the Eustachian tube into the nose (otorhinorrhoea). The meninges are torn and cerebrospinal fluid leaks down the nose. Ascending infection may cause meningiti",6.727142857142859,8.19,11.21,-1.4628571428571409,0.2248520710059171,568,,0.8574443459510803,medium,6.73,0.73,True
medmcqa,medium,medium,True,actual,For open pneumothorax which of the following is M/n of choice -,"For an open pneumothorax, the best treatment option is ""IPPV ICD with underwater seal."" 

Let me explain a bit about this:

- **Open pneumothorax** happens when air enters the chest through a wound, which can cause the lung to collapse. 
- **IPPV** stands for Intermittent Positive Pressure Ventilation. This is a method used to help a person breathe by pushing air into the lungs.
- **ICD** means Intercostal Drainage, which involves placing a tube between the ribs to remove air or fluid from the chest cavity.
- **Underwater seal** is a technique used with the drainage tube to prevent air from going back into the chest.

This treatment helps to re-inflate the lung and keep air from entering the chest cavity again.","Ans is 'b' ie ICD with under water seal ""Open Pneumothorax is one in which full thickness segment of the chest wall has been destroyed and the negative intrapleural pressure sucks air directly through the chest wall defect rather than through the trachea into the alveoli . It occurs most commonly after shot gun blasts explosion with flying debris . The pt. is stabilized by any mechanical covering over the open wound. As soon as convenient a water tight dressing should be placed and an intercosta",6.936363636363637,8.68,10.61,-1.7436363636363623,0.1809954751131221,412,,0.8330366611480713,medium,6.94,0.94,True
medmcqa,medium,medium,True,actual,The second messengers cyclic AMP and cyclic GMP,"Cyclic AMP (cAMP) and cyclic GMP (cGMP) are both types of second messengers in the body. Second messengers are molecules that help transmit signals from outside a cell to its interior, allowing the cell to respond to various stimuli.

Based on the context provided, here are some key points about cAMP and cGMP:

1. **Activation of Pathways**: Both cAMP and cGMP activate similar signal transduction pathways, which are the processes that cells use to respond to signals.

2. **Generation by Cyclases**: They are produced when certain enzymes called cyclases are activated. This means that when a signal is received by a cell, these enzymes help create cAMP and cGMP.

3. **Protein Kinase Activation**: cAMP and cGMP can activate protein kinases, which are enzymes that add phosphate groups to other proteins. This process can change how those proteins work, leading to various cellular responses.

4. **Not Limited to Sensory Transduction**: It's important to note that cAMP and cGMP are not only important in sensory transduction (the process of converting sensory stimuli into electrical signals in the nervous system). They play roles in many different cellular processes.

In summary, cyclic AMP and cyclic GMP are important second messengers that help transmit signals inside cells and activate various pathways, but they are not limited to just sensory functions.","The cAMP is called a second messenger because it is not the hormone itself that directly institutes the intracellular changes; instead, the cAMP serves as a second messenger to cause these effects.For a few peptide hormones, such as the atrial natriuretic peptide, cyclic guanosine monophosphate, which is only slightly different from cAMP, serves in a similar manner as a second messenger.Adenylyl Cyclase-cAMP Second Messenger SystemStimulation of adenylyl cyclase, a membrane-bound enzyme, by the ",6.705000000000002,11.52,14.29,-4.814999999999998,0.1613832853025936,515,,0.8198271989822388,medium,6.71,0.71,True
medmcqa,medium,medium,True,actual,All of the following are causes of aplastic anemia except: March 2008,"Aplastic anemia is a condition where the bone marrow doesn't produce enough blood cells. This can lead to symptoms like fatigue, increased risk of infections, and easy bruising. 

From the options given, the causes of aplastic anemia include:

1. **Hepatitis** - This is an inflammation of the liver that can affect blood cell production.
2. **Gold salts** - These are compounds that can be used in some treatments, but they can also damage the bone marrow and lead to aplastic anemia.
3. **Fanconi anemia** - This is a genetic disorder that affects the bone marrow and can cause aplastic anemia.

The option that is NOT a cause of aplastic anemia is **Hepatocellular carcinoma**, which is a type of liver cancer. While it affects the liver, it does not directly cause aplastic anemia.

So, the answer is **Hepatocellular carcinoma**.","Ans. C: Hepatocellular carcinoma Congenital ---or inherited causes of aplastic anemia (20%) Patients usually have dysmorphic features or physical stigmata. On occasion, marrow failure may be the initial presenting feature. - Fanconi anemia Dyskeratosis congenita Cailage-hair hypoplasia Pearson syndrome Amegakaryocytic thrombocytopenia - Familial aplastic anemia Acquired causes of aplastic anemia (80%) Idiopathic factors Infectious causes, such as hepatitis viruses, EBV, human immunodeficiency vi",8.756666666666668,9.93,11.43,-1.173333333333332,0.1467181467181467,450,,0.8195174336433411,medium,8.76,1.24,True
medmcqa,medium,medium,True,actual,All of the following are true about BCG vaccine except.,"The BCG vaccine is used to protect against tuberculosis (TB), a serious infection that mainly affects the lungs. It is made from a weakened strain of the bacteria that causes TB, which means it can help the body build immunity without causing the disease.

From the information provided, we know the following about the BCG vaccine:

1. The World Health Organization (WHO) recommends a specific strain of the bacteria called Danish 1331 strain of M. bovis (Mycobacterium bovis).
2. The vaccine is given intradermally, which means it is injected just under the skin.
3. Normal saline is used as a diluent, which means it is mixed with the vaccine to help it be injected properly.
4. The site of injection should be cleaned with spirit (alcohol) to prevent infection.

Now, the question asks which statement is NOT true about the BCG vaccine. Since all the points listed above are accurate, the statement that would be incorrect is not provided in the context. 

If you have specific options to choose from, please share them, and I can help identify which one is not true about the BCG vaccine.",Site of injection should be cleaned with soap but not with disinfectant or spirit.,6.010000000000002,9.15,11.74,-3.139999999999999,0.0796019900497512,574,,0.8287237286567688,medium,6.01,0.01,True
medmcqa,medium,medium,True,actual,Slowest acting buffer system in the body -,"The slowest acting buffer system in the body is the **renal buffer**. 

To explain further, a buffer system helps maintain the balance of acids and bases in the body, which is important for overall health. There are different types of buffer systems:

1. **Chemical buffers** act quickly to neutralize acids and bases.
2. **Respiratory buffers** can adjust the levels of carbon dioxide (PCO2) in the blood by changing breathing rates, which is also relatively quick.
3. **Renal buffers**, on the other hand, involve the kidneys and take longer to respond. They help control the balance of acids and bases by excreting or retaining certain substances over hours to days.

In summary, while chemical and respiratory buffers work quickly, the renal buffer system is the slowest, taking more time to help regulate the body's pH levels.","Ans. is 'd' i.e., Renal buffer * Not all the buffer systems begin work at the same time. Chemical buffers respond first, followed by the respiratory system and finally, the renal system :# When blood plasma pH rises above or falls below normal, chemical buffers respond instantaneously. Chemical buffers often restore blood plasma to a normal pH within a fraction of a second.# If pH remains outside the normal range for more than 1 to 2 minutes, the respiratory system changes the rate and depth of ",7.368571428571428,10.48,10.95,-3.111428571428572,0.2380952380952381,624,,0.8422801494598389,medium,7.37,1.37,True
medmcqa,medium,medium,True,actual,Which of the following methods can be used to detect rubella infection in children,"To detect rubella infection in children, the most common methods include:

1. **Blood Tests**: These tests look for antibodies against the rubella virus. When a person is infected, their body produces antibodies to fight the virus. A blood test can show if these antibodies are present.

2. **PCR (Polymerase Chain Reaction)**: This test can detect the genetic material of the rubella virus in a sample, such as blood or throat swab. It is a very sensitive test and can confirm an active infection.

3. **Viral Culture**: This method involves taking a sample from the patient and trying to grow the virus in a lab. If the rubella virus grows, it confirms the infection.

In the context of the previous questions, the methods mentioned (HIV-1 PCR, Viral culture, HIV ELISA, and p24 antigen assay) are specific to HIV diagnosis and not rubella. 

For rubella, the blood tests looking for antibodies and PCR tests are the most relevant methods to detect infection in children.","Laboratory diagnosis Isolation of virus in cell cultures of throat samples, urine or other secretions. Normally, a maternal rubella antibody in the form of IgG is transferred to infants and is gradually last over a period of 6 months. Persistent beyond I year in an unvaccinated child suggests the diagnosis of congenital rubella. Presence of IgM antibodies is diagnostic. PCR for rubella RNA.",9.255714285714287,9.81,12.52,-0.5542857142857134,0.1327433628318584,607,,0.8367558717727661,medium,9.26,0.74,True
medmcqa,medium,medium,True,actual,"A 40-year-old male complains of exquisite pain and tenderness over the left ankle. There is no history of trauma. The patient is taking a mild diuretic for hypeension. On exam, the ankle is very swoll","Based on the information provided, the next step in managing the 40-year-old male with pain and swelling in his left ankle is to **obtain a uric acid level and perform arthrocentesis**. 

Here's why this is the best choice:

1. **Uric Acid Level**: This test helps determine if the patient has high levels of uric acid in his blood, which can lead to gout. Gout is a type of arthritis that can cause sudden and severe pain in joints, often starting with the big toe but can also affect other joints like the ankle.

2. **Arthrocentesis**: This is a procedure where a needle is used to remove fluid from the joint space. It can help relieve pressure from swelling and can also be tested to check for crystals (which indicate gout) or signs of infection.

Starting treatment with colchicine or antibiotics, or beginning allopurinol, would be premature without first confirming the diagnosis through these tests. Additionally, obtaining an ankle x-ray to rule out a fracture is not necessary since the patient has no history of trauma. 

So, the correct next step is to **obtain uric acid level and perform arthrocentesis**.","The sudden onset and severity of monoaicular ahritis suggests acute gouty ahritis, especially in patient on diuretic therapy. Ahrocentesis is indicated in the first episode- demonstrate needle shaped, negatively birefringent crystals and to rule out other diagnoses such as infection. For most patients with acute gout, NSAIDs are the treatment of choice. Colchicine is also effective, but causes nausea and diarrhea. Antibiotics should not be staed for infectious ahritis before an ahrocentesis is p",7.0120000000000005,10.58,12.06,-3.5679999999999996,0.1518987341772152,843,,0.827570915222168,medium,6.37,0.37,True
medmcqa,medium,medium,True,actual,All are anterior relations of Right kidney EXCEPT,"The question asks about the structures that are located in front of (anterior to) the right kidney. The options given are:

1. Adrenal gland
2. 4th part of the duodenum
3. Liver
4. Hepatic flexure of colon

To answer the question, we need to identify which of these is NOT located in front of the right kidney.

- The **adrenal gland** is located on top of the kidney, so it is not considered an anterior relation.
- The **4th part of the duodenum** is located in front of the right kidney.
- The **liver** is also located in front of the right kidney.
- The **hepatic flexure of the colon** is located in front of the right kidney as well.

Therefore, the correct answer is **Adrenal gland**, as it is not an anterior relation of the right kidney.",Relations of anterior kidney- 1. Liver 2. Adrenal gland 3. Duodenum(second pa) 4. Hepatic flexure of colon. 5.Hepato renal pouch of Morris so 4th pa of duodenum is the answer.,9.655,7.6,11.21,2.0549999999999997,0.2409638554216867,417,,0.8434245586395264,medium,9.66,0.34,True
medmcqa,medium,medium,True,actual,Not true regarding the mimicry of Strpyogenes ?,"The question asks which statement is ""not true"" regarding the mimicry of Streptococcus pyogenes. Mimicry in this context means that certain substances produced by the bacteria can resemble substances in the human body, which can sometimes lead to confusion in the immune response.

The options given are:
1. Peptidoglycan and skin antigen
2. Cell wall protein and myocardium
3. Hyaluronic acid and synovial fluid
4. Group A carbohydrate and vascular intima

To answer the question, we need to identify which pair does not correctly represent a mimicry relationship.

Based on what we know:
- Peptidoglycan is a component of bacterial cell walls and can trigger immune responses.
- Cell wall proteins can be similar to proteins found in the heart (myocardium), which can lead to heart issues after a streptococcal infection.
- Hyaluronic acid is found in the body (like in synovial fluid, which lubricates joints) and is also produced by Streptococcus pyogenes.
- Group A carbohydrate is a component of the bacteria that can resemble substances in blood vessels (vascular intima).

The statement that is ""not true"" would be the one that doesn't accurately reflect this mimicry. 

In this case, the answer is **Group A carbohydrate and vascular intima**. This is because while there is some resemblance, the mimicry is not as well established or recognized compared to the other pairs listed.","Ans. is 'd' i.e., Group A carbohydrate and vascular intima Antigen cross-reactivity Various streptococcal components (specially strep. pyogenes) exhibit antigenic cross reaction with different tissues of the human body.",9.054285714285715,10.99,13.71,-1.935714285714285,0.0876494023904382,542,,0.8200876712799072,medium,9.05,0.95,True
medmcqa,medium,medium,True,actual,Which of the following bursae communicates with shoulder joint ?,"The bursa that communicates with the shoulder joint is the **subscapular bursa**. However, from the options provided, the **subacromial bursa** is the most relevant because it is closely associated with the shoulder joint and is involved in shoulder movement. 

To clarify, a bursa is a small fluid-filled sac that helps reduce friction between tissues in the body, such as between bones and muscles or tendons. In the shoulder, the subacromial bursa helps cushion the shoulder joint and allows for smooth movement of the arm. 

So, the answer to your question is: **Subacromial bursa**.","Ans. is 'c' i.e., Subcapsular bursaBursae around shoulder joints There are following bursae around the shoulder :?Subacromial - subdeltoid bursa :- These are usually continuous with each other. It is one of the largest bursa of body. It separates coracoacromial arch and deltoid muscle from supraspinatus tendon and joint capsule. This bursa facilitates abduction and during this movement it moves beneath the acromion process. In subacromeal bursitis, pain is elicited when the deltoid is pressed ju",8.89777777777778,10.7,11.6,-1.8022222222222195,0.1877551020408163,491,,0.853053867816925,medium,8.9,1.1,True
medmcqa,medium,medium,True,actual,Sacrotuberous ligament is not pierced by,"The sacrotuberous ligament is not pierced by the following nerves:

1. Coccygeal branch of the inferior gluteal nerve
2. Perforating cutaneous nerves
3. Posterior cutaneous nerve of the thigh
4. Filaments of the coccygeal plexus

These nerves do not pass through or pierce the sacrotuberous ligament.",Sacrotuberous ligament is pierced by Coccygeal branch of Inferior gluteal nerve Perforating cutaneous nerves Filaments of Coccygeal plexus,6.416666666666668,6.98,11.6,-0.5633333333333326,0.5625,316,,0.8877809047698975,medium,6.42,0.42,True
medmcqa,medium,medium,True,actual,Which of the following would have no effect on the fuction of the protein product?,"Based on the context provided, the question asks which option would have no effect on the function of the protein product. 

The answer is **C: Adjusting pH to other than the isoelectric point**. 

Here's why: 

- The isoelectric point is the pH at which a protein has no net charge and is least soluble. Changing the pH to something other than this point can affect how the protein behaves, often leading to changes in its structure and function.
- The other options (A, B, and D) involve adding substances that can directly cause proteins to precipitate, which means they would affect the protein's function by making it less soluble or altering its structure.

So, adjusting the pH to other than the isoelectric point does affect protein function, while the other options directly lead to changes in the protein's state.","When glutamine is replaced by asparagine,there is no change in the function. This is conservative or homologous replacement of amino acids. Asparagine and glutamine are both uncharged polar(hydrophilic)amino acids.Thus,when replaced with asparagine there is no change in the polarity or the charge of the peptide/protein. Reference: Lehninger Principles of Biochemistrry 6th edition pg79",6.780000000000001,11.14,11.54,-4.359999999999999,0.1306532663316583,444,,0.819612979888916,medium,6.78,0.78,True
medmcqa,medium,medium,True,actual,"Lipofuscin, the golden yellow pigment is seen in hea muscle -","The question seems to be asking about lipofuscin, which is a pigment that can accumulate in certain tissues of the body, including heart muscle. Lipofuscin is often referred to as ""aging pigment"" because it tends to build up in cells over time, especially in older individuals or in those with certain health conditions.

In the context provided, it looks like you are given a list of terms: Hypertrophy, Atrophy, Hyperplasia, and Infarction. Here’s a brief explanation of each term:

1. **Hypertrophy**: This means an increase in the size of cells, which can lead to an increase in the size of the organ or tissue. For example, heart muscle can become thicker in response to increased workload.

2. **Atrophy**: This is the opposite of hypertrophy. It refers to a decrease in the size of cells, leading to a reduction in the size of the organ or tissue. This can happen due to lack of use or disease.

3. **Hyperplasia**: This is an increase in the number of cells in a tissue or organ, which can also lead to an increase in size. This can occur in response to certain stimuli, like hormonal changes.

4. **Infarction**: This refers to tissue death due to a lack of blood supply, often caused by a blockage in blood vessels.

Based on the context of lipofuscin being seen in heart muscle, the most relevant term from the list","Ans. is 'b' i.e., Atrophy",7.190000000000001,8.92,11.05,-1.7299999999999986,0.0167364016736401,648,,0.8104839324951172,medium,7.19,1.19,True
medmcqa,medium,medium,True,actual,Thyroid medullary cells that produce calcitonin develop from:,"Thyroid medullary cells that produce calcitonin develop from the **ultimobranchial body**. 

To explain a bit more, the ultimobranchial body is a structure that forms during the development of the embryo. It contributes to the formation of certain cells in the thyroid gland, specifically those that produce calcitonin, a hormone that helps regulate calcium levels in the body.","Neural crest derivatives from the ultimobranchial body give rise to thyroid medullary C cells. It produces calcitonin. The C cells are interspersed throughout the thyroid gland. ALSO KNOW The ultimobranchial body arises from bilateral ventral swellings of the 4th pharyngeal pouches and gets integrated into the thyroid where it forms the parafollicular cells or C-cells for the production of calcitonin. Ref: Harrison, E-18, P-2911.",8.180000000000003,12.11,14.55,-3.929999999999996,0.2580645161290322,345,,0.872057318687439,medium,8.18,1.82,True
medmcqa,medium,medium,True,actual,Intercostobrachial nerve is a branch of -,"The intercostobrachial nerve is a branch of the **2nd intercostal nerve**. 

To explain a bit further, the intercostal nerves are a group of nerves that come from the spinal cord and help control muscles and provide sensation in the chest and upper body. The 2nd intercostal nerve specifically helps with sensation in the upper arm and part of the chest.",Intercostobrachial nerve - Lateral cutaneous branch of 2nd intercostal nerve - Supplies Skin of floor of axilla. Upper part of medial aspect of arm.,6.416666666666668,9.12,11.86,-2.7033333333333314,0.2682926829268292,335,,0.866814911365509,medium,6.42,0.42,True
medmcqa,medium,medium,True,actual,Breech presentation with footling. Management is:,"In the case of a breech presentation with footling, the best management option is a **Cesarean section**. 

**Breech presentation** means that the baby is positioned feet-first instead of head-first in the womb. A **footling breech** is when one or both of the baby's feet are positioned to come out first. This type of breech presentation can make vaginal delivery more complicated and risky for both the mother and the baby, which is why a Cesarean section (a surgical procedure to deliver the baby through an incision in the mother's abdomen) is often recommended. 

Other options like vaginal delivery, forceps delivery, or internal podalic version (a procedure to turn the baby into a head-first position) are generally not considered safe for footling breech presentations.","Ans. (b) Ceasarean SectionRef.: D.C. Dutta 8th ed. / 441-42, Williams 22/e / 571* Because Breech presentation with footling has very high incidence of cord prolapse, delivery by caesarean section is recommended in these patients.Indication of C.S in breech are:* Big baby (Wt> 3.5 kg.)* Hyperextension of head (stargazing fetus)* Footling presentation (risk of cord prolapse)* Suspected pelvic contraction* Severe IUGR",8.383333333333333,13.96,16.4,-5.576666666666668,0.1450777202072538,489,,0.8253204822540283,medium,8.38,1.62,True
medmcqa,medium,medium,True,actual,A 22 year old presents to his physician with hemoptysis and hematuria with basement membrane antibodies. Most likely diagnosis is -,"Based on the information provided, the 22-year-old patient is experiencing hemoptysis (coughing up blood) and hematuria (blood in the urine), along with the presence of basement membrane antibodies. This combination of symptoms is suggestive of a condition known as Goodpasture's syndrome.

Goodpasture's syndrome is an autoimmune disease where the body's immune system mistakenly attacks the lungs and kidneys. The presence of basement membrane antibodies indicates that the immune system is targeting the collagen in these organs, leading to inflammation and damage. 

In summary, the most likely diagnosis for this patient is Goodpasture's syndrome. If you have any more questions or need further clarification, feel free to ask!","Ans. is 'b' i.e., Good pasture's syndrome o Good pasture's syndrome is an autoimmune disease characterized by formation of anti GBM antibodies that attack both pulmonary capillaries and the glomerulus (GBM).Good pasture's syndrome|Antibodies against non collagenous domain (NCL) of a3 chain of collagen type IV(Found in Glomerular basement membrane & pulmonary capillaries)|Damage to basement membrane of glomeruli and pulmonary' capillaryAntibodies aganist glomerularAntibodies against pulmonary cap",9.55,12.54,13.82,-2.9899999999999984,0.1428571428571428,638,,0.816966712474823,medium,9.55,0.45,True
medmcqa,medium,medium,True,actual,Which of the following skin structure'sfunctionis likely to be impaired in case of skin burns caused due to house fire?,"In the case of skin burns caused by a house fire, the skin structure that is likely to be impaired is the **epidermis**. 

### Explanation:
The epidermis is the outermost layer of the skin and acts as a protective barrier against the environment. When burns occur, especially from hot substances like fire, this layer can be damaged. This damage can lead to several problems, including:

1. **Loss of Protection**: The skin helps protect against infections. When the epidermis is damaged, bacteria can enter more easily, increasing the risk of infection.

2. **Fluid Loss**: The skin helps retain moisture in the body. If the epidermis is burned, it can lead to fluid loss, which can cause dehydration.

3. **Pain and Sensitivity**: Burns can damage nerve endings in the skin, leading to pain and sensitivity to touch.

In summary, burns can impair the function of the epidermis, affecting protection, moisture retention, and sensation.","Skin has sweat glands and sebaceous glands, which are exocrine glands. Skin produces vitamin D, but it not a trophic hormone, and skin does not produce vitamin A. In addition, skin contains no general somatic efferent (GSE) and parasympathetic general visceral efferent (GVE) nerve fibers.",9.910000000000004,9.53,12.52,0.3800000000000043,0.082051282051282,670,,0.8112199902534485,medium,9.91,0.09,True
medmcqa,high,high,True,actual,Primary hyperparathyroidism is caused by -a) Parathyroid hyperplasiab) Adenosisc) MEN 1d) Thyrotoxicosise) CRF,"Primary hyperparathyroidism is primarily caused by:

a) Parathyroid hyperplasia - This condition involves an enlargement of the parathyroid glands, leading to excessive production of parathyroid hormone (PTH), which in turn raises serum calcium levels.

b) Adenoma - A benign tumor of the parathyroid gland is the most common cause of primary hyperparathyroidism, resulting in increased PTH secretion.

c) Multiple Endocrine Neoplasia type 1 (MEN 1) - This genetic syndrome can lead to hyperparathyroidism as part of a triad of endocrine tumors, including pituitary adenomas and pancreatic endocrine tumors.

The other options, d) Thyrotoxicosis and e) Chronic Renal Failure (CRF), are not direct causes of primary hyperparathyroidism. Thyrotoxicosis may influence calcium metabolism, but it does not cause primary hyperparathyroidism. CRF can lead to secondary hyperparathyroidism due to altered calcium and phosphate metabolism but is not a cause of primary hyperparathyroidism.

In summary, the correct answers indicating causes of primary hyperparathyroidism are a) Parathyroid hyperplasia, b) Adenoma, and c) MEN 1.","Hyperparathyrodism is defined as elevated serum PTH due to increased secretion. It is of two types. a) Primary & b) Secondary with a rare third type - c) Teiary Primary hyperparathyroidism Primary hyperparathyroidism is due to intrinsic abnormality of one or more parathyroid glands: Single Adenoma - 83% Multiple Adenomas - 6% Hyperplasia - 1% Carcinoma - 1% Adenomas and hyperplasia of the parathyroid usually occur sporadically, but in few cases, they are pa of familial syndromes Familial syndrom",13.98769230769231,16.17,17.77,-2.182307692307692,0.2012578616352201,709,,0.8440935611724854,high,13.99,0.01,True
medmcqa,high,high,True,actual,"A 10 year old male presented to the pediatric OPD with colicky pain, nausea, vomiting. Erect abdominal Xray shows multiple air fluid levels. Stool examination shows the following egg. Which of the fol","In the context provided, the 10-year-old male is experiencing symptoms suggestive of intestinal obstruction, as indicated by colicky abdominal pain, nausea, vomiting, and the presence of multiple air-fluid levels on the erect abdominal X-ray. The stool examination likely reveals eggs from a parasitic infection, such as ascariasis (caused by Ascaris lumbricoides), which is common in children and can lead to such symptoms.

In response to parasitic infections, the immune system typically mounts a Th2 (T-helper type 2) response, which is characterized by the secretion of specific interleukins. Among the interleukins listed (IL-1, IL-2, IL-3, IL-5), IL-5 is particularly important in the context of helminth infections. IL-5 is primarily responsible for the activation and proliferation of eosinophils, which play a crucial role in combating parasitic infections.

Therefore, in this scenario, the interleukin that is secreted is **IL-5**.","Interleukin 5 is secreted in the given scenario. The child here has intestinal obstruction caused by Ascaris lumbricoides (egg shown in the figure). IL-5 is responsible for the maturation and release of eosinophils in the bone marrow IL-1 (a and b)- SOURCE: Macrophages and other cell types FUNCTION:Proliferation and difefrentiation of T, B and other cells; pyrogenic; induce acute phase proteins; bone marrow cell proliferation IL-2 SOURCE:T cells FUNCTIONPromote growth and differentiation of T an",10.299679487179484,15.46,17.51,-5.160320512820517,0.186046511627907,779,,0.8396995663642883,medium,8.01,1.99,False
medmcqa,high,high,True,actual,"A one year old child preents with sho stature, lethargy, & constipation. Clinical examinaton shows a palpable goiter. Laboratory investigations revealed a low T4 and elevated TSH which of the followin","The clinical presentation and laboratory findings of the one-year-old child suggest a diagnosis of **Thyroid Dyshormonogenesis**. 

This condition is characterized by a defect in the synthesis of thyroid hormones, leading to low levels of thyroxine (T4) and consequently elevated thyroid-stimulating hormone (TSH) due to the feedback mechanism. The presence of a palpable goiter indicates that the thyroid gland is enlarged, which is consistent with dyshormonogenesis as the gland attempts to compensate for the low hormone production. 

In contrast, **Thyroid Dysgenesis** typically presents with absent or underdeveloped thyroid tissue, which would not explain the goiter. **Central Hypothyroidism** would involve low TSH levels due to pituitary dysfunction, which is not the case here. Lastly, **TSH Receptor Blocking Antibody** would lead to similar hormonal profiles but is less common and typically associated with specific autoimmune conditions.

Thus, based on the symptoms of short stature, lethargy, constipation, and the laboratory findings of low T4 and elevated TSH, the most likely diagnosis is **Thyroid Dyshormonogenesis**.","Ans is 'a' i.e., Thyroid Dyshormonogenesis o This child has :? i) Thyroid swelling ii) Low T4 & High TSH iii) Abnormal weight gain and poor activities o All these suggests the diagnosis of congenital hypothyroidism due to thyroid disorder (In hypothalamic diseases, TSH levels will be low). o The most common cause of non - endemic congenital hypothyroidism is thyroid dysgenesis. i) In endemic regions Most common cause of congenital hypothyroidism is iodine deficiency in intrauterine and neonatal ",11.548571428571432,15.6,16.79,-4.051428571428568,0.1688654353562005,826,,0.8338014483451843,high,10.73,0.73,True
medmcqa,high,high,True,actual,Treatment of choice for Luminal infection of E. histolytica,"The treatment of choice for a luminal infection caused by *Entamoeba histolytica* is **Paromomycin**. This aminoglycoside antibiotic is effective in treating asymptomatic intestinal infections and is particularly useful for luminal amoebiasis, as it acts locally within the gastrointestinal tract with minimal systemic absorption. 

While **Tinidazole** and **Metronidazole** are effective for treating invasive forms of the infection, they are not the first-line treatments for luminal infections specifically. **Ivermectin** is not indicated for *E. histolytica* infections. Therefore, Paromomycin is the most appropriate choice in this context.",Amoebic dysentry or amebic liver abscess - Tinidazole and metronidazole. Luminal infection - Paramomycin and Iodoquinol.,10.208888888888891,15.26,16.89,-5.051111111111108,0.101010101010101,457,,0.8312150835990906,high,10.21,0.21,True
medmcqa,high,high,True,actual,Non regenerative layer of Cornea is,"The non-regenerative layer of the cornea is Bowman's membrane. This layer, located between the corneal epithelium and the stroma, is composed of a dense network of collagen fibers and does not possess the ability to regenerate after injury, unlike the corneal epithelium which can heal itself.",Non regenerative layer of Cornea is Bowman's membrane.,12.316666666666666,15.44,15.25,-3.123333333333333,0.3157894736842105,296,,0.8915553092956543,high,12.32,1.68,True
medmcqa,high,high,True,actual,"A 23-year-old individual who believes in megavitamins therapy develops severe headche, fundoscopy reveals papilloedema. The likely cause for this problem is -","The 23-year-old individual in question is experiencing severe headache and papilledema, which is indicative of increased intracranial pressure. Given the context of the individual believing in megavitamin therapy, it is plausible that the cause of their symptoms is related to excessive intake of certain vitamins, particularly fat-soluble vitamins such as Vitamin A.

Excessive Vitamin A can lead to a condition known as hypervitaminosis A, which can cause increased intracranial pressure, resulting in symptoms such as headache and papilledema. This condition arises because Vitamin A is stored in the liver and can accumulate to toxic levels when taken in excessive amounts, leading to various neurological symptoms.

In summary, the likely cause of the severe headache and papilledema in this individual is hypervitaminosis A due to megavitamin therapy.","Vitamin A toxicity causes nausea ,increased intracranial pressure and Papilloedema due to high dose of retinol . Ref Harrison 20th edition pg 86",11.543095238095235,17.46,18.67,-5.916904761904766,0.119205298013245,727,,0.8269825577735901,high,11.54,1.54,True
medmcqa,high,high,True,actual,"Rectal carcinoma, the most early presentation is:","The most early presentation of rectal carcinoma is typically rectal bleeding. Patients may notice blood in their stool or experience changes in bowel habits, such as constipation or alternating constipation and diarrhea. However, rectal bleeding is often the most prominent and alarming symptom that prompts individuals to seek medical evaluation, leading to further investigation and diagnosis of rectal carcinoma.","Ref: Schwartz SurgeryExplanation:The most common symptom of rectal cancer is hematochezia.Unfortunately, this is often attributed to hemorrhoids.Bright red in colour but may be darker, and should be carefully investigated at any age.Other symptoms include mucus discharge, tenesmus, and change in bowel habit.The differential diagnosisUlcerative colitisCrohn's proctocolitisradiation proctitisand procidentia.Occasionally, internal intussusception of the sigmoid into the rectum can produce a solitar",12.425714285714289,16.88,16.73,-4.45428571428571,0.0827586206896551,412,,0.8426926136016846,high,12.43,1.57,True
medmcqa,high,high,True,actual,"In the extraoral technique for maxillary nerve block, the needle should be directed in which of the following direction to lateral pterygoid plate:","In the extraoral technique for maxillary nerve block, the needle should be directed in the posterior direction to the lateral pterygoid plate. This orientation is crucial for effectively accessing the maxillary nerve while minimizing the risk of complications associated with surrounding anatomical structures.",The needle should be directed in the anterior direction to the lateral pterygoid plate.,12.875652173913045,16.94,18.77,-4.064347826086957,0.456140350877193,367,,0.9173775315284728,high,12.88,1.12,True
medmcqa,high,high,True,actual,Pudendal nerve supplying motor pa to external sphincter is derived from?,"The pudendal nerve, which supplies motor innervation to the external anal sphincter, is primarily derived from the S2-S4 spinal nerve roots. Therefore, the correct answer from the options provided would be **S2-S3 roots**. 

This nerve plays a crucial role in the voluntary control of the external sphincter, which is essential for maintaining continence.","S2-S3 roots. There are two sphincters of the urethra a. Internal urethral sphincter (also k/a sphincter vesicae) - it is involuntary in nature - made up of smooth muscle - supplied by sympathetic nerves, from lower thoracic & upper lumbar segments of spinal cord b. External urethral sphincter (also k/a sphincter vesicae) - it is voluntary in nature - made up of striated muscle fibres - supplied by the perineal branch of the pudendal nerve (derived from spinal nerves S2,S3 & S4) - it controls the",10.154545454545456,11.12,13.56,-0.9654545454545432,0.2040816326530612,327,,0.8449757099151611,high,10.15,0.15,True
medmcqa,high,high,True,actual,"Pre-Renal Azotemia is characterized by all of the following, EXCEPT:","Pre-Renal Azotemia is characterized by several clinical and laboratory findings indicative of decreased renal perfusion, often due to factors such as dehydration or heart failure. The characteristics typically include:

1. **Fractional Excretion of Sodium (FENa) < 1%**: This indicates that the kidneys are conserving sodium due to perceived low blood volume.
2. **Urinary Osmolality > 500 mosm/kg**: This suggests that the kidneys are concentrating urine effectively in response to decreased perfusion.
3. **Reversible with Replacement Fluids**: Pre-Renal Azotemia is often reversible with appropriate fluid resuscitation, addressing the underlying hypoperfusion.

The statement that does not characterize Pre-Renal Azotemia is:

**Urinary Sodium Concentration > 40 meq/L**: In pre-renal azotemia, the urinary sodium concentration is typically low (often < 20 meq/L) because the kidneys are attempting to retain sodium in response to low blood volume.

Therefore, the correct answer is that Pre-Renal Azotemia is characterized by all of the following, EXCEPT **Urinary Sodium Concentration > 40 meq/L**.","Azotemia refers to increase in BUN and creatinine. Azotemia can be prerenal, renal or postrenal. Pre renal azotemia occurs when there is a reduction in the effective aerial blood flow to the kidney, either from a reduction in extracellular volume or in conditions where effective circulating volume is reduced despite normal total extracellular volume. LAB findings include: FeNa is less than 1 %,- proximal tubular function is normal, so it reabsorbs sodium and water, so less sodium is available at",10.73,16.94,17.93,-6.210000000000001,0.1369047619047619,742,,0.8304964303970337,high,10.73,0.73,True
medmcqa,high,high,True,actual,"In acute congestive glaucoma, pupil is","In acute congestive glaucoma, the pupil is typically described as being oval and horizontal. This abnormal shape is due to the increased intraocular pressure that occurs in this condition, which can lead to a distortion of the pupil's normal circular form. The pressure affects the iris and ciliary body, resulting in the characteristic oval appearance.","In acute congestive glaucoma, pupil is semidilated (mild dilated), vertically oval and fixed.",10.35,12.8,14.55,-2.450000000000001,0.2318840579710145,477,,0.8789538145065308,high,10.35,0.35,True
medmcqa,high,high,True,actual,Lacunar cells are characteristic of:,"Lacunar cells are characteristic of the nodular sclerosing type of Hodgkin's disease. These cells are distinctive histological features observed in the lymphoid tissue affected by this specific subtype of Hodgkin's lymphoma, which is known for its unique cellular architecture and clinical presentation.","Nodular sclerosis (NS) Hodgkin s disease comprises 60 80% of all cases. The morphology shows a nodular pattern. The broad bands of fibrosis divide the node into nodules . The capsule is thickened. The characteristic cell is the lacunar-type RS cell, which has a monolobated or multilobated nucleus and a small nucleolus with abundant and pale cytoplasm. Ref: Shafer's textbook of oral pathology 7th edition page 187",12.320000000000004,15.92,17.69,-3.599999999999996,0.1428571428571428,282,,0.8409128785133362,high,12.32,1.68,True
medmcqa,high,high,True,actual,"In beta-oxidation of fatty acids, carnitine is required for","In beta-oxidation of fatty acids, carnitine is required for the transport of long-chain fatty acids into the mitochondrial inner membrane. This process is essential because long-chain fatty acids cannot freely diffuse across the mitochondrial membrane. Instead, they must be conjugated to carnitine to form acylcarnitine, which can then be transported into the mitochondria where beta-oxidation occurs, ultimately leading to the generation of acetyl-CoA for energy production.",Transport of long-chain fatty acid to mitochondria' inner layer,12.831111111111111,16.95,16.32,-4.118888888888888,0.1975308641975308,463,,0.8629633784294128,high,12.83,1.17,True
medmcqa,high,high,True,actual,Which of the following is not a coagulative necrosis?,"In the context provided, the question asks which of the following is not a coagulative necrosis. The options given are:

1. Myocardial infarct
2. Kidney infarct
3. Brain infarct
4. Adrenal infarct

Coagulative necrosis is typically associated with ischemic injury, where the architecture of the tissue remains largely intact despite cell death. This type of necrosis is commonly seen in solid organs like the heart (myocardial infarct) and kidneys (kidney infarct).

However, brain infarcts typically result in liquefactive necrosis due to the high lipid content of the brain tissue and the presence of glial cells that facilitate the breakdown of tissue. Therefore, the answer to the question, ""Which of the following is not a coagulative necrosis?"" is:

**Brain infarct.**","For obscure reasons, the hypoxic death of cells within the central nervous system often evokes liquefactive necrosis.( Robbins Basic Pathology, 9th edition, page 10 )",10.208888888888891,10.17,11.79,0.0388888888888914,0.0839160839160839,529,,0.8231122493743896,high,10.21,0.21,True
medmcqa,high,high,True,actual,"In standing position, Venous return to hea from lower limbs is affected by all of the following except:","In the context of venous return to the heart from the lower limbs while in a standing position, the factors that influence this process include competent valves, deep fascia, and contraction of calf muscles. However, aerial pressure does not significantly affect venous return in this scenario.

1. **Competent Valves**: These prevent retrograde blood flow in the veins, ensuring that blood moves toward the heart rather than pooling in the lower extremities.

2. **Deep Fascia**: This connective tissue structure supports the veins and assists in the muscle pump mechanism during physical activity, facilitating venous return.

3. **Contraction of Calf Muscles**: The calf muscles act as a ""muscle pump."" When they contract, they compress the veins, propelling blood upward toward the heart.

4. **Aerial Pressure**: While atmospheric pressure can influence venous return, it is not a direct factor in the mechanism of venous return from the lower limbs when standing. Instead, it is the physiological mechanisms mentioned above that play a critical role.

Therefore, the correct answer is **aerial pressure**; it does not significantly affect venous return to the heart from the lower limbs in a standing position.","Aerial pressure Factors affecting venous return from lower limbs:a. Muscle contraction- Venous return from lower limb depends largely on muscular activity, especially contraction of the calf muscles, known as the 'calf pump'II Deep fascia - Efficiency of muscular pump is aided by the tight sleeve of deep fascia (deep fascia prevents outward bulge of the contracting muscles thus aiding in more effective compression of the veins.c. Valves - Valves are of great impoance in maintaining unidirectiona",10.441111111111113,12.58,13.38,-2.1388888888888875,0.1898305084745763,701,,0.8507774472236633,high,10.44,0.44,True
medmcqa,high,high,True,actual,All of the following skin conditions are considered as skin markers for internal malignancy except,"The skin conditions listed as potential skin markers for internal malignancy include Acanthosis nigricans, Dermatomyositis, and Pemphigus vulgaris. However, Bullous pemphigoid is not typically considered a skin marker for internal malignancy. 

Acanthosis nigricans is often associated with insulin resistance and can be a marker for conditions such as diabetes or malignancies, particularly gastric adenocarcinoma. Dermatomyositis is a condition characterized by muscle weakness and distinctive skin rashes, and it is known to be associated with underlying malignancies, particularly ovarian and lung cancers. Pemphigus vulgaris is an autoimmune blistering disorder that can also be linked to certain malignancies.

In contrast, Bullous pemphigoid is primarily an autoimmune blistering disorder that is more common in the elderly and is not specifically associated with internal malignancies. Therefore, the correct answer is Bullous pemphigoid.","Acanthosis nigricans, brown to grey - black velvety thickening of the skin in flexural areas, is caused by insulin resistance, obesity, drugs and underlying malignancy (esp. of the stomach and large intestine).Dermatomyositis results from an immune-mediated process triggered by various factors such as malignancy ( ovarian carcinoma, nasopharyngeal carcinoma, mycosis fungoides and lymphoproliferative malignancies ), drugs and infectious agents in genetically predisposed individuals. Bullous pemph",12.286666666666669,16.71,17.77,-4.423333333333332,0.2262443438914027,631,,0.834276556968689,high,12.29,1.71,True
medmcqa,high,high,True,actual,An ankle-brachial index (ABI) that suggests increased risk of myocardial infarction would be,"An ankle-brachial index (ABI) that suggests an increased risk of myocardial infarction would be <0.9. An ABI value below this threshold indicates the presence of peripheral artery disease (PAD), which is associated with a higher risk of cardiovascular events, including myocardial infarction. Values between 0.9 and 1.0 are generally considered normal, while values above 1.0 may suggest non-compressible arteries due to calcification. Therefore, an ABI of less than 0.9 is clinically significant in predicting cardiovascular risk.","There is increasing interest in the use of the ankle-brachial index (ABI) to evaluate patients at risk for cardiovascular events. An ABI less than 0.9 correlates with increased risk of myocardial infarction and indicates significant, although perhaps asymptomatic, underlying peripheral vascular disease.",11.264615384615386,11.71,12.16,-0.445384615384615,0.2204724409448819,565,,0.9032785892486572,high,11.26,1.26,True
medmcqa,high,high,True,actual,The minor duodenal papilla is opening of -,"The minor duodenal papilla is the opening of the accessory pancreatic duct. This anatomical structure allows for the drainage of pancreatic secretions from the accessory duct into the duodenum, specifically into the second part of the duodenum.",Major duodenal papilla Hepatopancreatic ampulla (opening of the biliary-pancreatic duct). Minor duodenal papilla Accessory pancreatic duct opening.,10.740000000000002,16.18,16.53,-5.439999999999998,0.3272727272727273,329,,0.8844558596611023,high,10.74,0.74,True
medmcqa,high,high,True,actual,Which complication you would expect during internal podalic version in case of transverse lie,"The complication that can occur during internal podalic version in the case of a transverse lie is uterine rupture. This procedure, while sometimes necessary for managing certain presentations during delivery, carries significant risks, including the potential for serious complications such as uterine rupture, which can lead to maternal and fetal morbidity. Other possible complications include cervical laceration and vaginal laceration, but uterine rupture is particularly notable due to its severity.","Uterine rupture Internal podalic version:- This nzaneouvre is currently used only for the delivery of a second twin. It consists of the inseion of a hand into the uterine cavity to turn the fetus manually. With this maneuver the fetus is turned to a breech presentation. After this the obstetrician grasps the fetal head to affect delivery by breech extraction. This operation is associated with high incidence of uterine rupture. Munrokar's operative Gynae states ""The practice of this operation has",10.941428571428574,18.96,20.27,-8.018571428571427,0.1614349775784753,341,,0.839026153087616,high,10.94,0.94,True
medmcqa,high,high,True,actual,Hazard of chorionic vinous biopsy is :,"The hazards associated with chorionic villus sampling (CVS) include several potential complications. Based on the context provided, the specific hazards mentioned are limb abnormalities, spina bifida, Down syndrome, and abortion (abortion being a potential outcome of the procedure). 

Chorionic villus sampling is a prenatal diagnostic procedure performed to obtain a sample of chorionic villi from the placenta for genetic testing. While it can provide valuable information regarding chromosomal abnormalities and genetic disorders, it carries risks such as:

1. **Limb Abnormalities**: There is a risk of limb malformations associated with CVS, particularly if performed before 10 weeks of gestation.
2. **Spina Bifida**: This is a type of neural tube defect that can be associated with certain genetic conditions, and while CVS itself does not directly cause spina bifida, the procedure may be linked to an increased risk of neural tube defects in some studies.
3. **Down Syndrome**: While CVS is used to detect Down syndrome, it does not cause it. However, the procedure may be associated with a risk of miscarriage, which could lead to the loss of a fetus with or without Down syndrome.
4. **Abortion**: The risk of miscarriage following CVS is approximately 1-2%, which is a significant consideration for patients considering the procedure.

In summary, the hazards of chorionic villus sampling include limb abnormalities, spina bifida, Down syndrome (as a condition being",Aboion,10.35,14.74,16.53,-4.390000000000001,0.0,662,,0.7472884654998779,high,10.35,0.35,True
medmcqa,clinical,clinical,True,actual,The syndrome of inappropriate antidiuretic hormone is characterized by the following:,"The syndrome of inappropriate antidiuretic hormone (SIADH) is characterized by hyponatremia and urine sodium excretion greater than 20 mEq/L. This condition results from excessive secretion of antidiuretic hormone (ADH), leading to water retention, dilutional hyponatremia, and concentrated urine despite normal or increased plasma volume. Therefore, the correct statement regarding SIADH is:

**Hyponatremia and urine sodium excretion >20 mEq/L.**","Syndrome of inappropriate antidiuretic hormone is caused by excess secretion of vasopressin leading to increased absorption of water resulting in hyponatremia, inappropriate sodium secretion in the urine (> 20 mEq/L), hyper osmolar urine (>100mOsm/L) and hypo osmolar plasma (<260mOsm/L). Ref: The MD Anderson Manual of Medical Oncology, 2nd Edition, CHAPTER 46",16.590909090909097,17.18,17.12,-0.5890909090909027,0.336283185840708,414,,0.8586167097091675,clinical,16.59,2.59,True
medmcqa,clinical,clinical,True,actual,"Young lady presents with acute abdominal pain and history of 11/2 months amenorrhoea, on USG examination there is collection of fluid in the pouch of douglas and empty gestational sac. Diagnosis is","The clinical presentation of a young lady with acute abdominal pain, a history of 1.5 months of amenorrhea, and ultrasound findings of fluid collection in the pouch of Douglas along with an empty gestational sac is highly suggestive of an **ectopic pregnancy**. This condition occurs when a fertilized ovum implants outside the uterine cavity, most commonly in the fallopian tube, leading to potential hemorrhage and fluid accumulation in the pelvic cavity. The absence of an intrauterine gestational sac, along with the acute symptoms, supports this diagnosis.",Ans. is a i.e. Ectopic pregnancy,17.90875,15.16,16.83,2.748750000000001,0.0638297872340425,654,,0.8361352682113647,clinical,17.91,3.91,True
medmcqa,clinical,clinical,True,actual,All the following represent risk factors associated with pelvic inflammatory disease except -,"Pelvic inflammatory disease (PID) is associated with several risk factors, including:

1. **Sexually transmitted infections (STIs)**: Particularly chlamydia and gonorrhea.
2. **Multiple sexual partners**: Increased exposure to STIs.
3. **History of PID**: Previous episodes increase the risk of recurrence.
4. **Intrauterine device (IUD) use**: Particularly in the first few weeks after insertion.
5. **Young age**: Women under 25 years are at higher risk.
6. **Douching**: This practice can disrupt normal vaginal flora and increase the risk of infection.

Given this context, the question asks for an option that does not represent a risk factor associated with PID. 

Without the specific options provided, a common misconception that does not represent a risk factor for PID would be something like ""having a single long-term monogamous partner,"" as this typically reduces the risk of STIs and, consequently, PID.

In summary, the correct answer would be any option that does not align with the established risk factors for PID, such as stable monogamous relationships or non-sexual transmission routes.","Ans is 'd' i.e., Age 30 - 39 yearPelvic inflammatory diseaseo This is an infection of the upper female reproductive tract organs. Another diagnosis given to this disease is acute salpingitis. Although all may be involved, the reproductive tract organ of importance, with or without abscess formation, is the fallopian tube.o The clinical importance of diagnosing PID is emphasized by its known sequelae, which include tubal-factor infertility, ectopic pregnancy, and chronic pelvic pain.o Classic sal",16.62333333333334,12.25,14.12,4.373333333333338,0.1212121212121212,673,,0.8117651343345642,clinical,16.62,2.62,True
medmcqa,clinical,clinical,True,actual,Cryoglobulinemia is associated with which of the following,Cryoglobulinemia is associated with Hepatitis C.,"Ref. API Textbook of Medicine. Pg. 1851 Cryogloblinemia is a vasculitis of small blood vessels that is caused by deposition of immune complexes. Skin, joints, and nerves are commonly affected. The heart, brain, or gastrointestinal tract each are affected in fewer than 10% of cases. Most patients with cryoglobulinemia are chronically infected with hepatitis C virus (HCV). Many of the remaining patients with cryoglobulinemia have lupus, Sjogren s syndrome, rheumatoid arthritis, or white blood cell",14.080000000000002,,,,0.0379146919431279,265,,0.8277893662452698,clinical,14.08,0.08,True
medmcqa,clinical,clinical,True,actual,Most appropriate management of advanced stage rectal carcinoma,"The most appropriate management of advanced stage rectal carcinoma typically involves a multidisciplinary approach, often including neoadjuvant chemoradiotherapy followed by surgical intervention. In the context provided, the surgical options include:

- **Anterior resection**: This is generally indicated for tumors located in the upper rectum where sphincter preservation is possible.
- **Abdominoperineal resection (APR)**: This is indicated for lower rectal tumors where sphincter preservation is not feasible.
- **Proximal colostomy**: This may be considered in cases of obstruction or palliation but is not a definitive treatment for rectal carcinoma.
- **Ileostomy**: This is typically not a primary management option for rectal carcinoma.

Given the advanced stage of the disease, the choice between anterior resection and abdominoperineal resection would depend on the tumor's location and the patient's overall health status. However, if the context implies a definitive surgical approach, **abdominoperineal resection** would be the most appropriate management for advanced stage rectal carcinoma when sphincter preservation is not an option.","(B) Abdominoperineal resection # 'RECTAL CARCINOMA' located at 5 cm from the anal verge lies in the lower rectum.> Considering the conventional methods of treatments Anterior resection is possible for tumors of upper 2/3rd of rectum Abdominoperineal resection is indicated for tumors of lower 1/3rd of rectum> General site specific plan> Upper Rectum (> 11 cm) Anterior Resection , Mid Rectum (6-11 cm) Low Anterior resection , Lower Rectum ( Note: Length of rectum is about 12 to 15 cm and the anal ",14.080000000000002,17.0,18.24,-2.919999999999998,0.1666666666666666,499,,0.8274215459823608,clinical,14.08,0.08,True
medmcqa,clinical,clinical,True,actual,The risk of endometrial carcinoma is highest with the following histological pattern of endometrial hyperplasia: March 2007,The risk of endometrial carcinoma is highest with the following histological pattern of endometrial hyperplasia: **Complex hyperplasia with atypia**. This type of hyperplasia is associated with a significant risk of progression to endometrial carcinoma compared to other forms of hyperplasia.,"Ans. C: Complex hyperplasia with atypia Simple hyperplasia progresses to cancer in 10-20% whereas atypical hyperplasia is a precursor of cancer in 60-70% of cases. Classification Most endometrial cancers are carcinomas (usually adenocarcinomas Endometrial carcinomas can be classified into two pathogenetic groups: Type I: These cancers occur most commonly in pre- and peri-menopausal women, often with a history of unopposed estrogen exposure and/or endometrial hyperplasia. They are often minimally",18.11058823529412,19.05,18.24,-0.9394117647058806,0.087719298245614,424,,0.8603483438491821,clinical,18.11,4.11,True
medmcqa,clinical,clinical,True,actual,Hypoxic pulmonary vasoconstriction due to,"Hypoxic pulmonary vasoconstriction is primarily due to the presence of low oxygen levels (hypoxia) in the alveoli, which leads to vasoconstriction of the pulmonary arterioles. This physiological response is an adaptive mechanism aimed at redirecting blood flow away from poorly ventilated areas of the lung to regions with better ventilation, thereby optimizing gas exchange and improving overall oxygenation. 

In the context of the provided information, hypoxic pulmonary vasoconstriction can be triggered by conditions such as:

- Acute respiratory distress syndrome (ARDS)
- Chronic obstructive pulmonary disease (COPD)
- Pulmonary embolism
- High altitude exposure

The underlying mechanism involves the release of vasoconstrictors, such as endothelin-1, and the inhibition of vasodilators, leading to increased pulmonary vascular resistance and potential right ventricular strain if the hypoxia is severe or prolonged.","Hypoxic pulmonary vasoconstriction (HPV), also known as the Euler-Liljestrand mechanism, is a physiological phenomenon in which small pulmonary aeries constrict in the presence of alveolar hypoxia (low oxygen levels). Ref Harrison20th edition pg 2334",17.040000000000003,26.13,25.5,-9.089999999999996,0.1375,520,,0.8356580138206482,clinical,17.04,3.04,True
medmcqa,clinical,clinical,True,actual,Absolute contraindication of combined oral contraceptive pill is -,"The absolute contraindication of combined oral contraceptive pills is **active liver disease**. This condition poses significant risks due to the potential for impaired hepatic metabolism of the hormones, which can lead to increased risk of thromboembolic events and other complications. Other factors listed, such as epilepsy, obesity, and smoking (even at a rate of 10 cigars/day), are relative contraindications rather than absolute ones.","Ans. is 'd' i.e., Active liver disease Contraindications of OCPs (WHO guidelines) Absolute : (1) Thromboembolism event, cerebrovascular accident, coronary aery disease, (2) Breast cancer, (3) DM (> 20 years duration), (4) Impending major surgery, (5) Hyperlipidemia, (6) Pregnancy, (7) Lactation ( 35 years old and heavy smoker (> 20 cigarretes/day), (11) Migraine with aura, (12) Diabetic nepropathy/neuropathy/ retiopathy, and (13) structural hea disease with pulmonary hypeension, AF or SABE. Rela",14.080000000000002,15.26,15.9,-1.179999999999998,0.1176470588235294,383,,0.8168209791183472,clinical,14.08,0.08,True
medmcqa,clinical,clinical,True,actual,Unipolar flagellate organism that causes pneumonia -,"The unipolar flagellate organism that causes pneumonia is **Mycoplasma pneumoniae**. This organism is known for its role in atypical pneumonia, particularly in younger populations, and is characterized by its lack of a cell wall and unique respiratory transmission.","Answer- A. PseudomonasPseudomonas aeruginosa is a Gram-negative, aerobic rod shaped and polar-flagella bacterium with unipolar motility.",16.25,16.04,17.69,0.2100000000000008,0.1071428571428571,403,,0.8252543807029724,clinical,16.25,2.25,True
medmcqa,clinical,clinical,True,actual,Which is true regarding Trendelenburg operation -,"The Trendelenburg operation, also known as the Trendelenburg procedure, is primarily associated with the surgical management of varicose veins, particularly those involving the great saphenous vein. It involves the ligation and division of the great saphenous vein at its junction with the femoral vein, effectively preventing venous reflux and alleviating symptoms associated with venous insufficiency.

In the context of the provided information, it is important to note that the Trendelenburg operation does not directly relate to the Hardy-Weinberg equilibrium or the genetic concepts discussed earlier. However, if we consider the implications of surgical interventions and their potential impact on genetic diversity within a population, one could argue that surgical procedures like the Trendelenburg operation may not significantly influence the genetic structure of the population at large, as they do not alter the allele frequencies in a manner that would disrupt Hardy-Weinberg assumptions.

In summary, while the Trendelenburg operation is a significant surgical procedure for treating venous insufficiency, it does not have a direct correlation with the principles of Hardy-Weinberg equilibrium or gene flow between populations.",Sapheno-femoral Ligation - is called Trendelenburg's procedure.,14.283333333333337,22.33,23.08,-8.046666666666662,0.043010752688172,596,,0.8220316767692566,clinical,14.28,0.28,True
medmcqa,clinical,clinical,True,actual,"If a diabetic patient being treated with an oral hypoglycemic agent develops dilutional Hyponatremia, which one of the following could be responsible for this effect","In the context of a diabetic patient being treated with an oral hypoglycemic agent who develops dilutional hyponatremia, the most likely responsible factor is the use of thiazolidinediones (TZDs), such as pioglitazone or rosiglitazone. These agents can cause fluid retention, leading to an increase in total body water without a corresponding increase in sodium, resulting in dilutional hyponatremia. 

Additionally, certain sulfonylureas may also contribute to hyponatremia through mechanisms related to increased insulin secretion, which can enhance renal sodium excretion. However, the primary mechanism associated with dilutional hyponatremia in this context is fluid retention induced by TZDs. 

Therefore, if the patient is on a TZD, this could be responsible for the dilutional hyponatremia observed.",Refer KDT 6 /e p 267 Chlorpropamide is a first generation Sulfonylureas It increases the risk of hypoglycemia Other adverse effects of Chlorpropamide are ADH like action leading to dilutional Hyponatremia Cholestatic jaundice Disulfuram like reaction,18.232000000000003,17.76,18.24,0.4720000000000013,0.0939597315436241,655,,0.8112452030181885,clinical,18.23,4.23,True
medmcqa,clinical,clinical,True,actual,Most important investigation for posterior urethral valve is,"The most important investigation for posterior urethral valve is the Micturating Cystogram (MCU). This imaging study is critical for assessing the anatomy and function of the urinary tract, particularly in identifying the presence of posterior urethral valves and associated complications such as bladder wall hypertrophy and vesicoureteral reflux.",Micturating cystourethrogram (MCU) provides the radiological basis for the diagnosis of posterior urethral valve.,14.080000000000002,18.85,19.29,-4.77,0.2580645161290322,321,,0.8919838666915894,clinical,14.08,0.08,True
medmcqa,clinical,clinical,True,actual,Neurophysiological defects present in right lobe involvement are A/E,"Neurophysiological defects present in right lobe involvement are A/E: 

- Visuospatial defect
- Anosognosia

The other options, Dyscalculia and Dysgraphia, are typically associated with left hemisphere involvement, particularly in right-handed individuals.","C i.e. Dyscalculia - Categorical (dominant) hemisphere (ie left lobe in most cases) is responsible for sequential - analytic processes such as language (understanding language, verbal memory, motor speech, written & spoken language) and mathematical ability. Therefore lesions of left (dominant) side produce aphasias (receptive & expressive), dyslexia and dyscalculia. - Representational (non dominant mostly right) hemisphere is responsible for visuo-spatial orientation & musical (a) awareness. It",14.142222222222228,24.2,22.08,-10.05777777777777,0.1320754716981132,399,,0.8303812146186829,clinical,14.14,0.14,True
medmcqa,clinical,clinical,True,actual,Most common ophthalmic complication of diabetes mellitus is,"The most common ophthalmic complication of diabetes mellitus is diabetic retinopathy. This condition is characterized by damage to the retinal blood vessels due to chronic hyperglycemia, leading to potential vision impairment and blindness if left untreated. Other complications such as cataracts, rubeosis iridis, and vitreous hemorrhage may also occur, but diabetic retinopathy remains the predominant concern in diabetic patients.","(A) Retinopathy # Most common ophthalmic complication of diabetes mellitus is diabetic retinopathy, with diabetic retinopathy being the most common preventable cause of blindness> Ocular features of diabetes mellitus: Blurring of vision Cataract formation Diabetic pupil Diabetic retinopathy Macular edema Retinal neovascularization Vitreous hemorrhage Retinal detachment Neovascularization of the iris (i.e. Rubeosis iridis) Cranial nerveCN III, IV and VI palsy> Blindness is primarily the result of",15.555000000000003,16.28,17.51,-0.7249999999999979,0.1731601731601731,484,,0.8765252828598022,clinical,15.56,1.56,True
medmcqa,clinical,clinical,True,actual,True regarding endothelium of cornea:-,"The endothelium of the cornea is a monolayer of cells that plays a critical role in maintaining corneal transparency and homeostasis. Key characteristics of the corneal endothelium include:

1. **Barrier Function**: The endothelial cells form a selective barrier that regulates the movement of fluids and solutes between the cornea and the anterior chamber, contributing to corneal hydration and transparency.

2. **Pump Mechanism**: The endothelium contains Na+/K+ ATPase pumps that actively transport sodium out of the corneal stroma, which helps to prevent corneal edema by maintaining a low level of water content.

3. **Cell Density**: The endothelial cell density decreases with age and is crucial for corneal health; a lower density can lead to corneal decompensation and edema.

4. **Non-regenerative Nature**: Endothelial cells have a limited capacity for regeneration; once lost, they cannot be replaced effectively, which can lead to corneal dystrophies or other pathologies.

5. **Morphology**: The endothelial cells are typically hexagonal in shape, which maximizes surface area and facilitates efficient barrier and pump functions.

In summary, the corneal endothelium is essential for maintaining corneal clarity and function through its barrier and pump mechanisms, and its health is critical for overall ocular health.","ENDOTHELIUM *Single layer of cells *Powerhouse of kitchen of the cornea *Responsible for maintaining dehydrated state of cornea *Endothelial cells decrease with ageing & any intraocular surgery. *Normal specular count-2500-3500/ mm3. *The normal endothelium is usually made up of hexagonal, regular, cells which are roughly uniform in shape.",14.68,16.56,18.64,-1.879999999999999,0.1639344262295082,653,,0.8345510959625244,clinical,14.68,0.68,True
medmcqa,clinical,clinical,True,actual,Agent associated with carcinoma cervix -,"The agent most commonly associated with carcinoma of the cervix is **Human Papillomavirus (HPV)**. Specifically, high-risk HPV types, particularly HPV 16 and HPV 18, are well-established etiological factors in the development of cervical intraepithelial neoplasia (CIN) and subsequent cervical cancer. Other agents listed, such as Trichomoniasis, Herpes virus, and Calymmatobacterium granulomatis, are not directly linked to the pathogenesis of cervical carcinoma.","Ans. is 'a' i.e., Human Papilloma Virus o Human papillomavirus is most commonly associated with cancer of cervix.o Although herpes simplex virus 2 is also associated with ca cervix. But HPV is believed to have a causal association with cancer cervix.",19.4,18.26,17.88,1.139999999999997,0.169811320754717,380,,0.8491866588592529,clinical,19.4,5.4,True
medmcqa,clinical,clinical,True,actual,Endoscopy is useful for evaluation of these forms of gastrointestinal obstruction except,Endoscopy is useful for evaluation of these forms of gastrointestinal obstruction except **illeal obstruction**.,"Endoscopy is useful for evaluation and treatment of some forms of gastrointestinal obstruction. An impoant exception is a small-bowel obstruction due to surgical adhesions, which is generally not diagnosed or treated endoscopically. Oesophagal, gastroduodenal, and colonic obstruction or pseudo-obstruction can all be diagnosed and often managed endoscopically.Harrison 19e pg: 1891",14.656666666666666,,,,0.3582089552238806,291,,0.8777445554733276,clinical,14.66,0.66,True
medmcqa,clinical,clinical,True,actual,In primary pulmonary hypeension basic abnormality in genes lies in,"In primary pulmonary hypertension, the basic abnormality in genes lies in the Bone Morphogenetic Protein Receptor II (BMPR2). This genetic defect is associated with the pathogenesis of the disease, leading to abnormal vascular remodeling and increased pulmonary vascular resistance.","Ref Harrison 19 th ed pg 1655 Abnormalities in multiple molecular pathways and genes that regu- late the pulmonary vascular endothelial and smooth muscle cells have been identified ). These abnormalities include decreased expression of the voltage-regulated potassium channel, mutations in the bone morphogenetic protein receptor-2, increased tissue factor expres- sion, overactivation of the serotonin transpoer, hypoxia-induced activation of hypoxia-inducible factor-1a, and activation of nuclear f",14.270000000000008,18.04,18.77,-3.7699999999999902,0.2123893805309734,302,,0.8407377600669861,clinical,14.27,0.27,True
medmcqa,clinical,clinical,True,actual,Which of the following viral families is known to be causally associated with tumor formation in healthy appearing human adults?,"The viral family known to be causally associated with tumor formation in healthy appearing human adults is the **Papillomaviridae** family, specifically human papillomavirus (HPV). Certain high-risk HPV types, such as HPV 16 and 18, are well-documented as oncogenic and are associated with the development of cervical, anal, and oropharyngeal cancers in otherwise healthy individuals. Other viral families, such as the Herpesviridae (e.g., Epstein-Barr virus) and Hepadnaviridae (e.g., Hepatitis B virus), are also implicated in tumorigenesis but are less frequently associated with tumors in healthy adults compared to HPV.","A Papovavirus is any member of the former virus family of Papovaviridae. They are mainly associated with various neoplasms in mammals. The family of Papovaviridae is no longer used in recent taxonomy, but is split into the Papillomaviridae and the Polyomaviridae. HPV is a member of the Papillomaviridae family and is causally associated with cervical cancer in otherwise healthy individuals Hepatitis C virus is a member of the flaviviruses family and causes chronic hepatitis and in severe cases is",14.630000000000004,15.28,15.65,-0.649999999999995,0.2338709677419355,523,,0.8561996221542358,clinical,14.63,0.63,True
medmcqa,clinical,clinical,True,actual,Acute intestinal obstruction is characterized by -a) Vomiting is common in duodenal obstructionb) Pain after each attack of vomiting is characteristic of ileal obstructionc) In colonic obstruction dis,"Acute intestinal obstruction is characterized by the following features:

a) **Vomiting is common in duodenal obstruction** - True. In duodenal obstruction, vomiting is often a prominent symptom due to the proximal location of the obstruction, which leads to the accumulation of gastric contents.

b) **Pain after each attack of vomiting is characteristic of ileal obstruction** - False. While ileal obstruction can cause pain, it is not specifically characterized by pain after vomiting. Instead, pain in ileal obstruction may be more continuous or crampy rather than directly correlated with vomiting.

c) **In colonic obstruction, distension is more common than vomiting** - True. Colonic obstruction typically presents with abdominal distension as a more prominent symptom compared to vomiting, which may be less frequent.

d) **X-ray erect posture is diagnostic** - True. An erect abdominal X-ray can reveal air-fluid levels and distended loops of bowel, aiding in the diagnosis of intestinal obstruction.

e) **Colicky pain to steady pain indicates strangulation** - True. The transition from colicky pain (intermittent and crampy) to steady pain suggests the possibility of strangulation, which is a surgical emergency.

Based on the above analysis, the statement that is **not characteristic** of acute intestinal obstruction is **b)**.","Clinical features of small intestinal obstruction Abdominal pain Pain is crampy in nature and tends to be more severe the distal the obstruction. the pain occurs in paroxysms and the patient is relatively comfortable in the intervals between the pain. audible borborygmi are often noted by the patient simultaneously with the paroxysm of pain. the pain may become less severe as, distention progresses, probably because motility is impaired in the edematous intestine. when strangulation occurs, the ",25.706363636363637,12.84,15.36,12.866363636363635,0.1691331923890063,760,,0.8237441182136536,clinical,19.35,5.35,True
pubmedqa,medium,medium,True,actual,Are high flow nasal cannulae noisier than bubble CPAP for preterm infants?,"The information provided does not give a direct answer to whether high flow nasal cannulae (HFNC) are noisier than bubble CPAP for preterm infants. However, it does mention that noise exposure in the neonatal intensive care unit (NICU) can be harmful to preterm infants and that CPAP devices often produce noise levels that exceed recommended limits. 

High flow nasal cannulae are becoming a more popular choice for treating preterm infants, but there haven't been any studies that specifically measure how much noise HFNC makes compared to bubble CPAP. 

In summary, while we know that CPAP can be noisy, we do not have enough information to say whether HFNC is noisier or quieter than bubble CPAP. More research is needed to compare the noise levels of these two treatments.","At the gas flows studied, HFNC are not noisier than BCPAP for preterm infants.",6.727142857142859,13.29,13.97,-6.5628571428571405,0.1258741258741258,690,,0.8658158183097839,medium,8.76,1.24,True
pubmedqa,medium,high,False,actual,Can infundibular height predict the clearance of lower pole calyceal stone after extracorporeal shockwave lithotripsy?,"Infundibular height can indeed play a role in predicting the clearance of lower pole calyceal stones following extracorporeal shockwave lithotripsy (ESWL). The infundibulum is the channel that connects the renal calyx to the renal pelvis, and its anatomical characteristics, including height and width, can influence the drainage of urine and the passage of fragmented stones after lithotripsy.

Research indicates that a shorter infundibular height may be associated with a higher likelihood of stone clearance post-ESWL. This is likely due to the fact that a shorter infundibulum can facilitate easier passage of stone fragments into the renal pelvis and subsequently into the ureter. Conversely, a longer infundibulum may create a more challenging pathway for stone fragments to exit, potentially leading to incomplete clearance.

In summary, while infundibular height is not the sole predictor of stone clearance, it is a significant anatomical factor that can influence outcomes after ESWL for lower pole calyceal stones. Other factors, such as stone size, composition, and patient-specific anatomical variations, also play critical roles in determining the success of the procedure.",Lower Infundibular height could be a good measurement tool for deciding which patients with lower calyceal lithiasis would benefit from SWL treatment. Height of less than 22 mm suggests a good outcome from lithotripsy.,9.08705882352941,15.33,16.08,-6.242941176470589,0.0952380952380952,698,,0.8535088896751404,high,13.07,0.93,False
pubmedqa,medium,clinical,False,actual,Are failures of anterior cruciate ligament reconstruction associated with steep posterior tibial slopes?,"Yes, failures of anterior cruciate ligament (ACL) reconstruction have been associated with steep posterior tibial slopes. The posterior tibial slope is a critical anatomical factor influencing the stability of the knee joint, particularly in relation to the forces exerted on the ACL. A steeper slope can lead to increased anterior tibial translation and may predispose the reconstructed ACL to failure due to altered biomechanics. Studies have demonstrated that patients with a greater posterior tibial slope are at a higher risk for graft failure following ACL reconstruction, emphasizing the importance of considering this anatomical feature during surgical planning and rehabilitation.",Both medial and lateral PTS were significantly steeper in failures of ACLR than the control group. Medial or lateral PTS 5 was a new risk factor of ACLR failure.,8.78224137931035,17.9,18.51,-9.11775862068965,0.109375,415,,0.8458086252212524,clinical,18.53,4.53,False
pubmedqa,medium,medium,True,actual,Can CT predict the level of CSF block in tuberculous hydrocephalus?,"The context provided does not directly answer the question about whether a CT scan can predict the level of cerebrospinal fluid (CSF) block in tuberculous hydrocephalus. However, I can explain a bit about the topic.

**Cerebrospinal Fluid (CSF)** is a clear fluid that surrounds the brain and spinal cord, helping to protect them and provide nutrients. **Hydrocephalus** is a condition where there is an excess of CSF, leading to increased pressure in the brain. **Tuberculous hydrocephalus** occurs when tuberculosis (a bacterial infection) causes inflammation and blockages in the CSF pathways.

A **CT scan** (computed tomography scan) is an imaging test that uses X-rays to create detailed pictures of the inside of the body, including the brain. It can help doctors see if there are blockages or swelling in the brain.

In cases of tuberculous hydrocephalus, a CT scan can show areas where the CSF flow is blocked, but it may not always predict the exact level of the blockage. The scan can help identify the presence of lesions or inflammation but determining the precise level of blockage often requires further evaluation.

In summary, while a CT scan can provide important information about the condition of the brain and CSF flow, it may not definitively predict the level of CSF block in tuberculous hydrocephalus. Further tests or evaluations might be needed for a complete understanding.",CT is therefore not useful in determining the level of CSF block in TBM. Air-encephalography remains the most reliable way of determining the level of CSF obstruction.,9.778703703703703,12.0,13.61,-2.2212962962962965,0.1185770750988142,793,,0.8364585638046265,medium,8.01,1.99,True
pubmedqa,medium,clinical,False,actual,Post-tonsillectomy late haemorrhage: is it a preferably night-time event?,"Post-tonsillectomy late hemorrhage is not specifically characterized as a nighttime event; however, it can occur at any time, including during the night. Late hemorrhage typically occurs 5 to 10 days post-operatively when the eschar (scab) formed at the surgical site begins to slough off. This can lead to the rupture of blood vessels that were previously cauterized. 

While there is no definitive evidence suggesting that late hemorrhage is more common at night, patients may be more likely to notice bleeding during nighttime hours due to being in a supine position or when they are less active and more attuned to symptoms. It is crucial for patients and caregivers to be vigilant for signs of bleeding, such as swallowing more frequently, coughing up blood, or the presence of bright red blood in the saliva, regardless of the time of day. 

In conclusion, while late hemorrhage can occur at night, it is not inherently a nighttime event and should be monitored closely at all times post-tonsillectomy.","The incidence of post-tonsillectomy late haemorrhage in our study population was 1.78%. A statistically significant difference was found between night-time and day-time haemorrhages. Even though no significant distribution of haemorrhages per hour was observed, we underline that we recorded 32 (54.2%) events in 2 periods of the day: from 10 p.m. to 1 a.m. and from 6 to 9 a.m.",9.353333333333335,14.21,15.47,-4.856666666666666,0.1191489361702127,747,,0.8330402374267578,clinical,15.45,1.45,False
pubmedqa,medium,high,False,actual,Can folic acid protect against congenital heart defects in Down syndrome?,"Folic acid, also known as vitamin B9, is essential for DNA synthesis and repair, and it plays a critical role in cellular division and growth. Its importance in pregnancy, particularly in the prevention of neural tube defects, is well-established. However, the relationship between folic acid and congenital heart defects, particularly in the context of Down syndrome (trisomy 21), is more complex.

Research has indicated that adequate maternal folic acid intake before conception and during early pregnancy may reduce the risk of congenital heart defects in the general population. This is particularly relevant because individuals with Down syndrome have a higher prevalence of congenital heart defects, with estimates suggesting that approximately 40-50% of infants with Down syndrome are born with some form of heart anomaly.

While folic acid supplementation is recommended for all women of childbearing age to reduce the risk of neural tube defects, its specific protective effect against congenital heart defects in the context of Down syndrome is less clear and requires further investigation. Some studies suggest that maternal folate levels may influence the risk of congenital heart defects, but definitive conclusions regarding its protective role specifically for congenital heart defects in Down syndrome have not been firmly established.

In summary, while folic acid is beneficial for reducing the risk of certain congenital anomalies, including neural tube defects, its protective effect against congenital heart defects in Down syndrome is not conclusively proven and warrants further research. Therefore, it is advisable for women with a history of Down syndrome or those at risk to discuss folic acid supplementation with",Our study does not show a protective effect of FA on heart anomalies among infants with DS.,9.781176470588235,17.82,18.12,-8.038823529411765,0.0503597122302158,749,,0.8386937379837036,high,10.15,0.15,False
pubmedqa,medium,clinical,False,actual,Is robotically assisted laparoscopic radical prostatectomy less invasive than retropubic radical prostatectomy?,"A: Yes

Robotically assisted laparoscopic radical prostatectomy is considered less invasive than retropubic radical prostatectomy due to its minimally invasive approach, which typically results in reduced postoperative pain, shorter recovery times, and less blood loss. The laparoscopic technique employs smaller incisions compared to the larger incision required in the retropubic approach, thereby minimizing tissue trauma and promoting quicker patient recovery.",This study showed for the first time that RALP induces lower tissue trauma than RRP.,6.780000000000001,22.46,22.5,-15.68,0.08,434,,0.8495311737060547,clinical,25.47,11.47,False
pubmedqa,medium,high,False,actual,Does hippocampal atrophy on MRI predict cognitive decline?,"Hippocampal atrophy on MRI is indeed associated with cognitive decline, particularly in the context of neurodegenerative diseases such as Alzheimer's disease. The hippocampus is a critical structure for memory formation and spatial navigation, and its atrophy can correlate with deficits in short-term memory and other cognitive functions.

In the context provided, the 46-year-old woman exhibits cognitive difficulties, particularly with short-term memory, alongside MRI findings of generalized brain atrophy. While the specific details of hippocampal atrophy are not mentioned, the presence of generalized atrophy, especially if it includes the hippocampus, can be indicative of underlying neurodegenerative processes that may lead to further cognitive decline.

Therefore, while hippocampal atrophy is a strong predictor of cognitive decline, it is essential to consider it within the broader context of clinical symptoms and other diagnostic findings. In summary, yes, hippocampal atrophy on MRI can predict cognitive decline, particularly when associated with memory impairments and other cognitive deficits.",HCA was not found to be a predictor of subsequent cognitive decline in this series.,8.353333333333339,19.21,20.74,-10.856666666666662,0.0930232558139535,713,,0.8440451622009277,high,11.13,1.13,False
pubmedqa,medium,medium,True,actual,Can vitamin C prevent complex regional pain syndrome in patients with wrist fractures?,"The question about whether vitamin C can prevent complex regional pain syndrome (CRPS) in patients with wrist fractures is not directly answered in the contexts provided. However, I can give you some helpful information.

Complex regional pain syndrome is a condition that can occur after an injury, like a wrist fracture. It causes severe pain, swelling, and changes in skin color and temperature in the affected area. 

Some studies suggest that taking vitamin C after a wrist fracture may help reduce the risk of developing CRPS. Vitamin C is important for healing and may help reduce inflammation. However, not all research agrees, and more studies are needed to confirm its effectiveness.

In summary, while there is some evidence that vitamin C might help prevent CRPS after wrist fractures, it is not guaranteed. It's always best to discuss any supplements or treatments with a healthcare provider to get personalized advice.",Vitamin C reduces the prevalence of complex regional pain syndrome after wrist fractures. A daily dose of 500 mg for fifty days is recommended.,9.248333333333337,10.59,12.84,-1.3416666666666632,0.160919540229885,687,,0.853218674659729,medium,9.45,0.55,True
pubmedqa,medium,clinical,False,actual,PSA repeatedly fluctuating levels are reassuring enough to avoid biopsy?,"In the context of prostate-specific antigen (PSA) testing, fluctuating levels of PSA can sometimes be a source of concern, but they do not automatically preclude the need for a biopsy. The decision to avoid biopsy based on PSA levels depends on several factors, including the degree of fluctuation, the absolute values of PSA, the patient's age, family history, and the presence of any urinary symptoms or other risk factors for prostate cancer.

Generally, a PSA level that remains consistently below 4 ng/mL is often considered within the normal range, and fluctuations within this range may not be clinically significant. However, if PSA levels are elevated (typically above 4 ng/mL) or show significant increases over time, further evaluation, including a biopsy, may be warranted regardless of fluctuations.

In summary, while fluctuating PSA levels can be reassuring, they do not definitively indicate that a biopsy can be avoided. Clinical judgment, taking into account the entire clinical picture, is essential in making this determination.","Our study demonstrates no difference in PC detection rate at repeat biopsy between patients with flu or si-PSA levels. PSA Slope, PSAV and PSADT were not found helpful tools in cancer detection.",9.825,17.3,18.24,-7.475000000000001,0.0909090909090909,655,,0.82216477394104,clinical,16.63,2.63,False
pubmedqa,medium,clinical,False,actual,Serum angiotensin-converting enzyme and frequency of severe hypoglycaemia in Type 1 diabetes: does a relationship exist?,"The relationship between serum angiotensin-converting enzyme (ACE) levels and the frequency of severe hypoglycemia in Type 1 diabetes is not well established in the current literature. ACE is primarily involved in the renin-angiotensin system, which regulates blood pressure and fluid balance. While there is some evidence suggesting that the renin-angiotensin system may play a role in glucose metabolism and insulin sensitivity, direct correlations between ACE levels and hypoglycemic events in Type 1 diabetes remain unclear.

In Type 1 diabetes, severe hypoglycemia is typically related to factors such as insulin dosing, carbohydrate intake, physical activity, and individual patient variability rather than serum ACE levels. Therefore, while it is essential to monitor various metabolic parameters in patients with Type 1 diabetes, the estimation of serum ACE does not have a direct clinical relevance in predicting or managing severe hypoglycemic episodes.

In summary, based on the current understanding and available data, there does not appear to be a significant relationship between serum angiotensin-converting enzyme levels and the frequency of severe hypoglycemia in Type 1 diabetes. Further research may be needed to explore any potential indirect associations or mechanisms.","The present survey showed a weak relationship between serum ACE and the frequency of SH, the clinical relevance of which is unclear. This limits the proposed role for serum ACE as an index of risk for SH.",9.80337837837838,19.53,19.14,-9.72662162162162,0.1504424778761061,697,,0.8555529713630676,clinical,16.46,2.46,False
pubmedqa,medium,high,False,actual,"Syncope during bathing in infants, a pediatric form of water-induced urticaria?","The context provided discusses a phenomenon observed in infants during bathing, characterized by syncope, or fainting, which may be related to a form of water-induced urticaria. In this scenario, eight infants aged 2 to 15 months experienced episodes of becoming pale, hypotonic (decreased muscle tone), and unresponsive upon immersion in water. These episodes resolved quickly upon removal from the water.

While the term ""water-induced urticaria"" typically refers to an allergic reaction characterized by hives (urticaria) triggered by water exposure, the syncope described here does not align with the classic presentation of urticaria. Instead, it suggests a reflex response, possibly due to a combination of factors such as the immersion reflex, which can lead to bradycardia (slowed heart rate) and hypotension (low blood pressure), resulting in syncope.

In summary, while the episodes of syncope in infants during bathing may superficially resemble a form of urticaria, they are more likely related to a physiological response to water immersion rather than an allergic reaction. Further investigation into the underlying mechanisms and potential risk factors, including the association with sudden infant death syndrome (SIDS), is warranted to better understand these events and their implications for infant safety during bathing.","""Aquagenic maladies"" could be a pediatric form of the aquagenic urticaria.",9.081818181818182,17.48,17.77,-8.398181818181818,0.0576923076923076,781,,0.8241145610809326,high,11.23,1.23,False
pubmedqa,medium,clinical,False,actual,Is double-balloon enteroscopy an accurate method to diagnose small-bowel disorders?,"Double-balloon enteroscopy (DBE) has been demonstrated to be an efficacious method for diagnosing small-bowel disorders, particularly in the context of evaluating conditions such as gastrointestinal bleeding, small bowel inflammatory bowel disease (IBD), and strictures. In the study referenced, 88 DBE procedures were performed on 66 patients, indicating a significant application of this technique in a clinical setting. The use of video-capsule endoscopy (VCE) prior to DBE in 43 of the patients suggests that DBE is often employed as a follow-up or confirmatory procedure after non-invasive imaging, which supports its diagnostic utility.

The mean age of the patients (62 years) and the demographic breakdown (including gender and ethnicity) provide context for the population studied, but the critical takeaway is that DBE has been utilized effectively for various indications related to small-bowel pathology. Therefore, based on the available data, double-balloon enteroscopy can be considered an accurate and safe method for diagnosing small-bowel disorders in a community setting.","1. DBE is a safe and and accurate method to diagnose small bowel disorders; 2. this method permits chromoscopy, biopsies and treatment of the lesions.",8.165000000000003,20.02,20.27,-11.854999999999997,0.1170212765957446,726,,0.8543823957443237,clinical,15.45,1.45,False
pubmedqa,medium,high,False,actual,Are physicians aware of the side effects of angiotensin-converting enzyme inhibitors?,"Yes, physicians are generally well aware of the side effects associated with angiotensin-converting enzyme (ACE) inhibitors. These medications are commonly prescribed for conditions such as hypertension and heart failure, and their side effects are well-documented in clinical literature and medical training.

The most common side effects of ACE inhibitors include:

1. **Cough**: A persistent dry cough is a notable side effect that occurs in a subset of patients, attributed to the accumulation of bradykinin.

2. **Hyperkalemia**: ACE inhibitors can lead to elevated potassium levels in the blood, which can be dangerous if not monitored, particularly in patients with renal impairment or those on potassium-sparing diuretics.

3. **Angioedema**: Although rare, this serious side effect involves swelling of the deeper layers of the skin, often around the eyes and lips, and can affect breathing.

4. **Hypotension**: Especially after the first dose, patients may experience a significant drop in blood pressure, particularly if they are volume-depleted or on diuretics.

5. **Renal Impairment**: ACE inhibitors can affect renal function, particularly in patients with pre-existing kidney disease or those who are dehydrated.

Physicians routinely evaluate the risk-benefit profile of ACE inhibitors for each patient, considering these potential side effects alongside the therapeutic benefits. Monitoring of renal function and electrolytes is standard practice during treatment with these agents.","Overall, there was a poor knowledge of the side effects of ACE-I. This may account for the increased referrals for chronic cough and angioedema.",6.298333333333332,15.39,16.4,-9.091666666666669,0.0905349794238683,767,,0.8426852822303772,high,13.37,0.63,False
pubmedqa,medium,medium,True,actual,Undescended testes: does age at orchiopexy affect survival of the testis?,"The question about whether the age at which orchiopexy is performed affects the survival of the testis relates to a condition called cryptorchidism, where one or both testes have not descended into the scrotum. 

Orchiopexy is a surgical procedure used to move an undescended testis into the scrotum and fix it there. The study mentioned in the context aimed to find out if the age at which this surgery is done has any impact on whether the testis remains healthy or shrinks (a condition known as testicular atrophy).

While the specific results of the study are not provided in the context, it is generally understood that performing orchiopexy at a younger age is often recommended. This is because earlier intervention may help improve the chances of the testis developing normally and reduce the risk of complications later on.

In summary, while the exact findings of the study are not detailed, it is commonly believed that the age at which orchiopexy is performed can affect the health and survival of the testis. Early surgery is usually better for the testis's development.",From this study we conclude that there is no increase in testicular atrophy in patients less than 13 months.,9.209473684210526,13.19,14.35,-3.980526315789474,0.05,696,,0.8393236994743347,medium,9.08,0.92,True
pubmedqa,medium,medium,True,actual,Is there a model to teach and practice retroperitoneoscopic nephrectomy?,"Based on the context provided, there is no specific information about a model to teach and practice retroperitoneoscopic nephrectomy. Retroperitoneoscopic nephrectomy is a surgical procedure used to remove a kidney through small incisions in the back. 

However, in general, surgical training often includes the use of simulation models or training programs to help surgeons practice and improve their skills before performing actual surgeries. These models can be physical or virtual and are designed to mimic real-life surgical scenarios.

If you are looking for specific training models for retroperitoneoscopic nephrectomy, it would be best to consult medical training institutions or surgical training programs that specialize in urology or minimally invasive surgery. They can provide more detailed information about available resources and training opportunities.",RPN in a porcine model is feasible and could be very useful for teaching and practicing retroperitoneoscopy.,9.781176470588235,15.75,17.32,-5.968823529411765,0.0999999999999999,428,,0.8421318531036377,medium,9.55,0.45,True
pubmedqa,medium,high,False,actual,Does quilting suture prevent seroma in abdominoplasty?,"Quilting sutures, also known as ""purse-string sutures"" or ""tacking sutures,"" are often employed in abdominoplasty (tummy tuck) procedures to help minimize the potential for seroma formation. A seroma is a collection of fluid that can accumulate in the space left after surgical procedures, particularly in areas where tissue has been manipulated or removed.

The mechanism by which quilting sutures may prevent seroma formation involves the approximation of the tissue layers, which helps to reduce the dead space created during surgery. By securing the tissue in place, these sutures can promote adherence between the layers, thereby minimizing fluid accumulation. Additionally, quilting sutures can enhance lymphatic drainage and vascular supply to the area, further reducing the risk of seroma.

While the use of quilting sutures has been shown to be beneficial in some studies, it is important to note that they are not a guaranteed method for preventing seromas. Other factors, such as surgical technique, patient factors (e.g., body mass index, activity level), and postoperative care, also play significant roles in the development of seromas.

In summary, while quilting sutures can help reduce the risk of seroma formation in abdominoplasty, they are not an absolute preventive measure, and their effectiveness may vary among patients.",The quilting suture seems to be an efficient technique with which to prevent seroma formation.,9.140000000000004,14.72,15.47,-5.5799999999999965,0.0821917808219178,807,,0.8494089841842651,high,10.74,0.74,False
pubmedqa,medium,clinical,False,actual,Does treatment duration affect outcome after radiotherapy for prostate cancer?,"The context provided does not directly address the question regarding the effect of treatment duration on outcomes after radiotherapy for prostate cancer. However, based on current clinical understanding, the duration of radiotherapy can influence treatment outcomes. 

In general, longer treatment durations with radiotherapy, particularly when employing fractionated regimens, may allow for better tumor control and potentially improved survival rates. Conversely, shorter courses of radiotherapy may be associated with increased risks of acute and late toxicities, although they can also lead to similar oncological outcomes in select patient populations. 

Ultimately, the optimal duration of radiotherapy should be individualized based on tumor characteristics, patient health status, and the specific treatment protocol being utilized. Further clinical studies are necessary to establish definitive correlations between treatment duration and outcomes in prostate cancer radiotherapy.","A proportionally longer treatment duration was identified as an adverse factor in low-risk patients. Treatment breaks resulting in a NTDR of>/=33% (e.g., four or more breaks during a 40-fraction treatment, 5 d/wk) should be avoided.",8.514285714285716,19.14,18.42,-10.625714285714285,0.0946745562130177,509,,0.8250254988670349,clinical,14.27,0.27,False
pubmedqa,medium,medium,True,actual,Should direct mesocolon invasion be included in T4 for the staging of gastric cancer?,"Yes, direct mesocolon invasion should be included in T4 for the staging of gastric cancer. 

In cancer staging, the ""T"" category describes the size and extent of the primary tumor. T4 indicates that the cancer has spread beyond the stomach to nearby structures, including the mesocolon, which is the part of the peritoneum that attaches the colon to the back of the abdominal wall. This means that if the gastric cancer invades the mesocolon, it is classified as T4, indicating a more advanced stage of cancer.",Mesocolon invasion should be included in T4 for the staging of gastric cancer.,8.541538461538462,11.04,12.16,-2.4984615384615374,0.2626262626262626,355,,0.8813228011131287,medium,9.26,0.74,True
pubmedqa,medium,high,False,actual,Is there any interest to perform ultrasonography in boys with undescended testis?,"Yes, there is interest in performing ultrasonography (USG) in boys with undescended testis, particularly in cases where the testis is not palpable during physical examination. In the scenario described, where a poorly rugated scrotum is noted and one testicle is palpated in the inguinal canal, ultrasonography can be a useful non-invasive imaging modality to locate the undescended testis. 

Ultrasonography can help confirm the presence and location of the testis, whether it is intra-abdominal or in the inguinal canal, which is crucial for planning appropriate surgical intervention. In cases of non-palpable testis, USG can provide valuable information that may influence the timing and type of surgical approach, such as orchidopexy or laparoscopic exploration if necessary. 

However, it is important to note that if the testis is palpable, as in the case described, a physical examination may suffice, and the decision to proceed with surgery can be made without the need for ultrasonography. Ultimately, the use of USG in the context of undescended testis is determined by clinical judgment based on the individual case.",Sonography has no place in the diagnosis of undescended testis.,9.55,17.61,18.6,-8.059999999999999,0.054054054054054,661,,0.852121889591217,high,10.72,0.72,False
pubmedqa,high,high,True,actual,Should prostate specific antigen be adjusted for body mass index?,"Yes, prostate specific antigen (PSA) levels should be considered in the context of body mass index (BMI). Research indicates that obesity may lead to lower PSA levels due to a phenomenon known as hemodilution, where increased blood volume in obese individuals dilutes the concentration of PSA in the serum. Therefore, when interpreting PSA levels, especially in men with elevated BMI, it may be prudent to adjust for body mass index to avoid misinterpretation of PSA results. This adjustment is particularly relevant in clinical settings to ensure accurate assessment of prostate health and to distinguish between benign conditions and potential malignancies.","Consistent with prior studies, we found an inverse relationship between obesity and serum prostate specific antigen. However, the magnitude of the difference was small. Thus, adjusting prostate specific antigen for body mass index does not appear warranted.",12.501081081081086,16.11,16.83,-3.6089189189189135,0.1605839416058394,598,,0.8601472973823547,high,10.73,0.73,True
pubmedqa,high,medium,False,actual,Do foreign bodies migrate through the body towards the heart?,"No, foreign bodies do not migrate through the body towards the heart. When a foreign object gets lodged in the body, it usually stays in the place where it got stuck unless it is removed. For example, in the context of the esophagus, foreign bodies most commonly get stuck at specific points, like where the esophagus is narrow or where it bends. 

If you have more questions about how the body handles foreign objects or any other health-related topics, feel free to ask!","The study allows us to determine that FB can move through the body but not towards the heart. The study also serves as a warning sign: in cases of prolonged histories of FB ingestion, imaging studies are mandatory before endoscopic examination.",12.551341463414635,9.99,10.69,2.561341463414635,0.144,440,,0.8502954840660095,medium,6.01,0.01,False
pubmedqa,high,high,True,actual,Does the manic/mixed episode distinction in bipolar disorder patients run true over time?,"The question regarding whether the manic/mixed episode distinction in bipolar disorder patients runs true over time is addressed in the context of a study that observed the distribution of manic and mixed episodes over an 11-year period. The study involved 1,224 episodes from 241 patients who had three or more entries in a community mental health center's management information system. The authors aimed to compare the observed distribution of these episodes to an expected distribution, which was determined by averaging.

While the specific results of the study are not detailed in the provided context, the implication is that the authors were investigating the stability of the manic and mixed episode classifications over time. The distinction between manic and mixed episodes is clinically significant, as it can influence treatment strategies and prognostic considerations in bipolar disorder. If the distinction holds true over time, it suggests that patients consistently exhibit either manic or mixed episodes rather than fluctuating between classifications.

In summary, the study sought to determine the temporal reliability of the manic/mixed episode distinction in bipolar disorder, indicating that the authors were interested in understanding whether these classifications remain consistent throughout the course of the illness in patients.",These data suggest a pattern of diagnostic stability over time for manic and mixed episodes in patients with bipolar disorder. Careful prospective studies of this issue are needed.,11.784285714285716,17.97,19.0,-6.185714285714283,0.1217391304347826,547,,0.8627627491950989,high,11.26,1.26,True
pubmedqa,high,high,True,actual,Is aneurysm repair justified for the patients aged 80 or older after aneurysmal subarachnoid hemorrhage?,"The context provided indicates that there is currently no comparative study examining the outcomes of elderly patients aged 80 or older who undergo definitive treatment for aneurysmal subarachnoid hemorrhage (aSAH) versus those who receive conservative management. Given the increasing incidence of aSAH in the aging population, the question of whether aneurysm repair is justified in this demographic remains complex and unresolved.

While definitive surgical intervention, such as clipping or coiling of the aneurysm, may offer potential benefits in preventing rebleeding and improving outcomes, the risks associated with surgery in elderly patients—such as increased morbidity and mortality—must also be carefully considered. The absence of specific data on this age group means that clinical decision-making should be individualized, taking into account the patient's overall health status, comorbidities, functional capacity, and personal preferences.

In summary, without robust evidence to support the efficacy and safety of aneurysm repair in patients aged 80 or older following aSAH, it is difficult to definitively justify such interventions. Further research is needed to establish clear guidelines for this population.","Better prognosis was obtained when ruptured aneurysm was repaired in the elderly than it was treated conservatively. From the results of this study, we should not hesitate to offer the definitive surgery for the elderly with aSAH.",11.397972972972973,19.26,20.11,-7.862027027027029,0.1226415094339622,721,,0.8580856919288635,high,10.71,0.71,True
pubmedqa,high,medium,False,actual,Do cytokines have any role in epilepsy?,"Cytokines are small proteins that are important for cell signaling in the immune system. They help regulate inflammation and immune responses. While the context you provided does not directly mention epilepsy, research has shown that cytokines can play a role in various neurological conditions, including epilepsy.

In epilepsy, some studies suggest that certain cytokines may influence the development and severity of seizures. For example, inflammation in the brain can lead to changes in how neurons (the cells that send signals in the brain) function, which can trigger seizures.

So, to answer your question: Yes, cytokines can have a role in epilepsy by affecting inflammation and neuronal activity, but the specific details about their role would depend on further research and context.",We found increased post-ictal serum cytokine levels in patients with several epilepsy syndromes.,12.172307692307694,12.85,14.55,-0.6776923076923058,0.0592592592592592,553,,0.8421165347099304,medium,7.37,1.37,False
pubmedqa,high,clinical,False,actual,Does a well developed collateral circulation predispose to restenosis after percutaneous coronary intervention?,"Yes, well-developed collateral circulation can predispose to restenosis after percutaneous coronary intervention (PCI). While collateral vessels may provide some degree of myocardial perfusion in the presence of significant coronary artery disease, their presence can also lead to altered hemodynamics and increased shear stress at the site of the intervention. This can promote neointimal hyperplasia, a key mechanism underlying restenosis. Additionally, the presence of collateral circulation may indicate a more advanced stage of coronary artery disease, which is associated with a higher likelihood of restenosis following PCI. Therefore, while collateral circulation can be beneficial in terms of myocardial protection, it may also contribute to adverse outcomes such as restenosis.",A well developed collateral circulation does not predict an increased risk of restenosis after PCI.,11.500000000000004,17.75,18.03,-6.2499999999999964,0.1290322580645161,604,,0.8787403106689453,clinical,21.25,7.25,False
pubmedqa,high,high,True,actual,Does obstructive sleep apnea affect aerobic fitness?,"Yes, obstructive sleep apnea (OSA) does affect aerobic fitness. The context indicates that a study was conducted to evaluate whether patients with OSA exhibited an objective change in aerobic fitness, specifically measured by maximum oxygen consumption (VO2max) during cycle ergometry tests. The findings from this retrospective cohort analysis, which included 247 patients with OSA compared to a normal control group, suggest that individuals with OSA may experience a decline in aerobic fitness relative to those without the condition. This decline can be attributed to the intermittent hypoxia and sleep fragmentation characteristic of OSA, which can impair cardiovascular function and overall physical performance.","Overall, in a US Air Force population, OSA does not predict a decrease in aerobic fitness as measured by cycle ergometry. However, patients with an apnea-hypopnea index of greater than 20 have a statistically significant decrease in aerobic fitness compared to the normal population. This study demonstrates the effects of OSA on aerobic fitness. Further correlation of fitness testing results with OSA severity and treatment is needed.",12.957425373134331,18.19,19.03,-5.23257462686567,0.2705882352941177,432,,0.8803879022598267,high,12.43,1.57,True
pubmedqa,high,clinical,False,actual,Is cardiovascular evaluation necessary prior to and during beta-blocker therapy for infantile hemangiomas?,"Yes, cardiovascular evaluation is necessary prior to and during beta-blocker therapy for infantile hemangiomas. This is particularly important due to the potential for systemic effects associated with beta-blockers, such as bradycardia and hypotension. Monitoring cardiovascular status ensures that any adverse effects can be promptly identified and managed. Additionally, baseline assessments can help gauge the infant's response to therapy and facilitate adjustments as needed.",Pretreatment ECG is of limited value for patients with an unremarkable cardiovascular history and a normal heart rate and blood pressure. Hypotension may occur during treatment.,12.626153846153848,17.15,16.22,-4.523846153846151,0.1304347826086956,495,,0.8523452281951904,clinical,20.34,6.34,False
pubmedqa,high,high,True,actual,Volume change of uterine myomas during pregnancy: do myomas really grow?,"Uterine myomas, also known as fibroids, are benign tumors composed of smooth muscle and fibrous tissue that can vary in size and number. During pregnancy, hormonal changes, particularly increased levels of estrogen and progesterone, can influence the growth of these myomas. 

Research indicates that myomas may indeed grow during pregnancy, particularly in the first and second trimesters, due to the heightened levels of these hormones. However, the degree of growth can vary significantly among individuals. Some women may experience substantial enlargement of their myomas, while others may see little to no change. 

In some cases, myomas can also undergo degeneration or calcification, especially if they outgrow their blood supply, which can lead to complications such as pain or pressure symptoms. It is important for pregnant women with known myomas to be monitored closely, as the presence of large or multiple fibroids can influence labor and delivery, potentially complicating the process.

In summary, while uterine myomas can grow during pregnancy due to hormonal influences, the extent of growth is variable, and individual monitoring is essential to manage any associated risks.","Contrary to common belief, we found that uterine myomas commonly decrease in volume over the course of pregnancy.",12.407777777777778,14.96,15.58,-2.5522222222222233,0.0609137055837563,770,,0.8522352576255798,high,10.15,0.15,True
pubmedqa,high,high,True,actual,Does rural or urban residence make a difference to neonatal outcome in premature birth?,"Based on the context provided, the study investigates whether there is a difference in neonatal outcomes for very premature infants born to mothers residing in rural areas compared to those in urban areas in New South Wales (NSW) and the Australian Capital Territory (ACT). The hypothesis suggests that rural residents may face disadvantages in accessing tertiary health care, which could potentially lead to poorer outcomes for premature infants.

Therefore, the answer to the question ""Does rural or urban residence make a difference to neonatal outcome in premature birth?"" is likely **yes**, as the context implies that the disparities in access to healthcare services between rural and urban settings could influence neonatal outcomes.",Premature births from rural mothers have a higher risk of stillbirth and mortality in neonatal intensive care than urban infants.,13.450000000000005,16.93,17.69,-3.479999999999995,0.0909090909090909,429,,0.8639293313026428,high,11.78,1.78,True
pubmedqa,high,medium,False,actual,MR arthrography of the shoulder: do we need local anesthesia?,"MR arthrography is a special type of MRI (Magnetic Resonance Imaging) that helps doctors look at the shoulder joint in detail. During this procedure, a contrast dye is injected into the shoulder joint to make the images clearer. 

Whether or not local anesthesia is needed depends on the patient's comfort level and the doctor's preference. Local anesthesia numbs the area where the injection will be given, which can help reduce pain or discomfort during the procedure. 

In many cases, local anesthesia is used for MR arthrography to make the experience more comfortable for the patient. However, some patients may not need it if they can tolerate the injection without much discomfort. 

So, in summary, local anesthesia is often used during MR arthrography of the shoulder to help with pain management, but it is not always necessary. It’s best to discuss this with the healthcare provider performing the procedure.","Local anesthesia is not required to lower a patient's pain intensity when applying intra-articular contrast media for MR arthrography of the shoulder. This could result in reduced costs and a reduced risk of adverse reactions, without an impact on patient comfort.",13.990365853658538,11.72,14.19,2.2703658536585376,0.134020618556701,714,,0.8631280064582825,medium,9.55,0.45,False
pubmedqa,high,medium,False,actual,SPECT study with I-123-Ioflupane (DaTSCAN) in patients with essential tremor. Is there any correlation with Parkinson's disease?,"The answer to the question about the SPECT study with I-123-Ioflupane (DaTSCAN) in patients with essential tremor and its correlation with Parkinson's disease is **A: yes**. 

To explain further, a SPECT study is a type of imaging test that helps doctors see how blood flows to the brain and can show how well certain brain areas are working. I-123-Ioflupane (DaTSCAN) is a specific type of radioactive substance used in this test to look at dopamine transporters in the brain. Dopamine is a chemical that helps control movement, and its loss is a key feature in Parkinson's disease.

Essential tremor is a condition that causes shaking, but it is different from Parkinson's disease. However, studies have shown that there can be some overlap in symptoms and brain changes between the two conditions. Therefore, the SPECT study can help doctors understand if a patient with essential tremor may also have signs of Parkinson's disease.","Our results do not support the hypothesis of a link between essential tremor and Parkinson's disease. However, it appears that ET patients have a small degree of striatal dopaminergic degeneration. If this is due to alterations in the nigrostriatl pathway or of other origin it is not clear. Follow-up studies of essential tremor patients are warranted to assess progression of disease and to understand better the possible cause for striatal dopaminergic degeneration.",13.063333333333333,11.04,13.26,2.0233333333333334,0.1794871794871795,723,,0.8398042917251587,medium,8.55,1.45,False
pubmedqa,high,high,True,actual,Does combining antiretroviral agents in a single dosage form enhance quality of life of HIV/AIDS patients?,"Combining antiretroviral agents in a single dosage form can significantly enhance the quality of life for patients living with HIV/AIDS. This approach, often referred to as fixed-dose combination therapy, offers several advantages:

1. **Adherence Improvement**: Simplifying the treatment regimen by combining multiple antiretroviral agents into a single pill can improve adherence to the medication schedule. Patients are more likely to take their medications consistently when they have fewer pills to manage, which is crucial for maintaining viral suppression and preventing drug resistance.

2. **Reduced Pill Burden**: Many patients with HIV/AIDS face the challenge of polypharmacy, which can lead to confusion and non-adherence. A single dosage form reduces the number of pills taken daily, making it easier for patients to incorporate their medication into their daily routines.

3. **Enhanced Efficacy**: Fixed-dose combinations often include drugs with complementary mechanisms of action, which can lead to more effective viral suppression. This is particularly important in cases where patients may have experienced treatment failure with previous regimens, as seen in the context of the 37-year-old woman whose CD4 count decreased and viral load increased despite ongoing treatment.

4. **Improved Tolerability**: Combining medications can also lead to a more favorable side effect profile. When drugs are combined, it may be possible to use lower doses of each agent, potentially reducing the incidence and severity of adverse effects.

5. **Streamlined Monitoring**: With a simplified regimen, healthcare providers","Although the cost-effectiveness of a single-pill strategy was within the acceptable willingness-to-pay threshold, the QALY difference were minimal. Further research is recommended to explore the long-term impact of the strategy.",13.860000000000005,14.82,15.79,-0.9599999999999956,0.0879120879120879,753,,0.8176348209381104,high,11.3,1.3,True
pubmedqa,high,high,True,actual,Preoperative platelet count in esophageal squamous cell carcinoma: is it a prognostic factor?,"The preoperative platelet count in esophageal squamous cell carcinoma (ESCC) has been studied as a potential prognostic factor, although its significance can vary based on the context of the disease and the overall clinical picture. Elevated platelet counts, or thrombocytosis, have been associated with poorer outcomes in various malignancies, including ESCC. This may be attributed to the role of platelets in tumor progression, angiogenesis, and metastasis.

Conversely, low platelet counts (thrombocytopenia) can also indicate advanced disease, bone marrow involvement, or the effects of systemic therapies, which may negatively impact prognosis. However, the prognostic value of platelet count alone is not universally accepted and should be interpreted in conjunction with other clinical parameters such as tumor stage, lymph node involvement, and overall patient health.

In summary, while preoperative platelet count may provide some insights into prognosis in esophageal squamous cell carcinoma, it should not be relied upon as a standalone prognostic factor. A comprehensive evaluation that includes multiple clinical and pathological factors is essential for accurate prognostication and treatment planning.","Preoperative platelet count is a predictive factor for long-term survival in ESCC, especially in nodal-positive patients. We conclude that 205 ( 10(9)/L) may be the optimum cutoff point for platelet count in predicting survival in ESCC patients.",12.735555555555557,17.43,18.09,-4.694444444444443,0.1339712918660287,561,,0.8483914136886597,high,12.17,1.83,True
pubmedqa,high,clinical,False,actual,Is non-HDL-cholesterol a better predictor of long-term outcome in patients after acute myocardial infarction compared to LDL-cholesterol?,"Non-HDL cholesterol is increasingly recognized as a more comprehensive predictor of cardiovascular risk compared to LDL cholesterol, particularly in the context of acute myocardial infarction (AMI). While LDL cholesterol has traditionally been the primary target for lipid-lowering therapy, non-HDL cholesterol encompasses all atherogenic lipoproteins, including very-low-density lipoprotein (VLDL) and intermediate-density lipoprotein (IDL), which may contribute to cardiovascular events.

In patients post-AMI, elevated non-HDL cholesterol levels have been associated with worse long-term outcomes, including recurrent myocardial infarction and overall mortality. This is due to its reflection of the total burden of atherogenic particles, which can provide a better assessment of a patient's lipid-related risk profile.

Furthermore, studies have shown that non-HDL cholesterol levels correlate more closely with inflammatory markers and other risk factors associated with atherosclerosis, making it a potentially superior prognostic marker in this population. Therefore, in the context of long-term outcomes after acute myocardial infarction, non-HDL cholesterol may indeed serve as a better predictor compared to LDL cholesterol alone. 

In summary, while both lipid parameters are important, non-HDL cholesterol offers a broader insight into cardiovascular risk and may be a more reliable prognostic indicator in patients following an acute myocardial infarction.","Non-attaining non-HDL-C goal predicted MACE at long-term follow-up after AMI whereas non-attaining LDL-C goal was not associated with the higher risk. Therefore, non-HDL-C may be a more suitable target of dyslipidemia treatment than LDL-C in patients after AMI.",12.625263157894736,21.6,20.27,-8.974736842105266,0.1411764705882353,728,,0.8464369773864746,clinical,18.11,4.11,False
pubmedqa,high,clinical,False,actual,Does SYNTAX score predict in-hospital outcomes in patients with ST elevation myocardial infarction undergoing primary percutaneous coronary intervention?,"A: yes

The SYNTAX score has been shown to predict in-hospital outcomes in patients with ST elevation myocardial infarction (STEMI) undergoing primary percutaneous coronary intervention (PCI). Higher SYNTAX scores correlate with increased risk of adverse events, including mortality and major complications, thereby serving as a valuable prognostic tool in this patient population.",SxS is a useful tool that can predict in-hospital outcomes of patients with STEMI undergoing pPCI.,11.3,19.51,19.29,-8.21,0.2571428571428572,518,,0.8734884262084961,clinical,23.55,9.55,False
pubmedqa,high,low,False,actual,Storage of vaccines in the community: weak link in the cold chain?,"Yes, the storage of vaccines in the community can be a weak link in the cold chain. The cold chain is a way to keep vaccines at the right temperature so they stay safe and work well. If vaccines are not stored properly, they can lose their strength and not protect people. This is important for keeping everyone healthy, especially young children.","Vaccines were exposed to temperatures that may reduce their potency. Safe storage of vaccines in the clinics cannot be ensured without adhering to the recommended guidelines. Provision of adequate equipment and training for staff in maintaining the ""cold chain"" and the use and care of equipment are important components of a successful immunisation programme.",12.18925925925926,6.44,10.13,5.749259259259259,0.2413793103448275,344,,0.8735554814338684,low,5.81,0.19,False
pubmedqa,high,clinical,False,actual,Does age moderate the effect of personality disorder on coping style in psychiatric inpatients?,"The question regarding whether age moderates the effect of personality disorder on coping style in psychiatric inpatients is not directly addressed by the clinical scenarios provided. However, we can infer some relevant considerations based on existing literature in psychiatric research.

Personality disorders can significantly influence coping mechanisms, as individuals with certain personality traits may exhibit maladaptive coping styles. Age may play a moderating role in this relationship, as developmental factors and life experiences can impact both personality traits and coping strategies. For instance, younger individuals may demonstrate more impulsive or maladaptive coping strategies due to less life experience, while older individuals may have developed more adaptive coping mechanisms over time.

In psychiatric inpatients, the interplay between age and personality disorder could manifest in various ways. Older patients may have a greater capacity for emotional regulation and problem-solving skills, potentially leading to more effective coping strategies. Conversely, younger patients with personality disorders may struggle more with stress and exhibit less effective coping due to their developmental stage.

In conclusion, while the provided clinical contexts do not specifically address the moderating effect of age on coping styles in patients with personality disorders, existing literature suggests that age could indeed moderate this relationship, with older individuals potentially exhibiting more adaptive coping strategies compared to younger individuals with similar personality disorders. Further empirical research would be necessary to elucidate the specifics of this interaction.",This study found that influences on coping were multifactorial and moderated by age. These factors have implications for interventions designed to enhance coping strategies.,13.181666666666665,19.29,19.88,-6.108333333333334,0.0784313725490196,728,,0.8399032354354858,clinical,14.31,0.31,False
pubmedqa,high,medium,False,actual,Convulsions and retinal haemorrhage: should we look further?,"Based on the context provided, convulsions (which are seizures) and retinal hemorrhage (bleeding in the eye) can be serious symptoms that may indicate an underlying health issue. While the information given does not directly address these specific symptoms, it's important to consider what they could mean.

1. **Convulsions**: These can happen for various reasons, including brain injuries, infections, or tumors. In the case of a brain tumor, like the one mentioned in the context of the 54-year-old female, it could lead to seizures if the tumor is affecting certain areas of the brain.

2. **Retinal Hemorrhage**: This refers to bleeding in the retina, which can occur due to various conditions, including high blood pressure, diabetes, or trauma. In some cases, it can also be associated with neurological issues.

Given these symptoms, it would be wise to look further into the patient's condition. This could involve:

- **Imaging tests**: Such as a CT scan or MRI to check for any brain abnormalities or tumors.
- **Blood tests**: To look for underlying conditions that may cause seizures or bleeding.
- **Neurological examination**: To assess brain function and determine if there are any other symptoms that need attention.

In summary, yes, convulsions and retinal hemorrhage are concerning symptoms, and further investigation is recommended to understand their cause and ensure appropriate treatment.","Retinal haemorrhages following a convulsive episode are rare. Such a finding should trigger an extensive search for other reasons, including child abuse.",10.690909090909091,12.34,14.81,-1.6490909090909085,0.0497925311203319,773,,0.8333243131637573,medium,9.66,0.34,False
pubmedqa,high,clinical,False,actual,Can distal ureteral diameter predict reflux resolution after endoscopic injection?,"The question regarding whether distal ureteral diameter can predict reflux resolution after endoscopic injection pertains to the assessment of vesicoureteral reflux (VUR) and its management. While the provided contexts do not directly address this specific inquiry, existing literature suggests that distal ureteral diameter may have some correlation with reflux resolution outcomes post-endoscopic injection of bulking agents.

In general, a larger distal ureteral diameter may indicate a more significant anatomical abnormality or a higher likelihood of persistent reflux, while a normal or smaller diameter may suggest a better chance of resolution following intervention. However, the relationship is not strictly predictive, as other factors such as the degree of reflux, bladder compliance, and the presence of any associated anomalies also play critical roles in determining the success of endoscopic treatment.

To summarize, while distal ureteral diameter may provide some insight into the likelihood of reflux resolution after endoscopic injection, it should not be used in isolation as a predictive measure. A comprehensive assessment considering multiple anatomical and functional parameters is essential for accurately predicting outcomes in patients undergoing this procedure.",UDR provides an objective measurement of VUR and appears as a predictive tool of success after endoscopic injection.,13.063333333333333,21.24,21.19,-8.176666666666666,0.1015228426395939,762,,0.8424691557884216,clinical,18.99,4.99,False
pubmedqa,clinical,clinical,True,actual,Pharmacologic regimens for knee osteoarthritis prevention: can they be cost-effective?,"The context provided does not directly address pharmacologic regimens for knee osteoarthritis prevention or their cost-effectiveness. However, based on existing clinical knowledge, the cost-effectiveness of pharmacologic interventions for knee osteoarthritis can be influenced by several factors, including the efficacy of the medications, the severity of the disease, patient adherence to treatment, and overall healthcare costs associated with managing osteoarthritis complications.

Common pharmacologic options for knee osteoarthritis include non-steroidal anti-inflammatory drugs (NSAIDs), acetaminophen, topical analgesics, and intra-articular corticosteroid injections. The cost-effectiveness of these treatments can be evaluated through health economic analyses that consider the quality-adjusted life years (QALYs) gained versus the costs incurred.

In general, while some pharmacologic regimens may demonstrate efficacy in symptom relief and functional improvement, their cost-effectiveness can vary widely based on individual patient factors, the specific treatment regimen, and the healthcare system in question. Therefore, a thorough economic evaluation is necessary to determine the cost-effectiveness of pharmacologic regimens for knee osteoarthritis prevention in a specific population. 

In summary, while pharmacologic regimens for knee osteoarthritis can be effective, their cost-effectiveness is contingent upon various clinical and economic factors that require careful analysis.",The cost-effectiveness of DMOADs for OA prevention for persons at high risk for incident OA may be comparable to other accepted preventive therapies.,14.927826086956523,22.88,21.83,-7.952173913043476,0.0825688073394495,675,,0.8356755375862122,clinical,18.99,4.99,True
pubmedqa,clinical,clinical,True,actual,Does high-dose radiotherapy benefit palliative lung cancer patients?,"Yes, high-dose radiotherapy can benefit palliative lung cancer patients. In palliative care settings, high-dose radiotherapy is often utilized to alleviate symptoms such as pain, dyspnea, and hemoptysis associated with lung cancer. This approach can provide significant symptomatic relief and improve the quality of life for patients with advanced disease. Additionally, studies have shown that high-dose radiotherapy can be effective in controlling local tumor growth, which may further contribute to symptom management. However, treatment plans should be individualized based on the patient's overall health status, performance status, and specific symptomatology.","The palliative treatment concept of 25 Gy applied in 5 fractions is sufficient for radiation of lung cancer, given that there was no obvious survival improvement in patients treated with the higher total dose regimen.",18.625714285714285,15.88,15.9,2.745714285714284,0.1406249999999999,351,,0.8528556227684021,clinical,17.03,3.03,True
pubmedqa,clinical,clinical,True,actual,Does normothermic normokalemic simultaneous antegrade/retrograde perfusion improve myocardial oxygenation and energy metabolism for hypertrophied hearts?,"The context provided indicates that normothermic normokalemic simultaneous antegrade/retrograde perfusion (NNSP) is being investigated for its potential benefits in improving myocardial oxygenation and energy metabolism specifically for hypertrophied hearts during beating-heart valve surgery. While the technique appears promising in enhancing myocardial perfusion, the definitive effects of NNSP on myocardial oxygenation and energy metabolism remain unclear as per the study referenced. Therefore, without conclusive evidence from the study, it cannot be definitively stated that NNSP improves myocardial oxygenation and energy metabolism for hypertrophied hearts. Further research is necessary to elucidate these effects.","Normothermic normokalemic simultaneous antegrade/retrograde perfusion did not improve, but slightly impaired myocardial oxygenation and energy metabolism of beating hypertrophied hearts relative to NNAP. Therefore, NNSP for protection of beating hypertrophied hearts during valve surgery should be used with extra caution.",17.285,20.9,20.74,-3.6149999999999984,0.2835820895522388,580,,0.902941644191742,clinical,24.09,10.09,True
pubmedqa,clinical,high,False,actual,Is serum total bilirubin useful to differentiate cardioembolic stroke from other stroke subtypes?,"Serum total bilirubin levels are not typically utilized as a diagnostic tool to differentiate between cardioembolic stroke and other stroke subtypes. While bilirubin is a byproduct of hemoglobin breakdown and can indicate liver function or hemolysis, its levels do not provide specific information regarding the etiology of a stroke.

Cardioembolic strokes are caused by emboli originating from the heart, often due to conditions such as atrial fibrillation or myocardial infarction, leading to occlusion of cerebral arteries. In contrast, other stroke subtypes, such as ischemic strokes due to atherosclerosis or hemorrhagic strokes, have different underlying mechanisms and risk factors.

Diagnostic differentiation between stroke subtypes is primarily achieved through neuroimaging techniques, such as CT or MRI, which can visualize the presence of ischemia or hemorrhage, and through clinical assessment of risk factors and symptoms. Therefore, while bilirubin levels may provide some information about a patient’s overall health or liver function, they do not serve as a reliable marker for distinguishing between cardioembolic and other stroke types.",Serum TB level was independently associated with cardioembolic stroke. The combination of clinical data and serum TB may be a feasible strategy to diagnose cardioembolic stroke in the acute phase.,14.646666666666672,17.81,18.06,-3.163333333333327,0.123076923076923,679,,0.8421890139579773,high,13.08,0.92,False
pubmedqa,clinical,high,False,actual,Do somatic complaints predict subsequent symptoms of depression?,"The context provided does not directly address the relationship between somatic complaints and subsequent symptoms of depression. However, existing literature in psychosomatic medicine suggests that somatic complaints can indeed predict the onset or exacerbation of depressive symptoms. 

Somatic complaints, which refer to physical symptoms that may not have a clear medical cause, can be indicative of underlying psychological distress. Research has shown that individuals presenting with unexplained physical symptoms are at a higher risk for developing mood disorders, including depression. This relationship may be due to several factors, including the stress of dealing with chronic pain or illness, the impact of physical symptoms on daily functioning, and the potential for these complaints to lead to feelings of helplessness or hopelessness.

In summary, while the provided context does not explicitly address this question, there is substantial evidence in the literature to support the notion that somatic complaints can serve as predictors for subsequent symptoms of depression.","Our findings suggest that somatic complaints may represent one, but not necessarily the most important, risk factor for the subsequent development of depressive symptoms in women in nonclinical populations. The results also highlight the importance of including social variables in studies on women's depression as well as conducting additional research to further examine predictors of depressive symptoms in men.",19.515000000000004,17.02,18.77,2.4950000000000045,0.1767441860465116,505,,0.8570612072944641,high,12.61,1.39,False
pubmedqa,clinical,high,False,actual,Are physician estimates of asthma severity less accurate in black than in white patients?,"The question of whether physician estimates of asthma severity are less accurate in Black patients compared to White patients is an important one, particularly in the context of health disparities. The provided context suggests that racial differences in asthma care cannot be fully attributed to socioeconomic factors, access to care, or insurance status. This indicates that there may be inherent biases or inaccuracies in how physicians assess asthma severity based on the patient's racial background.

While the context does not provide direct evidence or data to conclusively answer the question, it does imply a hypothesis that physician underestimation of asthma severity may be more prevalent in Black patients than in White patients. This underestimation could lead to inadequate treatment and management of asthma, contributing to disparities in health outcomes.

In summary, while the context raises the possibility of less accurate physician estimates of asthma severity in Black patients compared to White patients, it does not provide definitive evidence. Further research would be necessary to explore this hypothesis and understand the underlying factors contributing to any observed differences in assessment accuracy.",Biased estimates of asthma severity may contribute to racially disparate asthma care. Interventions to improve physicians' assessments of asthma severity and patient-physician communication may minimize racial disparities in asthma care.,17.793333333333333,17.65,17.77,0.1433333333333344,0.1792452830188679,724,,0.87283855676651,high,10.94,0.94,False
pubmedqa,clinical,clinical,True,actual,Are lower fasting plasma glucose levels at diagnosis of type 2 diabetes associated with improved outcomes?,"Lower fasting plasma glucose levels at the time of diagnosis of type 2 diabetes are generally associated with improved outcomes. This correlation can be attributed to several factors:

1. **Metabolic Memory**: Patients diagnosed with lower fasting plasma glucose levels may have a less advanced form of the disease, which can lead to better long-term glycemic control and a reduced risk of microvascular and macrovascular complications.

2. **Insulin Sensitivity**: Lower fasting glucose levels often indicate better insulin sensitivity at diagnosis. This can facilitate more effective management of blood glucose levels through lifestyle modifications and pharmacotherapy, potentially leading to better overall metabolic health.

3. **Reduced Risk of Complications**: Early intervention in patients with lower fasting glucose levels can prevent the progression of the disease and reduce the risk of complications such as neuropathy, nephropathy, and retinopathy.

4. **Treatment Response**: Patients with lower fasting plasma glucose levels may respond better to first-line therapies, such as metformin, which can further improve glycemic control and reduce the risk of progression to insulin dependence.

In summary, lower fasting plasma glucose levels at diagnosis of type 2 diabetes are associated with a more favorable prognosis and improved clinical outcomes, emphasizing the importance of early detection and management of the disease.","People presenting with type 2 diabetes with lower initial glycemia who may be earlier in the course of their disease had fewer adverse clinical outcomes despite similar glycemic progression. Since most such people are asymptomatic at diagnosis, active case detection programs would be required to identify them.",15.6686170212766,17.56,17.12,-1.891382978723399,0.119047619047619,698,,0.8369084000587463,clinical,14.99,0.99,True
pubmedqa,clinical,clinical,True,actual,The HELPP syndrome--evidence of a possible systemic inflammatory response in pre-eclampsia?,"HELLP syndrome, which stands for Hemolysis, Elevated Liver enzymes, and Low Platelets, is a severe complication associated with pre-eclampsia and eclampsia. It is characterized by a systemic inflammatory response that can lead to significant maternal and fetal morbidity and mortality.

In the context of pre-eclampsia, the systemic inflammatory response is evidenced by the following clinical and laboratory findings:

1. **Hemolysis**: This is indicated by elevated levels of lactate dehydrogenase (LDH) and the presence of schistocytes on peripheral blood smear. Hemolysis contributes to the inflammatory milieu and can lead to organ dysfunction.

2. **Elevated Liver Enzymes**: The elevation of liver enzymes (AST and ALT) is indicative of hepatic involvement and can reflect hepatic ischemia or microvascular damage due to the inflammatory process.

3. **Low Platelet Count**: Thrombocytopenia is a hallmark of HELLP syndrome and can be attributed to increased platelet consumption due to the inflammatory response and microangiopathic hemolysis.

The presence of these findings suggests a dysregulated immune response and endothelial dysfunction, which are central to the pathophysiology of pre-eclampsia and HELLP syndrome. Therefore, the evidence of a systemic inflammatory response in pre-eclampsia can be inferred from the clinical manifestations and laboratory abnormalities associated with HELLP syndrome. 

In summary, HELLP syndrome serves as a critical indicator of the systemic inflammatory response","We found an important renal damage, low platelets, elevated liver enzymes in women with two or more pregnancies. Then we propose there are similarities between HELLP syndrome and Systemic Inflammatory Response Syndrome (SIRS) because they could have the same pathophysiology.",14.040000000000004,16.48,17.01,-2.439999999999996,0.1102362204724409,754,,0.8286852836608887,clinical,14.45,0.45,True
pubmedqa,clinical,medium,False,actual,Stage I non-small cell lung carcinoma: really an early stage?,"Stage I non-small cell lung carcinoma (NSCLC) is considered an early stage of lung cancer. In this stage, the cancer is usually confined to the lungs and has not spread to nearby lymph nodes or other parts of the body. 

In Stage I, the tumor is typically small, and the chances of successful treatment, such as surgery or radiation, are higher compared to later stages. This is because the cancer has not advanced significantly, making it easier to remove or treat effectively. 

So, yes, Stage I non-small cell lung carcinoma is really considered an early stage of lung cancer, which is important for determining the best treatment options and improving the chances of recovery.","Despite advances in early diagnosis and surgical technique, 5-year survival of stage I non-small cell lung carcinoma remains low as compared to survival of other solid organ neoplasm. Tumour size<or=3cm, adenocarcinoma histologic type and negative bronchial resection margins were associated with a more favourable outcome in our patient population. More effective multimodality treatments are needed to increase survival rates.",16.880000000000006,12.24,13.97,4.640000000000006,0.1452513966480446,557,,0.8467711806297302,medium,8.37,1.63,False
pubmedqa,clinical,clinical,True,actual,Can bedside assessment reliably exclude aspiration following acute stroke?,"Bedside assessment cannot reliably exclude aspiration following acute stroke. While bedside swallowing assessments, conducted by trained professionals such as doctors and speech-language therapists, can provide valuable initial information regarding a patient's swallowing ability, they are not definitive. The study context indicates that these assessments were performed on patients admitted within 24 hours of stroke onset, but aspiration may still occur even if the bedside assessment appears normal. 

To accurately diagnose aspiration, a more sensitive and specific evaluation, such as videofluoroscopy, is necessary. This imaging technique allows for direct visualization of swallowing mechanics and can identify aspiration that may not be detectable through bedside assessment alone. Therefore, while bedside assessments can be useful for initial screening, they should not be solely relied upon to exclude the risk of aspiration in patients post-stroke.","Bedside assessment of swallowing lacks the necessary sensitivity to be used as a screening instrument in acute stroke, but there are concerns about the use of videofluoroscopy as a gold standard. The relative importance of aspiration and bedside assessment in predicting complications and outcome needs to be studied.",15.157500000000002,16.89,17.88,-1.7324999999999982,0.1538461538461538,610,,0.8728265166282654,clinical,16.76,2.76,True
pubmedqa,clinical,clinical,True,actual,Are even impaired fasting blood glucose levels preoperatively associated with increased mortality after CABG surgery?,"Yes, impaired fasting blood glucose (IFG) levels preoperatively are associated with increased mortality after coronary artery bypass grafting (CABG) surgery. The evidence indicates that IFG, even below the diagnostic threshold for diabetes mellitus, correlates with macrovascular complications and heightened mortality risk following surgical interventions such as CABG. This association underscores the importance of assessing and managing glycemic levels in patients undergoing cardiac surgery to potentially improve postoperative outcomes.",The elevated risk of death after CABG surgery known previously to be associated with CDM seems also to be shared by a group of similar size that includes patients with IFG and undiagnosed DM.,16.75823529411765,21.01,20.89,-4.251764705882351,0.1176470588235294,592,,0.8533431887626648,clinical,18.58,4.58,True
pubmedqa,clinical,high,False,actual,Does the clinical presentation of a prior preterm birth predict risk in a subsequent pregnancy?,"The clinical presentation of a prior preterm birth is indeed a significant predictor of risk in subsequent pregnancies. Women who have experienced a preterm birth are at an increased risk of having another preterm birth in future pregnancies. This risk is multifactorial and can be influenced by various factors, including maternal health, obstetric history, and underlying medical conditions.

Research indicates that the recurrence risk of preterm birth can be as high as 30-50% in women with a history of one or more previous preterm deliveries. Factors such as the gestational age at which the previous preterm birth occurred, the presence of cervical insufficiency, and maternal lifestyle factors (such as smoking or inadequate prenatal care) can further modify this risk.

In clinical practice, the history of preterm birth is often taken into account when developing a management plan for subsequent pregnancies. This may include closer monitoring, lifestyle modifications, and potentially the use of interventions such as progesterone supplementation or cervical cerclage in high-risk cases.

In summary, a prior preterm birth is a strong predictor of increased risk for subsequent preterm births, necessitating careful consideration and management in future pregnancies.",Patients with a history of ACD are at an increased risk of having recurrent preterm birth and cervical shortening in a subsequent pregnancy compared with women with prior preterm birth associated PPROM or PTL.,17.799411764705884,15.98,17.69,1.8194117647058832,0.1785714285714285,695,,0.8632323145866394,high,11.5,1.5,False
pubmedqa,clinical,high,False,actual,Treadmill training post stroke: are there any secondary benefits?,"Treadmill training post-stroke can offer several secondary benefits beyond mere cardiovascular fitness. While the context provided does not directly address post-stroke rehabilitation, we can extrapolate from established literature on the subject.

1. **Improved Gait and Mobility**: Treadmill training can enhance walking speed and efficiency in stroke survivors. The repetitive nature of treadmill exercise allows for the practice of gait mechanics, which can help in retraining the brain and body to improve ambulation.

2. **Muscle Strength and Endurance**: Regular treadmill training can lead to increased muscle strength, particularly in the lower extremities. This is crucial for stroke survivors who may experience muscle weakness or spasticity.

3. **Neurological Recovery**: Engaging in treadmill training may promote neuroplasticity, which is the brain's ability to reorganize itself by forming new neural connections. This can be particularly beneficial in recovering motor function after a stroke.

4. **Cardiovascular Health**: Treadmill training can improve cardiovascular fitness, which is often compromised after a stroke. Enhanced cardiovascular health can lead to better overall physical performance and reduced risk of future cardiovascular events.

5. **Psychological Benefits**: Exercise, including treadmill training, has been associated with improved mood and reduced symptoms of depression and anxiety, which can be prevalent in stroke survivors.

6. **Balance and Coordination**: Treadmill training can also help improve balance and coordination, which are often affected following a stroke. This can contribute to greater","A task-specific intervention designed to improve gait speed may potentially provide secondary benefits by positively impacting depression, mobility and social participation for people post stroke.",21.063999999999997,14.84,14.99,6.223999999999997,0.0632411067193676,750,,0.8412203192710876,high,10.21,0.21,False
pubmedqa,clinical,clinical,True,actual,Are wandering and physically nonaggressive agitation equivalent?,"Wandering and physically nonaggressive agitation (PNA) are not equivalent concepts. The study referenced in the context indicates that the authors examined the equivalence of these two behaviors in individuals with dementia. While both behaviors may manifest in similar settings, they represent distinct clinical phenomena. Wandering typically refers to aimless or purposeless movement, often seen in individuals with cognitive impairments, whereas PNA encompasses a broader range of behaviors that may include restlessness or fidgeting without physical aggression. The study utilized a cross-sectional correlational design to analyze these behaviors in a population of ambulatory residents diagnosed with dementia, suggesting that further investigation is necessary to delineate the characteristics and underlying mechanisms of each behavior.","Findings depict wandering and PNA as overlapping, but nonequivalent phenomena. Evidence supporting construct validity of wandering was more robust than that for PNA. Results have implications for accuracy in scientific and clinical detection and labeling of wandering and agitation.",14.592820512820516,19.59,20.83,-4.9971794871794835,0.1184210526315789,478,,0.8470177054405212,clinical,20.85,6.85,True
pubmedqa,clinical,clinical,True,actual,Are there mental health differences between francophone and non-francophone populations in manitoba?,"Yes, there are mental health differences between Francophone and non-Francophone populations in Manitoba. The study indicates that Francophones may experience poorer mental health outcomes due to several factors, including social status, cultural differences in lifestyle and attitudes, and significant language barriers that can impede access to healthcare services. These barriers may lead to disparities in the utilization of mental health resources and overall health outcomes. The comparison of mental health indicators between these two populations highlights the need for targeted interventions that address these disparities and improve mental health support for Francophone individuals in Manitoba.",The discrepancy in how Francophones view their mental health and their rates of diagnosed mental disorders may be related to health seeking behaviours in the Francophone population. Community and government agencies should try to improve the mental health of this population through mental health promotion and by addressing language and cultural barriers to health services.,16.589545454545455,17.89,18.51,-1.3004545454545458,0.2251655629139072,571,,0.8913161754608154,clinical,16.62,2.62,True
pubmedqa,clinical,clinical,True,actual,Inpatient versus outpatient management of neutropenic fever in gynecologic oncology patients: is risk stratification useful?,"In the context of managing neutropenic fever in gynecologic oncology patients, risk stratification is indeed a useful tool. The decision to manage patients as inpatients or outpatients hinges on several clinical factors, including the severity of neutropenia, the presence of comorbidities, and the clinical status of the patient at presentation.

Patients with a neutrophil count of less than 500 cells/mm³ and those who exhibit signs of sepsis, hemodynamic instability, or significant comorbidities typically warrant inpatient management due to the higher risk of complications and the need for close monitoring and aggressive intravenous antibiotic therapy. Conversely, patients who are afebrile, have a stable clinical status, and possess a neutrophil count above 500 cells/mm³ may be suitable for outpatient management, especially if they can be closely monitored and have access to prompt medical care if their condition deteriorates.

Utilizing risk stratification tools, such as the Multinational Association for Supportive Care in Cancer (MASCC) score, can aid in identifying low-risk patients who may be safely managed as outpatients. This approach not only optimizes resource utilization but also minimizes the psychological and physical burden of hospitalization on patients.

In summary, risk stratification is crucial in determining the appropriate management pathway for neutropenic fever in gynecologic oncology patients, facilitating tailored treatment that aligns with the patient's clinical risk profile.","Based on this pilot data, MASCC score appears promising in determining suitability for outpatient management of NF in gynecologic oncology patients. Prospective study is ongoing to confirm safety and determine impact on cost.",14.802575757575756,20.04,19.85,-5.237424242424243,0.0796812749003984,715,,0.8381153345108032,clinical,19.37,5.37,True
pubmedqa,clinical,high,False,actual,Has the use of complementary and alternative medicine therapies by U.S. adults with chronic disease-related functional limitations changed from 2002 to 2007?,"The use of complementary and alternative medicine (CAM) therapies by U.S. adults with chronic disease-related functional limitations has indeed changed from 2002 to 2007. According to data from various health surveys and studies conducted during this period, there was a notable increase in the utilization of CAM therapies among this population. 

Several factors contributed to this trend. Increased awareness and acceptance of CAM therapies, along with a growing body of research supporting their efficacy for certain conditions, may have encouraged individuals with chronic diseases to explore these options. Additionally, the rise of the internet and social media facilitated access to information about alternative treatments, leading to greater patient empowerment and decision-making regarding their health care.

Specifically, studies indicated that individuals with chronic conditions such as arthritis, back pain, and other functional limitations were more likely to incorporate CAM therapies, including acupuncture, herbal supplements, and mind-body practices like yoga and meditation, into their treatment regimens. 

In summary, from 2002 to 2007, there was an observable increase in the use of complementary and alternative medicine therapies among U.S. adults with chronic disease-related functional limitations, reflecting broader trends in health care seeking behavior and the integration of holistic approaches to health management.","Among U.S. adults with chronic disease-related functional limitations, the overall increase in CAM use from 2002 to 2007 was significant, particularly among those with changing and maintaining body position limitations.",20.103333333333335,16.93,18.36,3.1733333333333356,0.1687763713080168,803,,0.8722440004348755,high,11.23,1.23,False
pubmedqa,clinical,clinical,True,actual,Sub-classification of low-grade cerebellar astrocytoma: is it clinically meaningful?,"A: Yes.

The sub-classification of low-grade cerebellar astrocytoma is clinically meaningful as it provides prognostic information that can influence treatment decisions and patient management. The study aimed to identify prognostic factors for survival in children with cerebellar astrocytoma and evaluated the reproducibility and prognostic value of histological sub-classification and grading. This indicates that understanding the histological characteristics of these tumors can have significant implications for patient outcomes.","Discordant observations due to interobserver variability make histological sub-classification of low-grade cerebellar astrocytomas in children insufficient for predicting prognosis and biological behaviour. Similar survival rates in a population of paediatric low-grade cerebellar astrocytomas of grades I and II indicate that tumour grade has no prognostic significance within this group of patients. ""Surgically gross-total removal"", especially if the tumour is located in the fourth ventricle is o",18.675401234567904,20.42,19.95,-1.744598765432098,0.2420382165605095,493,,0.8795731067657471,clinical,20.7,6.7,True
pubmedqa,clinical,clinical,True,actual,Does limb-salvage surgery offer patients better quality of life and functional capacity than amputation?,"Limb-salvage surgery has been shown to offer certain advantages over amputation in terms of quality of life and functional capacity, particularly for patients with aggressive lower extremity musculoskeletal tumors. While both treatment options can be effective, the subjective and objective benefits of limb-salvage surgery compared to above-knee amputation are not fully elucidated in the literature. 

Patients who undergo limb-salvage procedures often report improved functional outcomes, including better mobility and the ability to perform daily activities, which can contribute to an enhanced quality of life. However, the decision between limb-salvage surgery and amputation must be individualized, taking into account tumor characteristics, patient health status, and personal preferences. 

In summary, while limb-salvage surgery may provide better quality of life and functional capacity for some patients, the overall benefits can vary, and further comparative studies are necessary to establish definitive conclusions.","These data suggest that limb-salvage surgery offers better gait efficiency and return to normal living compared with above-knee amputation, but does not improve the patient's perception of quality of life.",17.350000000000005,20.74,21.55,-3.3899999999999935,0.1807909604519773,623,,0.8834240436553955,clinical,16.0,2.0,True
pubmedqa,clinical,clinical,True,actual,Does preoperative anemia adversely affect colon and rectal surgery outcomes?,"Preoperative anemia has been shown to adversely affect outcomes in colon and rectal surgery. Studies indicate that patients with anemia prior to surgical intervention are at an increased risk for postoperative complications, including infection, longer hospital stays, and increased morbidity and mortality. Anemia can impair oxygen delivery to tissues, which is critical for wound healing and recovery. Additionally, it may lead to a higher likelihood of requiring blood transfusions during or after surgery, further complicating the clinical course.

In the context of colon and rectal surgery, it is essential to identify and manage preoperative anemia to optimize surgical outcomes. This may involve iron supplementation, erythropoiesis-stimulating agents, or blood transfusions, depending on the severity and underlying cause of the anemia. Therefore, addressing preoperative anemia is a critical component of perioperative care in patients undergoing colon and rectal procedures.",This large multicenter database analysis suggests that the presence of severe and moderate and even mild preoperative anemia is an independent risk factor for complications and a longer hospital stay after colon surgery.,21.595151515151517,17.88,18.24,3.7151515151515184,0.1403508771929824,643,,0.8649336695671082,clinical,17.81,3.81,True
mirage,low,low,True,actual,Ideal depth for root end filling with MTA is?,The ideal depth for root end filling with MTA is 3 mm. So the answer is B: 3 mm.,3mm,0.9132352941176478,,,,0.0,267,,0.8415394425392151,low,2.34,3.66,True
mirage,low,low,True,actual,Is Apremilast effective for Beh et s Syndrome?,"Yes, Apremilast is effective for Behçet's Syndrome.",yes,2.4833333333333343,,,,0.1999999999999999,221,,0.7933745980262756,low,5.23,0.77,True
mirage,low,medium,False,actual,"The LINCS L1000 data set contains gene expression data for drug treated human cells, yes or no?","Based on the context provided, I cannot directly answer whether the LINCS L1000 data set contains gene expression data for drug-treated human cells. The information given does not mention the LINCS L1000 data set or its contents. 

However, I can tell you that the LINCS (Library of Integrated Network-based Cellular Signatures) L1000 project is known for providing gene expression data from human cells that have been treated with various drugs. So, if you are asking about the LINCS L1000 data set in general, the answer would be ""yes,"" it does contain gene expression data for drug-treated human cells.",yes,4.238333333333333,12.63,14.19,-8.391666666666667,0.0196078431372549,500,,0.8050575852394104,medium,7.7,1.7,False
mirage,low,medium,False,actual,The Omega-3 Index: a new risk factor for death from coronary heart disease?,"The Omega-3 Index is a measurement of the amount of omega-3 fatty acids in the blood. Research suggests that higher levels of omega-3 fatty acids may be linked to a lower risk of death from coronary heart disease. This is because omega-3 fatty acids can help reduce inflammation and improve heart health. 

So, to answer your question: Yes, the Omega-3 Index can be considered a new risk factor for death from coronary heart disease. Higher levels of omega-3s are generally associated with a lower risk.",yes,4.262368421052631,9.09,9.89,-4.8276315789473685,0.0217391304347826,532,,0.8124925494194031,medium,6.73,0.73,False
mirage,low,low,True,actual,Working cusps are also known as:,Working cusps are also known as guiding cusps.,Supporting cusps.,3.209444444444443,,,,0.2,229,,0.9062716364860536,low,2.48,3.52,True
mirage,low,low,True,actual,Does the early adopter of drugs exist?,"Yes, the early adopter of drugs does exist.",no,3.283461538461541,,,,0.0,220,,0.8438411355018616,low,5.68,0.32,True
mirage,low,high,False,actual,According to Tweed inclination of lower incisors by 1 labially increases the arch length by,"According to Tweed, the inclination of the lower incisors by 1 degree labially increases the arch length by approximately 0.5 mm. This principle is based on the relationship between tooth position and arch length, where labial inclination of the incisors can lead to an increase in the available space within the arch, thereby affecting overall dental alignment and occlusion.",0.8 mm,4.086944444444445,16.92,19.29,-12.833055555555555,0.0634920634920634,368,,0.8476505279541016,high,11.5,1.5,False
mirage,low,medium,False,actual,Epsilon in high copper amalgam is?,"Epsilon in high copper amalgam refers to a specific phase or component of dental amalgam, which is a material used for filling cavities in teeth. High copper amalgam contains copper, which helps improve its strength and resistance to corrosion compared to older types of amalgam.

In dental terms, ""amalgam"" is a mixture of metals, including mercury, silver, tin, and copper. The ""epsilon"" phase is a specific crystalline structure that forms in high copper amalgams. This phase contributes to the overall properties of the amalgam, making it more durable and effective for dental use.

In summary, epsilon in high copper amalgam is a structural component that helps enhance the material's performance in dental fillings.",Cu3Sn,3.997142857142858,12.64,16.11,-8.642857142857142,0.0,381,,0.7616429924964905,medium,8.38,1.62,False
mirage,low,medium,False,actual,Is metoprolol metabolized by CYP2D6?,"Metoprolol is a medication that belongs to a group of drugs called beta-blockers. It is often used to treat high blood pressure and heart-related issues. 

To answer your question: Yes, metoprolol is metabolized by an enzyme in the liver called CYP2D6. This means that the way your body processes metoprolol can be affected by how well this enzyme works. Some people have a stronger or weaker version of this enzyme, which can change how effective the medication is for them.

If you have more questions about metoprolol or how it works, feel free to ask!",yes,4.520555555555557,7.73,10.86,-3.209444444444443,0.0204081632653061,705,,0.7955762147903442,medium,9.96,0.04,False
mirage,low,high,False,actual,Maximum pCO2 is seen in which of the following stage in arterial gas analysis?,"In arterial gas analysis, the maximum partial pressure of carbon dioxide (pCO2) is typically observed during the respiratory acidosis stage, which can occur during conditions of hypoventilation or increased metabolic activity, such as during intense exercise. 

During exercise, particularly in a healthy individual like the 23-year-old male undergoing a stress test, pCO2 levels can rise due to increased production of carbon dioxide from enhanced metabolic processes in the muscles. However, if we are considering the context of arterial blood gas sampling, the maximum pCO2 would be expected during the late stages of exercise when the body is unable to adequately ventilate and expel CO2 due to the increased demand for oxygen and the resultant accumulation of CO2 in the bloodstream.

In summary, the maximum pCO2 is typically seen during intense physical activity or conditions that lead to hypoventilation, reflecting the balance between CO2 production and elimination.",A,5.863636363636363,21.68,21.64,-15.816363636363636,0.0134228187919463,563,,0.7843017578125,high,10.1,0.1,False
mirage,low,medium,False,actual,Which of the following alloys has the highest surface roughness?,"Based on the context provided, we don't have specific information about the surface roughness of different alloys. However, I can explain some related concepts that might help you understand how to think about this question.

**Surface Roughness**: This term refers to the texture of a surface. A surface with high roughness has many small peaks and valleys, making it feel bumpy. A smoother surface has fewer of these irregularities.

**Alloys**: These are mixtures of two or more metals. Different alloys can have different properties, including surface roughness, depending on their composition and how they are processed.

To determine which alloy has the highest surface roughness, you would typically need to look at specific tests or studies that measure the roughness of each alloy. Common alloys include those made from metals like copper, aluminum, and steel, and their roughness can vary based on how they are made and treated.

If you have specific alloys in mind or additional information, I can help you analyze that further.",NiTi,5.504473684210527,9.8,11.6,-4.295526315789473,0.0,427,,0.7878625988960266,medium,7.19,1.19,False
mirage,low,high,False,actual,Is colistin an antibiotic?,"Yes, colistin is an antibiotic. Specifically, it belongs to the class of polymyxins and is primarily used to treat infections caused by multidrug-resistant Gram-negative bacteria. Colistin works by disrupting the bacterial cell membrane, leading to cell death. It is often considered a last-resort antibiotic due to its potential nephrotoxicity and neurotoxicity.",yes,5.145,13.91,14.19,-8.765,0.0363636363636363,559,,0.7815092206001282,high,12.52,1.48,False
mirage,low,medium,False,actual,The respiratory tract is crossed by the isthmus of the thyroid gland at the level of the,"The isthmus of the thyroid gland crosses the respiratory tract at the level of the 2nd and 3rd tracheal rings. This means that the isthmus, which is the thin band of tissue connecting the two lobes of the thyroid gland, is located just above the trachea (the windpipe) where it branches into the bronchi that lead to the lungs. 

If you have any more questions about the thyroid gland or related topics, feel free to ask!",tracheal rings.,5.547844827586207,10.75,11.21,-5.202155172413793,0.0512820512820512,379,,0.8459216356277466,medium,7.7,1.7,False
mirage,low,low,True,actual,Is there a role for TFII-I in megakaryopoiesis?,A: yes,yes,0.5166666666666693,,,,0.6666666666666666,237,,0.8410258293151855,low,2.28,3.72,True
mirage,low,medium,False,actual,Which of the following karyotypes is not compatible with survival to birth?,"To answer the question about which karyotype is not compatible with survival to birth, we first need to understand what a karyotype is. A karyotype is a picture of all the chromosomes in a cell, which helps identify any genetic abnormalities.

Some common karyotypes that are known to not be compatible with survival to birth include:

1. **Monosomy X (Turner Syndrome)**: This occurs when a female has only one X chromosome instead of two. While some females with Turner syndrome can survive, many do not reach full term.
2. **Trisomy 13 (Patau Syndrome)**: This condition involves having an extra chromosome 13. Most babies with this condition do not survive past the first year of life.
3. **Trisomy 18 (Edwards Syndrome)**: Similar to Trisomy 13, this involves an extra chromosome 18, and most affected babies do not survive long after birth.

In general, karyotypes that involve missing chromosomes (monosomy) or extra chromosomes (trisomy) can lead to serious developmental issues. 

If you have specific karyotype options listed, I can help you determine which one is not compatible with survival to birth.","45,Y",4.830000000000002,10.24,12.16,-5.409999999999998,0.0,540,,0.7596660852432251,medium,8.76,1.24,False
mirage,low,medium,False,actual,Your patient has diabetes. Why is this important?,"Diabetes is important for your patient for several reasons:

1. **Health Risks**: Diabetes can lead to serious health problems, including heart disease, kidney damage, nerve damage, and eye issues. In the context of the 70-year-old man, his long-standing diabetes increases his risk for complications, especially since he is already undergoing hemodialysis, which indicates his kidneys are not functioning well.

2. **Symptoms and Pain**: The patient is experiencing constant wrist and shoulder pain. In people with diabetes, there can be an increased risk of conditions like diabetic neuropathy (nerve damage) or other complications that can cause pain. 

3. **Kidney Function**: Diabetes is a leading cause of kidney disease. Since this patient is on hemodialysis and is on the transplant list for a kidney, it shows that his diabetes has likely affected his kidney function over time.

4. **Management**: Managing diabetes is crucial for preventing further complications. This includes controlling blood sugar levels through diet, exercise, and medication. If diabetes is not well managed, it can worsen other health issues.

In summary, diabetes is important for this patient because it significantly impacts his overall health, increases the risk of complications, and influences his current treatment and management strategies.",These patients are more likely to get urinary tract infections if their blood sugar is unstable.,5.888962264150948,12.55,14.55,-6.661037735849053,0.055813953488372,842,,0.8303372859954834,medium,6.62,0.62,False
mirage,low,high,False,actual,Is neurofilament light marker for disease?,"Neurofilament light chain (NfL) is a protein that serves as a biomarker for neurodegenerative diseases. Elevated levels of NfL in the cerebrospinal fluid (CSF) or serum have been associated with various neurological conditions, including Alzheimer's disease, multiple sclerosis, amyotrophic lateral sclerosis (ALS), and other forms of neurodegeneration. The presence of NfL is indicative of axonal damage and neuronal injury, making it a valuable tool for diagnosing and monitoring the progression of these diseases.

In summary, neurofilament light chain is indeed a marker for disease, particularly in the context of neurodegenerative disorders, and its measurement can provide insights into the underlying pathology and disease progression.",yes,5.240000000000002,19.17,19.54,-13.93,0.0,596,,0.783470869064331,high,10.35,0.35,False
mirage,low,medium,False,actual,Do mitochondria play a role in remodelling lace plant leaves during programmed cell death?,"The context you provided does not directly relate to the question about mitochondria and the remodelling of lace plant leaves during programmed cell death. However, I can explain the role of mitochondria in general and how they might relate to programmed cell death.

Mitochondria are often called the ""powerhouses"" of the cell because they produce energy that cells need to function. They also play a crucial role in programmed cell death, which is a process that helps remove damaged or unnecessary cells in a controlled way. This process is important for normal development and maintaining healthy tissues.

In plants, programmed cell death can help shape leaves and other structures by removing specific cells. While the context you provided does not mention lace plant leaves or mitochondria's role in that specific process, it is known that mitochondria can influence how cells die and how tissues are remodeled during this process.

So, to answer your question: Yes, mitochondria do play a role in programmed cell death, which can be involved in remodelling plant leaves, including lace plant leaves. However, more specific information about lace plants would be needed to provide a detailed answer about their exact role in that context.",yes,5.419999999999998,11.82,13.21,-6.400000000000002,0.01,747,,0.7767855525016785,medium,8.41,1.59,False
mirage,low,medium,False,actual,Is there a need for pelvic CT scan in cases of renal cell carcinoma?,"Yes, a pelvic CT scan may be needed in cases of renal cell carcinoma. 

Renal cell carcinoma is a type of kidney cancer, and doctors often use imaging tests like CT scans to get a better look at the cancer and see if it has spread to nearby areas, including the pelvis. A CT scan can help determine the size of the tumor and whether it has affected other organs or lymph nodes. This information is important for planning treatment and understanding the extent of the disease. 

In summary, a pelvic CT scan can provide valuable information when diagnosing and managing renal cell carcinoma.",no,4.240000000000002,11.47,13.35,-7.229999999999999,0.0,481,,0.796480655670166,medium,6.73,0.73,False
mirage,low,low,True,actual,Which is not a type of Gracey curvettes?,The answer is D: # 5-16. This is not a type of Gracey curvettes.,# 5-16,0.0675000000000025,,,,0.25,262,,0.8478770852088928,low,0.8,5.2,True
mirage,medium,medium,True,actual,"A 45-year-old woman presents to the clinic with her husband to discuss her most recent problem. She and her husband recently bought a new house in the area. While cleaning the house, they discovered a","The situation you described involves a 45-year-old woman who has developed a strong fear of spiders, known as arachnophobia, after a frightening experience in her new home. This fear has become so intense that she cannot enter the house.

To effectively treat her arachnophobia, the most effective treatment option is **exposure therapy**. This type of therapy helps people gradually face their fears in a safe and controlled way. The goal is to reduce the fear response over time. For example, she might start by looking at pictures of spiders, then watching videos, and eventually, she could work up to being in the same room with a spider.

Other options, like medication or counseling, can also help, but exposure therapy is often the most effective way to overcome specific phobias like arachnophobia. It’s important for her to work with a trained therapist who can guide her through this process safely. 

In summary, the best treatment for her arachnophobia is exposure therapy, which can help her gradually face her fear of spiders and learn to manage it.",Desensitization,7.745206812652072,10.6,13.73,-2.8547931873479273,0.0,887,,0.7589405179023743,low,5.82,0.18,False
mirage,medium,clinical,False,actual,Glycogen breakdown in exercising muscle is activated by:,"Glycogen breakdown in exercising muscle is primarily activated by the hormone epinephrine (adrenaline) and also by increased intracellular calcium levels and AMP. Epinephrine stimulates glycogenolysis through the activation of glycogen phosphorylase, which catalyzes the conversion of glycogen to glucose-1-phosphate. Additionally, during exercise, the increased demand for ATP leads to elevated levels of AMP, which further activates glycogen phosphorylase, promoting glycogen breakdown to meet the energy requirements of the muscle.",none of the above.,8.840000000000003,19.55,20.58,-10.709999999999996,0.0533333333333333,370,,0.7998043894767761,clinical,14.08,0.08,False
mirage,medium,medium,True,actual,A 9-month-old boy is brought to his pediatrician by his mother for a routine health checkup. The boy was born at 39 weeks gestation via spontaneous vaginal delivery. He is up to date on all vaccines a,"Based on the information provided, the 9-month-old boy is showing signs of anemia, which is a condition where there are not enough healthy red blood cells to carry oxygen to the body's tissues. The complete blood count (CBC) results indicate that his hemoglobin level is low (9.1 g/dL), and the mean corpuscular volume (MCV) is also low (65 fL), which suggests that the red blood cells are smaller than normal. 

The high total iron binding capacity (TIBC) and the low serum iron level indicate that he may have iron deficiency anemia. This type of anemia is common in infants, especially if they are not getting enough iron in their diet.

Given that the boy has been switched to cow's milk and started eating fruits and vegetables, it’s important to ensure he gets enough iron. Cow's milk is low in iron and can interfere with iron absorption. 

The best treatment for this patient would be to provide iron supplementation. This can be done through iron drops or iron-fortified foods. Additionally, it would be beneficial to encourage foods that are high in iron, such as pureed meats, beans, and iron-fortified cereals, as well as foods rich in vitamin C (like fruits) to help with iron absorption.

It's also important for the pediatrician to monitor his progress and possibly adjust his diet to include more iron-rich foods as he grows.",Proper diet and iron supplementation,8.887379679144384,10.91,12.72,-2.0226203208556157,0.0327868852459016,1090,,0.819844126701355,medium,7.4,1.4,True
mirage,medium,medium,True,actual,A pregnant lady had no complaints but mild cervical lymphadenopathy in first trimester. She was prescribed spiramycin but she was noncompliant. Baby was born with hydrocephalus and intracerebral calci,"The likely cause of the baby's condition, which includes hydrocephalus (an accumulation of fluid in the brain) and intracerebral calcification (calcium deposits in the brain), is **Toxoplasmosis** (Option B). 

Toxoplasmosis is an infection caused by a parasite that can be harmful during pregnancy. The mother had mild cervical lymphadenopathy, which can be a sign of infection, and she was prescribed spiramycin, a medication used to treat toxoplasmosis. Since she did not take the medication (noncompliant), it is possible that the infection affected the baby, leading to the serious conditions observed at birth. 

Other options like Rubella, CMV (Cytomegalovirus), and Herpes can also cause issues during pregnancy, but the specific symptoms and the context provided point more towards Toxoplasmosis in this case.",Toxoplasmosis,9.1686511627907,15.89,17.12,-6.7213488372093,0.016260162601626,660,,0.8113959431648254,medium,9.75,0.25,True
mirage,medium,clinical,False,actual,Can leuprorelin acetate be used as androgen deprivation therapy?,"Yes, leuprorelin acetate can be used as androgen deprivation therapy (ADT). It is a gonadotropin-releasing hormone (GnRH) agonist that, when administered continuously, leads to downregulation of GnRH receptors in the pituitary gland. This results in decreased secretion of luteinizing hormone (LH) and follicle-stimulating hormone (FSH), subsequently reducing testosterone production by the testes. Leuprorelin is commonly utilized in the management of hormone-sensitive prostate cancer, where suppression of androgens is a key therapeutic strategy.",yes,8.729615384615386,16.67,17.97,-7.940384615384616,0.0263157894736842,501,,0.769553005695343,clinical,14.14,0.14,False
mirage,medium,medium,True,actual,A 26 years old healthy female got pregnant for 1st time and LSCS was done for fetal distress. Mild hypeension was present during pregnancy. Two days after delivery she had headache and seizures but pr,"Based on the information provided, the most likely diagnosis for the 26-year-old female who experienced headache and seizures two days after delivery, along with a CT scan showing a 2 x 3 cm parasagittal hematoma, is **B: Hypertensive intracranial hemorrhage**.

Here's why:

1. **Headache and Seizures**: These symptoms can occur due to increased pressure in the brain, which may be caused by bleeding.
  
2. **Parasagittal Hematoma**: This refers to a collection of blood in the brain, specifically near the midline. It indicates that there is bleeding in the brain, which can happen due to high blood pressure.

3. **Mild Hypertension During Pregnancy**: The presence of mild high blood pressure during pregnancy increases the risk of complications, including bleeding in the brain.

4. **No Proteinuria**: Proteinuria means having protein in the urine, which is often associated with conditions like preeclampsia. Since there is no proteinuria, this rules out eclampsia, which is related to high blood pressure and seizures during pregnancy.

Given these points, the symptoms and findings align best with hypertensive intracranial hemorrhage rather than the other options listed.",Sagittal sinus thrombosis,9.4201935483871,11.35,13.02,-1.9298064516128992,0.0,890,,0.7968127727508545,medium,6.49,0.49,True
mirage,medium,high,False,actual,Which of the following genes conveys susceptibility for polygenic Alzheimer disease?,"The gene most commonly associated with susceptibility to polygenic Alzheimer’s disease is the **APOE (Apolipoprotein E) gene**, specifically the ε4 allele. The presence of one or more ε4 alleles increases the risk of developing Alzheimer's disease, although it is important to note that not everyone with this allele will develop the condition, as Alzheimer’s disease is influenced by multiple genetic and environmental factors. 

In addition to APOE, other genes have been implicated in Alzheimer’s disease, but APOE ε4 remains the most significant risk factor identified in the context of polygenic inheritance.",APOE,7.367631578947371,17.51,18.95,-10.14236842105263,0.0208333333333333,534,,0.7879325747489929,high,13.37,0.63,False
mirage,medium,medium,True,actual,"A 45-year-old woman comes to the physician because of fatigue, abdominal cramps, watery diarrhea, and a weight loss of 4 kg (8.8 lb) over the last 4 months. She has recently avoided drinking alcohol a","Based on the information provided, the 45-year-old woman is experiencing several symptoms, including fatigue, abdominal cramps, watery diarrhea, and weight loss. She has also avoided alcohol and spicy foods because they worsen her symptoms. The laboratory tests show an increased level of a substance called 5-hydroxyindoleacetic acid (5-HIAA) in her urine.

5-HIAA is a breakdown product of serotonin, which is a chemical in the body that helps regulate mood, digestion, and other functions. High levels of 5-HIAA in the urine can indicate a condition called a carcinoid tumor, which is a type of slow-growing cancer that can produce serotonin.

Given her symptoms and the increased 5-HIAA level, further evaluation will most likely show the presence of a carcinoid tumor, often found in the gastrointestinal tract (like the intestines). This tumor can cause the symptoms she is experiencing, such as abdominal cramps and diarrhea.

In summary, further evaluation of this patient will most likely show a carcinoid tumor.",Pulmonic valve stenosis,8.262167832167833,13.11,14.19,-4.847832167832166,0.0,976,,0.7733113169670105,medium,7.84,1.84,True
mirage,medium,low,False,actual,A material turns to liquid on applying critical shear stress. This type of flow is called as?,"The type of flow you are asking about is called ""Bingham plastic flow."" This means that the material will not move or flow until you push it hard enough (apply critical shear stress). Once you push it hard enough, it will start to flow like a liquid.",Bingham body,8.023703703703706,5.83,7.79,2.193703703703706,0.0408163265306122,383,,0.7956587672233582,low,5.08,0.92,False
mirage,medium,high,False,actual,Mandibular molars show how many patterns of Accessory Canals,"Mandibular molars exhibit a variable pattern of accessory canals, which can include multiple configurations. The context provided indicates that there are several patterns, including lateral canals extending from the coronal third to the furcal region in the distal canal, the presence of both lateral and furcal canals, and a single furcation canal extending from the pulp chamber to the intra-radicular region. Additionally, the pattern of accessory canals can vary depending on the age of the patient. Therefore, it is not possible to specify an exact number of patterns, as they can differ significantly among individuals.",3,8.39294117647059,16.03,16.22,-7.6370588235294115,0.0,401,,0.7835254073143005,high,10.21,0.21,False
mirage,medium,medium,True,actual,"A 17-year-old girl is brought to the pediatrician by her father for evaluation. He is concerned that she has not undergone puberty yet, while all of her classmates at school have. The patient herself ","Based on the information provided, the 17-year-old girl has not started puberty, as indicated by her Tanner stage of development being at stage I, which means she has undeveloped breasts and normal external and internal female genitalia. Since she is 17 years old and has not begun to develop secondary sexual characteristics (like breast development or menstruation), it is likely that she has a condition known as delayed puberty.

In girls, puberty typically starts between ages 8 and 13. By age 17, most girls have developed breasts and have started menstruating. Since this girl is still in Tanner stage I, it is likely that she has not experienced any of the physical changes associated with puberty. 

Given her situation, one additional finding that might be present in this patient is a lack of menstrual periods (amenorrhea). This means she has not started her menstrual cycle, which is common in cases of delayed puberty. 

In summary, the likely additional finding in this patient is that she has not had her first period (amenorrhea).",Hypokalemia,9.20028011204482,12.55,15.25,-3.34971988795518,0.0,902,,0.7222263216972351,medium,6.53,0.53,True
mirage,medium,low,False,actual,What is the most common tumor of mediastinum?,"The most common tumor of the mediastinum is a type of tumor called a ""thymoma."" It comes from a gland called the thymus, which is found in the chest. However, this specific information was not in the context you provided. If you have more details or options, please share them, and I can help you better!",Neurogenic,7.854411764705883,6.1,10.13,1.7544117647058837,0.0,312,,0.7829961776733398,low,5.23,0.77,False
mirage,medium,high,False,actual,Is bicompartmental knee arthroplasty more favourable to knee muscle strength and physical performance compared to total knee arthroplasty?,"Bicompartmental knee arthroplasty (BKA) and total knee arthroplasty (TKA) are both surgical procedures aimed at relieving pain and restoring function in patients with knee osteoarthritis or other degenerative conditions. The choice between these two approaches can influence postoperative outcomes, including knee muscle strength and physical performance.

Research indicates that bicompartmental knee arthroplasty may offer certain advantages over total knee arthroplasty, particularly in terms of preserving more of the native knee structure and potentially leading to better muscle strength and functional performance postoperatively. BKA typically involves replacing only the medial and lateral compartments of the knee, while TKA replaces the entire joint, including the patellofemoral compartment. This preservation of bone and soft tissue in BKA can contribute to improved proprioception and muscle function.

Patients undergoing BKA may experience less postoperative pain and quicker recovery times, which can enhance rehabilitation efforts and lead to better outcomes in terms of muscle strength and physical performance. However, the suitability of BKA versus TKA largely depends on the individual patient's knee pathology, age, activity level, and overall health status.

In summary, while bicompartmental knee arthroplasty may be more favorable for knee muscle strength and physical performance compared to total knee arthroplasty, the decision should be personalized based on the specific clinical scenario and patient needs. Further studies and clinical trials are warranted to solidify these findings and guide surgical decision-making.",no,8.756666666666668,17.71,18.95,-8.953333333333333,0.0,713,,0.7685369849205017,high,13.06,0.94,False
mirage,medium,medium,True,actual,A study is conducted to assess the effectiveness of a new drug for the treatment of type 2 diabetes mellitus. A total of 1000 patients with type 2 diabetes mellitus are enrolled. Patients are randomly,"In the context of the study assessing the effectiveness of a new drug for treating type 2 diabetes, if the study had been performed with only 500 patients instead of 1000, the most likely outcome that would have increased is the **chance of a Type II error**.

Let’s break this down:

1. **Type II Error (Beta)**: This occurs when a study fails to detect a difference when there actually is one. In simpler terms, it means that the study might say the new drug is not better than the standard treatment when it really is. The beta value mentioned in the study is 0.20, which means there is a 20% chance of making this error.

2. **Sample Size**: When you reduce the number of participants in a study (from 1000 to 500), you have less data to work with. This can make it harder to see if the new drug is truly effective. With fewer patients, the study might not have enough power (the ability to detect a difference if there is one) to show that the new drug is better.

3. **Power of the Study**: The power of a study is related to the sample size. A larger sample size generally increases the power, which reduces the chance of a Type II error. So, with only 500 patients, the power of the study decreases, making it more likely that the study could miss a real effect of the drug.

In summary, if the study had",Chance of a type II error,8.87272435897436,8.29,9.47,0.5827243589743603,0.0472440944881889,953,,0.807192325592041,medium,8.85,1.15,True
mirage,medium,medium,True,actual,"A 34-year-old woman comes to the physician requesting prenatal care. For the past 2 months, she has had increasing breast tenderness, nausea, 3-kg (6.6-lb) weight gain, and urinary frequency. She is n","Based on the information provided, the most likely diagnosis for the 34-year-old woman is a **false pregnancy** or **pseudocyesis**. 

Here's why:

1. **Symptoms**: She has symptoms commonly associated with pregnancy, such as breast tenderness, nausea, weight gain, and urinary frequency. However, these symptoms can also occur for other reasons, including hormonal changes or stress.

2. **Urine hCG Test**: The urine test for hCG (human chorionic gonadotropin), which is a hormone produced during pregnancy, came back negative. This means that there is no evidence of a pregnancy, despite her belief that she is pregnant.

3. **Ultrasound Findings**: The transvaginal ultrasound showed no abnormalities, which further supports that there is no pregnancy.

4. **Physical Examination**: The mild abdominal enlargement could be due to other factors, such as bloating or weight gain, rather than an actual pregnancy.

In summary, while the woman has many symptoms that suggest she might be pregnant, the negative hCG test and normal ultrasound indicate that she is not actually pregnant. This condition, where a person believes they are pregnant and shows symptoms but is not, is known as pseudocyesis.",Pseudocyesis,7.580775193798452,11.48,14.12,-3.899224806201549,0.0108108108108108,1023,,0.7883024215698242,low,5.97,0.03,False
mirage,medium,high,False,actual,Subclavian steal syndrome: can the blood pressure difference between arms predict the severity of steal?,"Subclavian steal syndrome (SSS) is a vascular condition characterized by the reversal of blood flow in the vertebral artery due to significant stenosis or occlusion of the subclavian artery proximal to the origin of the vertebral artery. This condition can lead to various neurological symptoms depending on the severity of the steal phenomenon.

Regarding the relationship between blood pressure differences between the arms and the severity of the steal, it is important to note that while a significant blood pressure discrepancy can indicate subclavian artery stenosis, it does not directly correlate with the severity of the steal phenomenon itself. The blood pressure in the affected arm may be lower due to reduced perfusion, but this does not necessarily predict the extent of collateral circulation or the degree of vertebral artery flow reversal.

In clinical practice, a blood pressure difference of more than 15-20 mmHg between the arms can suggest subclavian artery disease, but it is not a definitive measure of the severity of the steal. Other diagnostic modalities, such as Doppler ultrasound or angiography, are more reliable for assessing the severity of the steal and the hemodynamic significance of the stenosis.

In summary, while a blood pressure difference between arms can indicate the presence of subclavian artery pathology, it is not a reliable predictor of the severity of subclavian steal syndrome.",yes,7.0478571428571435,18.88,20.93,-11.832142857142856,0.0,634,,0.7656500339508057,high,10.71,0.71,False
mirage,medium,clinical,False,actual,Most specific for diagnosing Ankylosing spondyliti?,"The most specific test for diagnosing Ankylosing Spondylitis (AS) is the presence of the HLA-B27 antigen. While clinical features such as inflammatory back pain and reduced spinal mobility are suggestive, the detection of HLA-B27 is a more definitive marker associated with the disease. Additionally, imaging studies may reveal sacroiliitis, but the serological test for HLA-B27 remains the most specific diagnostic criterion for Ankylosing Spondylitis.",B/l sactoilitis,8.548529411764708,15.78,17.12,-7.231470588235291,0.0,473,,0.7562431693077087,clinical,16.25,2.25,False
mirage,medium,medium,True,actual,"A 57-year-old man comes to the physician because of a 3-week history of abdominal bloating and increased frequency of stools. He describes the stools as bulky, foul-smelling, and difficult to flush. H","Based on the information provided, the 57-year-old man is experiencing several concerning symptoms, including abdominal bloating, changes in stool characteristics (bulky, foul-smelling, and difficult to flush), recurrent upper abdominal pain, and significant weight loss. These symptoms could suggest a problem with the digestive system, possibly related to the pancreas or the way his body is absorbing nutrients.

Given his history of heavy alcohol use (6 to 8 beers daily for 12 years) and smoking (1 pack daily for 37 years), there is a risk for conditions like pancreatitis or pancreatic cancer, which can lead to similar symptoms. 

To diagnose the underlying cause of his symptoms, the most appropriate next step would be to perform imaging studies. A **CT scan of the abdomen** (computed tomography scan) is often used to look for issues in the pancreas and other abdominal organs. This imaging test can help identify any abnormalities, such as inflammation, tumors, or other conditions affecting the digestive system.

In summary, the most appropriate next step in diagnosis for this patient is to order a CT scan of the abdomen.",Abdominal CT scan,8.447825219473266,15.21,17.29,-6.762174780526735,0.0324324324324324,1017,,0.7959039807319641,medium,8.35,1.65,True
mirage,medium,medium,True,actual,Which of the following is not true about the salivary gland output in Sjogren's syndrome?,"The statement that is not true about the salivary gland output in Sjogren's syndrome is **B: Increase in phosphate concentration**. 

In Sjogren's syndrome, the salivary glands do not produce enough saliva, leading to a decrease in their output (option C is true). This condition can also cause an increase in sodium concentration (option A is true) and an increase in IgA concentration (option D is true). However, an increase in phosphate concentration is not typically associated with this syndrome.",Increase in phosphate concentration,8.913157894736845,11.53,12.16,-2.6168421052631547,0.0941176470588235,414,,0.8509020209312439,medium,7.57,1.57,True
mirage,medium,medium,True,actual,A 61-year-old man comes to the emergency department because of a 2-day history of a productive cough and worsening shortness of breath. He has had frequent episodes of a productive cough over the past,"Based on the information provided, the 61-year-old man is experiencing a productive cough and worsening shortness of breath, along with signs of distress and low oxygen saturation (91%). He has a history of smoking and has had frequent cough episodes over the past three years. The chest x-ray shows increased lung lucency and flattening of the diaphragm, which can indicate a condition like chronic obstructive pulmonary disease (COPD).

In this situation, the most appropriate initial pharmacotherapy would be a **bronchodilator**. Bronchodilators are medications that help open the airways in the lungs, making it easier to breathe. They are commonly used to treat conditions like asthma and COPD, especially when patients are experiencing difficulty breathing.

There are two main types of bronchodilators:
1. **Short-acting beta-agonists (SABAs)**: These provide quick relief of symptoms and are often used during an acute episode of shortness of breath.
2. **Anticholinergics**: These can also help open the airways and may be used in combination with SABAs.

Given the man's symptoms and the urgency of his situation, a short-acting bronchodilator would likely be the first choice to help relieve his breathing difficulties quickly. 

In summary, the most appropriate initial pharmacotherapy for this patient is a **bronchodilator**.",Prednisone and albuterol,8.834100294985252,11.92,14.68,-3.0858997050147483,0.0095693779904306,971,,0.7567815184593201,medium,9.43,0.57,True
mirage,high,high,True,actual,"A 19-year-old woman comes to the emergency department because, she says, ""I'm burning up."" Medical history is significant for intravenous drug use. Physical examination discloses a systolic heart murm","In the context provided, the 19-year-old woman presents with a systolic heart murmur and a history of intravenous drug use, which raises suspicion for potential infective endocarditis. Given this scenario, an expected physical finding would be **B: Increased intensity of the murmur with deep inspiration**.

This phenomenon can be attributed to the mechanics of respiration affecting venous return to the heart. During deep inspiration, intrathoracic pressure decreases, leading to increased venous return to the right side of the heart, which can enhance the intensity of right-sided murmurs. In cases of left-sided murmurs, the effect may be less pronounced, but the overall increase in blood flow can still lead to changes in murmur intensity.

Other options, such as decreased intensity of S1 or a positive Kussmaul sign, are less likely in this context. A positive Kussmaul sign, which indicates impaired filling of the right ventricle, is typically associated with conditions like constrictive pericarditis or restrictive cardiomyopathy rather than acute infective endocarditis.",Increased intensity of the murmur with deep inspiration,12.54063157894737,14.86,16.61,-2.31936842105263,0.0930232558139534,773,,0.8344632983207703,high,10.97,0.97,True
mirage,high,clinical,False,actual,Is fear of anaphylactic shock discouraging surgeons from more widely adopting percutaneous and laparoscopic techniques in the treatment of liver hydatid cyst?,"The question regarding the fear of anaphylactic shock discouraging surgeons from adopting percutaneous and laparoscopic techniques in the treatment of liver hydatid cysts is not directly addressed in the provided clinical contexts. However, it is important to note that anaphylactic shock can be a significant concern when dealing with hydatid disease due to the potential for cyst rupture, which can lead to the release of antigenic material into the systemic circulation and provoke an allergic reaction.

Surgeons may indeed have reservations about utilizing minimally invasive techniques such as percutaneous aspiration or laparoscopic approaches due to the risk of cyst rupture and subsequent anaphylaxis. Traditional surgical approaches, while more invasive, may provide a greater degree of control over the cyst and reduce the risk of such complications. 

In summary, while the fear of anaphylactic shock could contribute to hesitancy in adopting percutaneous and laparoscopic techniques for liver hydatid cysts, the decision-making process is multifactorial and includes considerations of the cyst's size, location, and the overall health of the patient. Therefore, it is plausible that this fear plays a role, but it is not the sole factor influencing surgical choices in this context.",yes,11.362857142857145,19.31,19.45,-7.947142857142854,0.0,718,,0.7697525024414062,clinical,16.59,2.59,False
mirage,high,medium,False,actual,On applying pressure on angle of jaw while maintaining patent airway which nerve is likely to be damaged:,"When applying pressure on the angle of the jaw, the nerve that is most likely to be damaged is the **facial nerve** (also known as cranial nerve VII). This nerve controls the muscles of facial expression and is located near the angle of the jaw. 

It's important to note that while the context provided does not directly mention the facial nerve, it is commonly understood in medical practice that pressure in that area can affect it. If you have any more questions or need further clarification, feel free to ask!",7th,10.888461538461542,10.75,12.6,0.1384615384615415,0.0,358,,0.775162398815155,medium,9.79,0.21,False
mirage,high,high,True,actual,Which combination forms day care anesthesia,"The combination that forms day care anesthesia is A: Fentanyl, propofol, Isoflurane. This combination is commonly used due to the rapid onset and short duration of action of these agents, allowing for quick recovery and discharge of patients after outpatient procedures.","Fentanyl, propofol, Isoflurane",13.37181818181818,13.13,15.25,0.2418181818181786,0.1363636363636363,287,,0.8872373700141907,high,10.35,0.35,True
mirage,high,clinical,False,actual,Is the combination with 2-methoxyestradiol able to reduce the dosages of chemotherapeutices in the treatment of human ovarian cancer?,"The combination of 2-methoxyestradiol with chemotherapeutic agents has been investigated for its potential to enhance the efficacy of treatment while potentially allowing for reduced dosages of chemotherapeutics in various cancers, including ovarian cancer. 2-Methoxyestradiol is an estradiol metabolite that exhibits anti-angiogenic and pro-apoptotic properties, which may synergistically enhance the effects of certain chemotherapeutic agents.

In preclinical studies, 2-methoxyestradiol has demonstrated the ability to inhibit tumor growth and induce apoptosis in ovarian cancer cell lines. The proposed mechanism includes the modulation of key signaling pathways involved in cell proliferation and survival, as well as the inhibition of angiogenesis, which is crucial for tumor growth and metastasis.

Therefore, while specific clinical outcomes may vary, there is evidence to suggest that the combination of 2-methoxyestradiol with chemotherapeutics could potentially allow for reduced dosages of the latter while maintaining or enhancing therapeutic efficacy in the treatment of human ovarian cancer. However, further clinical trials are necessary to establish optimal dosing regimens and confirm these findings in a clinical setting.",yes,10.053,20.02,20.74,-9.967,0.0,673,,0.7593055963516235,clinical,14.8,0.8,False
mirage,high,high,True,actual,Most common presentation of abdominal desmoids tumor is?,"The most common presentation of an abdominal desmoid tumor is **abdominal pain**. Desmoid tumors, also known as aggressive fibromatosis, are benign but locally aggressive soft tissue tumors that can cause discomfort or pain due to their growth and pressure on surrounding structures. While an abdominal mass may also be present, abdominal pain is typically the primary symptom that prompts further investigation.",Abdominal mass,12.336052631578948,13.62,15.47,-1.2839473684210514,0.0634920634920634,398,,0.8335524797439575,high,11.13,1.13,True
mirage,high,medium,False,actual,"A 57-year-old woman comes to the physician because of a 3-month history of fatigue. She also reports generalized itchiness that started approximately 2 months ago. Two weeks ago, she noticed yellowing","Based on the information provided about the 57-year-old woman, she is experiencing symptoms that suggest a liver issue, particularly with the presence of jaundice (yellowing of the skin and eyes), fatigue, and generalized itchiness. The laboratory results show elevated liver enzymes (AST and ALT), which indicate liver inflammation or damage, and high alkaline phosphatase, which can suggest a problem with the bile ducts or liver.

Given her symptoms and lab findings, one likely additional finding that could be present in this patient is **autoimmune hepatitis** or **primary biliary cholangitis (PBC)**. PBC is a condition where the bile ducts in the liver become damaged, leading to bile buildup and liver damage. 

In patients with PBC, it is common to find **anti-mitochondrial antibodies (AMA)** in the blood. These antibodies are often present in people with this condition and can help confirm the diagnosis. 

So, the most likely additional finding in this patient would be the presence of **anti-mitochondrial antibodies (AMA)** in her blood tests.",Cutaneous xanthomas,10.094934210526318,13.9,14.14,-3.805065789473682,0.0,1044,,0.7726835012435913,medium,9.38,0.62,False
mirage,high,medium,False,actual,"Pterygomandibular space contains all, except:","The pterygomandibular space contains several important structures, but it does not contain everything. Based on the context provided, the pterygomandibular space typically includes the following:

- The inferior alveolar nerve
- The lingual nerve
- The pterygoid plexus of veins

However, it does not include structures like the parotid gland or the facial nerve. 

So, to answer your question: The pterygomandibular space contains all, except for the structures that are not typically found in this space, such as the parotid gland or the facial nerve. 

If you have specific options to choose from, please provide them, and I can help you identify which one does not belong in the pterygomandibular space.",Long buccal nerve,13.928333333333336,13.08,14.19,0.8483333333333363,0.018018018018018,412,,0.8196945786476135,medium,9.96,0.04,False
mirage,high,clinical,False,actual,Cardiac reoperations in octogenarians: Do they really benefit?,"The context provided does not directly address the specific question regarding the benefits of cardiac reoperations in octogenarians. However, based on current clinical understanding and literature, cardiac reoperations in octogenarians can be complex and must be evaluated on a case-by-case basis.

In general, octogenarians may benefit from cardiac reoperations, particularly if they have significant symptomatic heart disease that can be addressed surgically. Factors influencing the potential benefits include the patient's overall functional status, comorbidities, and the specific cardiac condition being treated (e.g., valvular disease, coronary artery disease). 

Studies have shown that selected elderly patients can achieve favorable outcomes post-reoperation, including improved quality of life and functional capacity. However, the risks associated with surgery, such as increased morbidity and mortality rates, must be carefully weighed against the potential benefits. 

In conclusion, while octogenarians can benefit from cardiac reoperations, thorough preoperative assessment and individualized decision-making are crucial to optimize outcomes. Further research and clinical trials are necessary to better define the criteria for surgical intervention in this age group.",yes,11.582857142857147,18.85,18.83,-7.267142857142854,0.0,636,,0.7775512933731079,clinical,19.98,5.98,False
mirage,high,medium,False,actual,"A 4 years old child was brought to the hospital with right impalpable testsis. During diagnostic laparoscopy for undescended testis, there are blind testicular vessels. What should be done next?","In the situation where a 4-year-old child has an undescended testis (meaning the testis has not moved down into the scrotum) and the doctors find blind testicular vessels during a procedure called diagnostic laparoscopy, the next step is usually to perform an orchidopexy. 

**Orchidopexy** is a surgical procedure to move the testis into the scrotum and secure it there. This is important because if a testis stays undescended, it can lead to problems like infertility or an increased risk of testicular cancer later in life.

In this case, since the vessels are described as ""blind,"" it means that the blood supply to the testis is not normal. If the testis is not viable (meaning it cannot survive), the doctors may need to remove it instead. However, if the testis is still healthy enough to be moved, they would proceed with the orchidopexy to place it in the correct position.

So, the answer is: **Perform an orchidopexy if the testis is viable; if not, consider removal.**",Nothing is to be done,10.0375,11.7,13.48,-1.6624999999999996,0.0348837209302325,707,,0.7831392884254456,medium,8.37,1.63,False
mirage,high,high,True,actual,"A 63-year-old man is aiming to improve his health by eating a well balanced diet, walking daily, and quitting smoking following a 45-year smoking history. While on his daily walks he notices a strong ","Cilostazol is a medication primarily used to treat intermittent claudication associated with peripheral artery disease (PAD). Its mechanism of action involves two key pharmacological effects:

1. **Phosphodiesterase Inhibition**: Cilostazol is a selective inhibitor of phosphodiesterase type 3 (PDE3). By inhibiting this enzyme, cilostazol increases the levels of cyclic adenosine monophosphate (cAMP) within platelets and vascular smooth muscle cells. Elevated cAMP levels lead to vasodilation and reduced platelet aggregation, which can improve blood flow to the affected limbs.

2. **Vasodilation**: The increase in cAMP results in relaxation of vascular smooth muscle, promoting vasodilation. This effect enhances perfusion in the ischemic tissues, thereby alleviating the symptoms of claudication during physical activity.

In summary, cilostazol alleviates symptoms of intermittent claudication by inhibiting PDE3, leading to increased cAMP levels, which promotes vasodilation and improves blood flow to the lower extremities.",Phosphodiesterase inhibitor,12.694473684210529,15.68,15.9,-2.985526315789471,0.0289855072463768,840,,0.8107162117958069,medium,8.74,1.26,False
mirage,high,medium,False,actual,"A 50 years old lady, who has a known diagnosis of bronchial asthma, presented to the AIIMS emergency with complaints of severe breathlessness, diaphoresis and wheezing. On examination, you find that t","In this situation, the 50-year-old woman with bronchial asthma is experiencing a severe asthma attack. Her symptoms include severe breathlessness (difficulty breathing), sweating (diaphoresis), and wheezing (a high-pitched whistling sound when breathing). 

Her vital signs show that she is breathing very quickly (30 breaths per minute), has low blood pressure (96/64 mm Hg), and a fast heart rate (144 beats per minute). The blood gas analysis indicates that her blood is too acidic (pH of 7.2, where normal is around 7.35-7.45), and she has low oxygen levels (pO2 of 50 mm Hg, where normal is about 75-100 mm Hg) and high carbon dioxide levels (pCO2 of 70 mm Hg, where normal is about 35-45 mm Hg). These results suggest that she is not getting enough oxygen and is having trouble getting rid of carbon dioxide, which is serious.

**Management Steps:**

1. **Administer Oxygen**: Start giving her supplemental oxygen to help improve her oxygen levels.

2. **Bronchodilators**: Use a fast-acting bronchodilator (like albuterol) via a nebulizer or metered-dose inhaler. This medication helps open up the airways and makes it easier for her to breathe.

3. **Corticosteroids**: Consider giving systemic corticosteroids (like prednisone) to reduce inflammation in the",Ventilation with continuous positive airway pressure,11.01404761904762,10.47,12.75,0.5440476190476193,0.0186915887850467,992,,0.7905197143554688,high,11.3,1.3,True
mirage,high,medium,False,actual,Slow growing alveolar like tumor in liver,"The slow-growing alveolar-like tumor in the liver could be associated with certain types of infections or conditions. In the context provided, the most relevant options are:

- **Echinococcus granulosus (E. granulosus)**: This is a type of tapeworm that can cause hydatid disease, leading to cysts in the liver. These cysts can grow slowly and may resemble tumors.

- **Echinococcus multilocularis (E. multilocularis)**: This is another type of tapeworm that can cause a similar condition, but it tends to be more aggressive and can invade surrounding tissues.

- **Cysticercus cellulosae**: This is the larval form of the pork tapeworm and can also lead to cyst formation, but it is less commonly associated with liver tumors.

- **Amoebic liver abscess**: This is an infection caused by the amoeba Entamoeba histolytica, which can lead to abscesses in the liver, but it is not typically described as a slow-growing tumor.

Based on this information, the most likely cause of a slow-growing alveolar-like tumor in the liver would be **Echinococcus granulosus** or **Echinococcus multilocularis**, as these are known to form cysts in the liver that can resemble tumors.",E. multilocularis,11.2,12.14,14.55,-0.9400000000000012,0.021505376344086,614,,0.8075059652328491,medium,9.05,0.95,False
mirage,high,medium,False,actual,"A 32-year-old man with HIV comes to the physician because of a 2-month history of weight loss, night sweats, and productive cough. Auscultation of the lungs shows coarse crackles at the right upper po","The negative tuberculin skin test in this 32-year-old man with HIV is most likely due to impairment of his immune response, specifically the function of T cells. 

**Explanation:**

1. **Tuberculin Skin Test:** This test is used to check if someone has been exposed to the bacteria that causes tuberculosis (TB). A small amount of a substance called tuberculin is injected under the skin. If the immune system has previously encountered the TB bacteria, a raised, red bump (induration) will appear at the injection site within 48 to 72 hours.

2. **HIV and Immune System:** HIV (Human Immunodeficiency Virus) attacks the immune system, particularly a type of white blood cell called T helper cells (or CD4 cells). These cells are crucial for coordinating the immune response. When their numbers are low, the body struggles to respond to infections, including TB.

3. **Negative Result:** In this patient, even though he has symptoms and sputum analysis shows acid-fast bacilli (which indicates TB), the lack of induration at the injection site suggests that his immune system is not functioning properly. This is likely because his T cells are impaired due to HIV, preventing a proper immune response to the tuberculin test.

In summary, the negative tuberculin skin test is most likely caused by the impairment of T cell function due to HIV infection.",Interaction of B7 and CD28 ligands,10.312817460317463,12.08,13.66,-1.767182539682537,0.0175438596491228,1019,,0.7870298027992249,medium,7.0,1.0,False
mirage,high,medium,False,actual,Middle constrictor of pharynx has attachment from:,"The middle constrictor of the pharynx attaches from the greater horn of the hyoid bone and the stylohyoid ligament. This muscle plays a role in swallowing by helping to constrict the pharynx. 

If you have any more questions about the pharynx or related topics, feel free to ask!",Body of hyoid bone,12.860000000000005,8.84,11.21,4.020000000000005,0.1153846153846153,311,,0.8462352156639099,medium,9.05,0.95,False
mirage,high,high,True,actual,"A male child presented with coarse facies, protuberant abdomen , frontal head enlargement, thickening of cardiac valve, hepatosplenomegaly, hearing impairement. What is the most probable diagnosis?","The clinical presentation described in the question is suggestive of **Mucopolysaccharidosis type I (MPS I)**, also known as Hurler syndrome. The key features supporting this diagnosis include:

1. **Coarse facies**: Children with MPS I often exhibit distinct facial features that become more pronounced with age.
2. **Protuberant abdomen**: This can be attributed to hepatosplenomegaly, which is common in lysosomal storage disorders.
3. **Frontal head enlargement**: This is indicative of increased intracranial pressure or skeletal abnormalities often seen in MPS conditions.
4. **Thickening of cardiac valves**: Cardiac involvement is a known complication in MPS I, leading to valvular heart disease.
5. **Hepatosplenomegaly**: Enlargement of the liver and spleen is a hallmark of MPS I due to the accumulation of glycosaminoglycans.
6. **Hearing impairment**: This can occur due to various factors, including middle ear effusion and structural changes in the ear.

Given these clinical findings, the most probable diagnosis for the male child is **Mucopolysaccharidosis type I (Hurler syndrome)**.",Hunter's disease,10.356923076923078,12.41,14.39,-2.0530769230769224,0.0125,873,,0.7662039399147034,high,12.41,1.59,True
mirage,high,low,False,actual,"Light cure system, side effect is:",The light cure system is a treatment that uses special light to help with skin problems. One side effect of this treatment can be skin irritation or redness. This means the skin might feel sore or look a little red after the treatment. Always talk to a doctor about any side effects you might have.,Retinal damage,10.713333333333338,5.65,5.99,5.063333333333338,0.0,369,,0.7924241423606873,low,2.48,3.52,False
mirage,high,high,True,actual,"A 45-year-old man presents to a surgeon with painless swelling over his right leg. He noticed the swelling 6 months ago, but he ignored it because it was painless. However, he is now concerned as the ","In the context of the presented case, the tumor initially suspected to be a lipoma was ultimately diagnosed as a liposarcoma. Liposarcoma is a malignant neoplasm of adipose tissue characterized by atypical lipoblasts and a more aggressive behavior compared to benign lipomas.

One of the key enzymes associated with liposarcoma, particularly in the context of increased lipogenic activity and altered metabolism, is fatty acid synthase (FAS). Fatty acid synthase is crucial for the de novo synthesis of fatty acids, which can be upregulated in various tumors, including liposarcomas, as these tumors often exhibit a high demand for lipid synthesis to support their growth and proliferation.

Therefore, the enzyme most likely to show increased activity in the cells of this patient's tumor is **fatty acid synthase (FAS)**.",Telomerase,10.345980392156864,16.71,16.65,-6.364019607843137,0.0,895,,0.756370484828949,low,5.48,0.52,False
mirage,high,high,True,actual,A 3-year-old male is brought in to his pediatrician by his mother because she is concerned that he is not growing appropriately. Physical examination is notable for frontal bossing and shortened upper,"Based on the provided clinical context, the 3-year-old male exhibits significant growth concerns, characterized by frontal bossing, shortened extremities, and a disproportionate head circumference (95th percentile) relative to his height (7th percentile). The details suggest a potential disorder related to skeletal growth and development.

The mention of a genetic analysis revealing an activating mutation in a growth factor receptor points towards a disruption in the signaling pathways that regulate cellular growth and differentiation. Specifically, growth factors play a critical role in various physiological processes, including chondrogenesis (the formation of cartilage), osteogenesis (the formation of bone), and overall growth regulation.

In this case, the most likely disrupted physiological process is **chondrogenesis**, which is essential for proper bone growth and development, particularly in the long bones of the extremities. The activating mutation in the growth factor receptor may lead to abnormal signaling that affects the proliferation and maturation of chondrocytes (the cells responsible for cartilage formation), resulting in the observed skeletal abnormalities, including shortened limbs and frontal bossing.

Thus, the disruption in the chondrogenesis process is likely contributing to the patient's growth impairment and skeletal features.",Endochondral ossification,11.555683060109292,19.42,20.8,-7.86431693989071,0.0,888,,0.7903594970703125,high,11.3,1.3,True
mirage,high,clinical,False,actual,Is it safe to perform rectal anastomosis in gynaecological debulking surgery without a diverting stoma?,"Performing a rectal anastomosis during gynecological debulking surgery without a diverting stoma is generally considered high-risk due to the potential for anastomotic leakage, which can lead to significant morbidity. In cases where the rectum is involved or there is a high likelihood of contamination from the surgical field, it is advisable to create a diverting stoma (such as a loop ileostomy) to mitigate the risk of fecal diversion and subsequent complications. 

In summary, while technically feasible, rectal anastomosis without a diverting stoma in the context of gynecological debulking surgery is not considered safe due to the increased risk of postoperative complications. A diverting stoma is recommended to enhance patient safety and outcomes.",yes,10.419285714285714,18.51,19.78,-8.090714285714288,0.0,497,,0.7880814075469971,clinical,15.43,1.43,False
mirage,clinical,clinical,True,actual,"In a 32 year female patient, left supraclavicular lymph node biopsy histologically shows acidophilic owl eye nucleoli lying freely in empty spaces showing immunohistocompatibility with CD 15 & CD 30, ","The histological findings of acidophilic ""owl eye"" nucleoli, along with immunohistochemical positivity for CD15 and CD30, are characteristic of Reed-Sternberg cells, which are indicative of Hodgkin's lymphoma. Given the context, the most likely diagnosis is:

**A: Nodular sclerosis Hodgkin's lymphoma.** 

This subtype is the most common form of Hodgkin's lymphoma and typically presents with these specific histological features.",Nodular sclerosis Hodgkin's lymphoma,29.982352941176476,15.75,16.32,14.232352941176476,0.1492537313432836,663,,0.8419190049171448,clinical,20.95,6.95,True
mirage,clinical,medium,False,actual,A psychiatrist is not posted at:,"Based on the context provided, the question about where a psychiatrist is not posted does not have a direct answer from the information given. The scenarios focus on different medical cases involving a woman’s health screenings, a man with a skin lesion, and a patient in an emergency room with low blood sugar. None of these scenarios mention the presence or absence of a psychiatrist.

If you have more specific information or context regarding the placement of psychiatrists or any related topic, please share that, and I can help you better!",PHC,14.798947368421054,12.86,14.19,1.9389473684210543,0.0,608,,0.7792142033576965,medium,6.42,0.42,False
mirage,clinical,medium,False,actual,Positive pivot shift test in knee is because of injury to -,"The positive pivot shift test is used to check for an injury to the anterior cruciate ligament (ACL) of the knee. 

The ACL is one of the key ligaments that helps stabilize the knee joint. When this ligament is injured, it can cause instability in the knee, which is what the pivot shift test is designed to detect. If the test is positive, it suggests that the ACL may be torn or damaged. 

In the context of the 25-year-old boy who fell while playing football and is experiencing pain, swelling, and limited motion in his knee, a positive pivot shift test would indicate that he might have an ACL injury.",Anterior cruciate ligament,18.232000000000003,9.94,13.02,8.292000000000003,0.0521739130434782,684,,0.8305106163024902,medium,6.94,0.94,False
mirage,clinical,medium,False,actual,The cribriform plate connects,"The cribriform plate is a thin, bony structure located at the base of the skull. It connects the nasal cavity, which is the space inside your nose, to the brain. This plate has small holes that allow nerve fibers from the nasal cavity to pass through and send smell signals to the brain. 

In summary, the cribriform plate connects the nasal cavity to the brain.",Nasal cavity and anterior cranial fossa,18.508571428571432,7.09,10.69,11.418571428571433,0.0845070422535211,329,,0.8275781869888306,medium,6.62,0.62,False
mirage,clinical,clinical,True,actual,Continuation of pregnancy after antenatal corticosteroid administration: opportunity for rescue?,"A: yes

Continuation of pregnancy after antenatal corticosteroid administration can be considered an opportunity for rescue, particularly in cases where the benefits of prolonging gestation outweigh the risks associated with potential complications. Antenatal corticosteroids are administered to enhance fetal lung maturity and reduce the incidence of neonatal respiratory distress syndrome, thus facilitating better outcomes in preterm infants. Therefore, if the clinical scenario allows for it, continuation of pregnancy may be beneficial following corticosteroid administration.",maybe,17.029999999999998,22.89,21.19,-5.860000000000003,0.0,392,,0.8108291029930115,clinical,27.25,13.25,True
mirage,clinical,medium,False,actual,In mandibular primary second molar true statement is,"Based on the context provided, we don't have specific information about the mandibular primary second molar. However, I can share some general true statements about the mandibular primary second molar:

1. **Location**: The mandibular primary second molar is located towards the back of the mouth in children, behind the primary first molar.
2. **Function**: Its main function is to help in chewing food, as it has a larger surface area for grinding.
3. **Eruption**: This tooth typically erupts around the age of 2 to 3 years.
4. **Roots**: It usually has two roots, which help anchor it securely in the jawbone.

If you have specific options or statements about the mandibular primary second molar, please share them, and I can help identify which one is true!",All buccal cusp are fo same size> all lingual cusp are of same size,16.804285714285715,10.16,12.54,6.644285714285715,0.0141843971631205,505,,0.804572582244873,medium,8.18,1.82,False
mirage,clinical,high,False,actual,Preconceptional intake of which of the following results in decrease in incidence of neural tube defect:,"Preconceptional intake of folic acid (vitamin B9) is associated with a significant decrease in the incidence of neural tube defects (NTDs). Folic acid is crucial for DNA synthesis and repair, and it plays a vital role in the proper closure of the neural tube during early embryonic development. It is recommended that women of childbearing age consume at least 400 micrograms of folic acid daily, ideally starting at least one month before conception and continuing through the first trimester, to reduce the risk of NTDs such as spina bifida and anencephaly.",Folate,15.480740740740742,17.38,17.12,-1.8992592592592563,0.0,533,,0.770728349685669,high,12.04,1.96,False
mirage,clinical,high,False,actual,"A 30 year old female is on antibiotics with prolonged IV cannulation, has spike of fever, the likely cause is :","In the scenario presented, a 30-year-old female on antibiotics with prolonged intravenous (IV) cannulation who experiences a spike in fever is likely experiencing a central line-associated bloodstream infection (CLABSI) or catheter-related bloodstream infection (CRBSI). 

Prolonged IV cannulation can lead to the introduction of pathogens into the bloodstream, particularly if the catheter is not properly maintained or if there is a breach in sterile technique during insertion or handling. The presence of fever indicates a systemic response to infection, which can be due to bacteria, fungi, or other pathogens entering the bloodstream through the IV line.

Given that the patient is on antibiotics, it is also important to consider the possibility of antibiotic-resistant organisms, which may not respond to the current antibiotic regimen. Common pathogens associated with CLABSI include Staphylococcus aureus, coagulase-negative staphylococci, and enteric Gram-negative rods.

In summary, the spike in fever in this patient is likely due to a bloodstream infection related to the prolonged use of an IV cannula, necessitating further evaluation, including blood cultures, to identify the causative organism and adjust antibiotic therapy as needed.",Coagulase negative staphylococcus,19.449696969696976,20.31,19.78,-0.8603030303030224,0.0212765957446808,810,,0.8178709745407104,high,10.5,0.5,False
mirage,clinical,medium,False,actual,"CA maxillary sinus stage III (T3 No Mo), treatment of choice is / Ca maxillary sinus is treated by -","For a patient with stage III maxillary sinus cancer (also known as T3 N0 M0), the treatment of choice is typically surgery, often followed by radiation therapy. 

**Explanation of Terms:**
- **Maxillary Sinus:** This is a cavity located in the cheek area, near the nose. 
- **Stage III (T3):** This means the cancer has grown larger and may have spread to nearby tissues but has not spread to distant parts of the body (M0 means no distant metastasis).
- **N0:** This indicates that there are no nearby lymph nodes involved.

In many cases, the first step is to surgically remove the tumor. After surgery, radiation therapy may be used to kill any remaining cancer cells and reduce the risk of the cancer coming back.

If you have more questions about this condition or treatment options, feel free to ask!",Surgery + Radiotherapy,18.930000000000003,10.03,12.29,8.900000000000004,0.0144927536231884,538,,0.7915828227996826,medium,8.47,1.53,False
mirage,clinical,high,False,actual,Ferns undergo alternation of generations in which a,"Ferns undergo alternation of generations in which a diploid sporophyte generation produces haploid spores through meiosis, which then develop into a haploid gametophyte generation. The gametophyte produces gametes (sperm and eggs) through mitosis. Upon fertilization, the sperm and egg unite to form a new diploid sporophyte, thus completing the cycle. This process is characteristic of all vascular plants, including ferns, and is a fundamental aspect of their reproductive strategy.",dominant sporophyte alternates with an independent gametophyte,24.12769230769231,13.71,15.9,10.41769230769231,0.0526315789473684,355,,0.8548542261123657,high,11.13,1.13,False
mirage,clinical,high,False,actual,All of the following are true regarding tonsillectomy in children except:,"In the context of tonsillectomy in children, the following statements are generally true, except for one:

1. **Tonsillectomy is a common procedure in children**: This is true, as tonsillectomy is frequently performed for recurrent tonsillitis or obstructive sleep apnea.

2. **Complications are rare**: While complications can occur, they are generally infrequent, especially in healthy children undergoing the procedure.

3. **Postoperative bleeding is a potential risk**: This is true, as postoperative hemorrhage is one of the complications that can arise after tonsillectomy.

4. **Tonsillectomy can lead to long-term immunity issues**: This statement is generally false. While the tonsils play a role in immune function, their removal does not significantly impair the overall immune response in children.

Therefore, the statement that is not true regarding tonsillectomy in children is: **Tonsillectomy can lead to long-term immunity issues.**",Extracapsular approach is best for cold approach,23.462222222222227,14.77,15.72,8.692222222222227,0.0279720279720279,667,,0.7870043516159058,high,11.23,1.23,False
mirage,clinical,medium,False,actual,The part of the mandible which ossify in cartilage is:,"The part of the mandible that ossifies in cartilage is called the **condylar process**. This means that the area where the mandible connects to the skull at the jaw joint develops from cartilage before it turns into bone. This process is important for the proper formation and function of the jaw. 

If you have any more questions about bones or how they develop, feel free to ask!",All of the above,15.3275,8.2,12.16,7.127500000000001,0.056338028169014,364,,0.8135074973106384,medium,7.19,1.19,False
mirage,clinical,clinical,True,actual,Antibody-dependent enhancement is implicated in the immunopathogenesis of which disease?,Antibody-dependent enhancement is implicated in the immunopathogenesis of **Dengue hemorrhagic fever**.,Dengue hemorrhagic fever,17.115,,,,0.4,435,,0.846766471862793,clinical,17.81,3.81,True
mirage,clinical,high,False,actual,Which of the following statements about developing a dental radiograph is false?,"To answer the question regarding which statement about developing a dental radiograph is false, we must first consider the general principles of dental radiography. While the specific statements are not provided in your query, I can outline common misconceptions that could be deemed false in the context of dental radiography development.

1. **Radiographs can be developed without a darkroom**: This is false. Traditional film-based radiographs require a darkroom to prevent exposure to light during the development process. However, digital radiography does not require this, as images are captured electronically.

2. **All dental radiographs require the same developing time**: This is false. Different types of films and processing solutions may require varying developing times based on their specific chemical compositions and the desired image quality.

3. **The developer solution can be reused indefinitely**: This is false. Developer solutions degrade over time and should be replaced regularly to ensure optimal image quality.

4. **Radiographs can be developed at any temperature**: This is false. Developing solutions must be maintained at specific temperatures to ensure proper chemical reactions occur, which is crucial for achieving high-quality images.

If you have specific statements regarding dental radiograph development, please provide them, and I can help identify which one is false based on the context provided.",It typically involves a developer containing sodium thiosulphate,15.945909090909094,13.98,16.42,1.9659090909090935,0.018348623853211,696,,0.783762514591217,high,10.72,0.72,False
mirage,clinical,medium,False,actual,27. The lateral spread of dental caries is facilitated mostly by the,"The lateral spread of dental caries (tooth decay) is mostly facilitated by the presence of **plaque**. Plaque is a sticky film of bacteria that forms on your teeth. When you eat sugary or starchy foods, the bacteria in plaque produce acids that can attack the tooth enamel, leading to decay. 

As the decay progresses, it can spread sideways (laterally) along the surface of the tooth, especially if there are grooves or pits where plaque can accumulate. This is why it's important to maintain good oral hygiene by brushing and flossing regularly to remove plaque and prevent cavities.",Dentinoenamel junction,15.400000000000002,10.47,12.34,4.9300000000000015,0.0,576,,0.7750475406646729,medium,8.76,1.24,False
mirage,clinical,high,False,actual,All of these are dental auxiliary dental materials except:,"Based on the context provided, the question ""All of these are dental auxiliary dental materials except:"" does not have specific options listed. However, if we consider common dental auxiliary materials, they typically include items such as impression materials, dental cements, and temporary restorative materials.

To accurately answer the question, one would need to identify a material that does not fit the category of auxiliary dental materials. For example, if the options included something like ""toothbrush"" or ""dental floss,"" these would not be classified as auxiliary dental materials, as they are not used directly in dental procedures or treatments.

If you can provide the specific options for this question, I would be able to give a more precise answer.",Ceramic,15.638095238095236,15.51,16.65,0.128095238095236,0.0,364,,0.7710858583450317,high,11.52,1.52,False
mirage,clinical,medium,False,actual,Most prominent lingual fossa in Incisors is seen in,"The most prominent lingual fossa in incisors is typically seen in the maxillary central incisors. 

**Explanation:**
- The term ""lingual fossa"" refers to a depression or concave area on the tongue side of a tooth.
- Maxillary central incisors are the two front teeth in the upper jaw, and they usually have a more noticeable fossa compared to other incisors.

If you have any more questions about teeth or dental health, feel free to ask!",Upper Lateral incisor,17.288,10.6,13.43,6.688000000000001,0.0526315789473684,455,,0.8198888897895813,medium,7.59,1.59,False
mirage,clinical,medium,False,actual,Most common site of zygomatic arch fracture is:,"The most common site of a zygomatic arch fracture is **anterior to the zygomaticotemporal suture**. 

To explain a bit more, the zygomatic arch is a bony structure that forms part of the cheek and is located on the side of the skull. The zygomaticotemporal suture is a line where two bones meet. When a fracture occurs in this area, it often happens just in front of this suture.",Posterior to Zygomaticotemporal suture,21.536000000000005,8.91,10.69,12.626000000000005,0.0833333333333333,396,,0.8394384384155273,medium,6.71,0.71,False
mirage,clinical,high,False,actual,A screening test is used in the same way in two similar populations but the proportion of false positive results in population A is lower than that in population B. what is the likely explanation?,"In the scenario described, where a screening test is utilized in two similar populations but exhibits a lower proportion of false positive results in population A compared to population B, the most likely explanation for this discrepancy is the difference in the underlying prevalence of the condition being screened for in the two populations.

When the prevalence of a disease is lower in a population, the likelihood of obtaining false positive results tends to increase. This is due to the statistical phenomenon known as the ""base rate fallacy,"" where a lower prevalence can lead to a higher proportion of positive test results that are not true positives. Conversely, if population A has a higher prevalence of the condition, it would naturally yield a lower proportion of false positives, as the test is more likely to correctly identify true cases.

Additionally, other factors that could contribute to the difference in false positive rates include variations in the test's specificity, differences in the populations' demographics or health characteristics, and potential biases in how the test is administered or interpreted in each population. However, the primary and most straightforward explanation remains the difference in disease prevalence between the two populations.",The prevalence of the disease is higher in population A,14.216666666666669,19.26,21.04,-5.043333333333333,0.0865384615384615,592,,0.8390383720397949,high,10.45,0.45,False
mirage,clinical,medium,False,actual,Highest incidence of atypical root canal or root among all teeth is seen in,"Based on the context provided, the question about the highest incidence of atypical root canal or root among all teeth is not directly answered in the information given. However, I can provide some general knowledge about this topic.

Atypical root canals are often found in certain teeth more than others. The teeth that commonly have unusual root canal systems are usually the maxillary molars and mandibular molars. Among these, the maxillary first molar is particularly known for having a high incidence of complex root canal anatomy.

If you have more specific information or context about the question, I would be happy to help clarify further!",Mandibular 1st premolar,15.98,11.8,13.3,4.18,0.0185185185185185,547,,0.8135563731193542,medium,8.41,1.59,False
plaba,medium,medium,True,actual,"48 Introduction: Low-dose interleukin-2 (IL-2) selectively restores disturbances of regulatory T cells (Treg) and conventional T cells, resulting in the induction of remission in patients with systemi","The study discussed in the provided context investigates the use of low-dose interleukin-2 (IL-2) as a treatment for patients with refractory lupus nephritis (LN). Refractory LN means that the condition has not responded well to standard treatments. 

In this study, ten patients who had not improved with at least two other immunosuppressive medications received low-dose IL-2. The treatment involved giving them 1 million international units (IU) of IL-2 under the skin every other day for two weeks, followed by a two-week break. This cycle was repeated three times.

The results showed that 70% of the patients experienced a significant improvement in their condition. Specifically, their proteinuria (the presence of excess protein in urine, which indicates kidney issues) decreased by more than half after 12 weeks of treatment. Additionally, there was a notable reduction in the number of red blood cells in their urine, which suggests improved kidney function. 

The study also found that certain immune cells, called regulatory T cells (Treg), increased in number after treatment, which may help in managing the immune response in these patients. Importantly, no serious side effects were reported during the treatment.

In conclusion, low-dose IL-2 therapy appears to be a promising and safe option for treating patients with refractory lupus nephritis, potentially offering a new approach when traditional treatments have failed.","Introduction: Low-dose interleukin-2 (IL-2) selectively restores disturbances of regulatory T cells (Treg) and conventional T cells, resulting in the induction of remission in patients with systemic lupus erythematosus. However, to date no research has been carried out on the efficacy of low-dose IL-2 in the treatment of refractory lupus nephritis (LN). The aim of the study reported here was to investigate the renal response to low-dose IL-2 in patients with refractory LN. Methods: The study pop",8.578809523809522,12.22,13.17,-3.641190476190479,0.2532894736842105,1361,,0.8669947981834412,clinical,19.85,5.85,False
plaba,medium,medium,True,actual,"9 Objective: This study was designed to explore the clinical application of video laryngoscopy in the diagnosis and treatment of throat foreign bodies (FBs). Method: In total, 1572 patients diagnosed ","The study you provided focuses on the use of video laryngoscopy, a medical procedure that uses a camera to help doctors see inside the throat, to diagnose and treat foreign bodies (FBs) that get stuck in the throat. Here are the key points from the study:

1. **Objective**: The main goal was to see how effective video laryngoscopy is for finding and removing objects stuck in the throat.

2. **Method**: The researchers looked back at the records of 1,572 patients who had foreign bodies in their throats at a hospital in Nanjing. They collected information such as how long it took for patients to get to the hospital after swallowing the object, their age, gender, how long they stayed in the hospital, and where the object was stuck.

3. **Results**: 
   - The most common foreign body found was fish bones, which made up about 92% of the cases (1,446 out of 1,572).
   - A significant number of these foreign bodies (about 64%) were successfully removed using video laryngoscopy without causing any complications.
   - Patients who had shorter hospital stays tended to have a higher success rate with the video laryngoscopy.
   - Sharp objects were easier to diagnose and remove compared to non-sharp objects.
   - The most common places where objects were stuck included the back of the tongue (42.29%), a part of the throat called the epiglottic vallecula","Objective: This study was designed to explore the clinical application of video laryngoscopy in the diagnosis and treatment of throat foreign bodies (FBs). Method: In total, 1572 patients diagnosed with throat FBs at the Department of Otolaryngology of Nanjing Drum Tower Hospital were retrospectively analysed. The covariables collected were the time from FB ingestion to admission, age, sex, duration of admission, and site of impaction. Result: The most common FBs were fish bones, which accounted",9.691713459950456,10.15,12.24,-0.4582865400495439,0.2696078431372549,1051,,0.85513836145401,high,11.5,1.5,False
plaba,medium,medium,True,actual,24 1. The purpose of this study was to compare the effects and abrupt discontinuation of buspirone 15 or 20 mg tid and lorazepam 3 or 4 mg tid following 8 weeks of treatment. A total of 43 outpatients,"The study you provided compares two medications, buspirone and lorazepam, to see how well they work for people with generalized anxiety disorder (GAD) and how they affect patients when they stop taking them. 

1. **Purpose of the Study**: The main goal was to see how effective buspirone (15 or 20 mg taken three times a day) and lorazepam (3 or 4 mg taken three times a day) are over 8 weeks of treatment, and what happens when patients suddenly stop taking these medications.

2. **Participants**: 43 outpatients with GAD were included in the study, and 39 of them continued to the withdrawal phase after the treatment.

3. **Assessments**: Doctors measured anxiety levels and other symptoms at different times during the study using various scales, including the Hamilton anxiety scale (HAM-A) and the CHESS 84 checklist for physical symptoms.

4. **Results**: 
   - Both medications were found to be similarly effective in reducing anxiety during the treatment phase.
   - Buspirone showed a greater improvement in reducing certain physical symptoms (neurovegetative symptoms) compared to lorazepam.
   - When patients stopped taking the medications, neither drug caused significant withdrawal symptoms, meaning patients did not experience major problems when they stopped.

5. **Conclusion**: The study concluded that buspirone is as effective as lorazepam for treating GAD, but they may work differently on physical symptoms","1. The purpose of this study was to compare the effects and abrupt discontinuation of buspirone 15 or 20 mg tid and lorazepam 3 or 4 mg tid following 8 weeks of treatment. A total of 43 outpatients with generalized anxiety disorder were included in the study and 39 entered the withdrawal phase. 2. Clinical assessments were performed at baseline, 2, 4, 6 and 8 weeks (active phase) and after 9 and 10 weeks (withdrawal phase). These included the Hamilton anxiety scale, the visual analogue scale, th",7.8776086956521745,14.87,15.74,-6.992391304347825,0.2690763052208835,1322,,0.8537893891334534,medium,9.26,0.74,True
plaba,medium,medium,True,actual,"14 Suggested food, vaccination, drugs, and supplementary for the immune system for COVID-19. According to the World Health Organization, healthy foods and hydration are vital. Individuals consuming a ","To support your immune system, especially during times like the COVID-19 pandemic, it's important to focus on a balanced diet and healthy lifestyle choices. Here are some key recommendations based on the information provided:

### Suggested Foods:
1. **Fruits and Vegetables**: These are rich in vitamins and minerals. Aim for a variety of colors to get a range of nutrients.
2. **Legumes**: Beans, lentils, and peas are great sources of protein and fiber.
3. **Nuts and Seeds**: These provide healthy fats and are good sources of vitamin E and zinc.
4. **Whole Grains**: Foods like brown rice, quinoa, and whole grain bread can help provide energy and nutrients.
5. **Animal Sources**: If you eat meat, focus on white meats (like chicken and turkey) and fish, which are generally healthier options.
6. **Foods Rich in Vitamin A**: Carrots, sweet potatoes, and spinach are good choices.

### Vitamins and Minerals:
- **Vitamin B**: Important for protecting against infections.
- **Vitamin C**: Helps reduce flu-like symptoms.
- **Vitamin D**: Can be obtained from sunlight and is crucial for immune function.
- **Vitamin E**: Found in nuts and seeds, helps support the immune system.
- **Zinc**: Necessary for maintaining a healthy immune system.

### Hydration:
- Drink **8 to 10 cups of water** daily. You can also include fruit","Suggested food, vaccination, drugs, and supplementary for the immune system for COVID-19. According to the World Health Organization, healthy foods and hydration are vital. Individuals consuming a well-balanced diet are healthier with a strong immune system and have a reduced risk of chronic illness, infectious diseases. Vitamins and minerals are vital. Vitamin B, insoluble in water, protects from infection. Vitamin C protects from flu-like symptoms. Insufficient vitamin D and vitamin E can lead",9.95865413533835,7.93,11.21,2.02865413533835,0.2171189979123173,1083,,0.8354594111442566,high,11.23,1.23,False
plaba,medium,medium,True,actual,"10 Background and aims: In previous studies, we successfully applied Low Level Laser Therapy (LLLT) in patients with non-specific chronic pain of the shoulder joint and lower back. The purpose of the ","Based on the context provided, the study investigated the effectiveness of Low Level Laser Therapy (LLLT) for treating chronic joint pain in the elbow, wrist, and fingers. The results showed that patients experienced a significant reduction in pain, as measured by the Visual Analogue Scale (VAS), after receiving LLLT. Specifically, the average pain score decreased from 59.2 before treatment to 33.1 after treatment, indicating a positive effect of the therapy. However, the relief from pain lasted for a limited time—about one and a half days for wrist pain and tennis elbow, and between three to fifteen hours for other types of pain. Importantly, there was no change in the range of motion for any of the patients.

In summary, LLLT was found to be effective in reducing chronic pain in the studied areas, but the pain relief was temporary and did not improve the movement of the joints.","Background and aims: In previous studies, we successfully applied Low Level Laser Therapy (LLLT) in patients with non-specific chronic pain of the shoulder joint and lower back. The purpose of the present study was to assess the effectiveness of LLLT for chronic joint pain of the elbow, wrist, and fingers. Subjects and methods: Nine male and 15 female patients with chronic joint pain of the elbow, wrist, or fingers, who were treated at the rehabilitation outpatient clinic at our hospital from Ap",9.535334486735874,10.6,12.82,-1.064665513264126,0.3073496659242761,989,,0.874304473400116,medium,9.82,0.18,True
plaba,medium,medium,True,actual,"63 Purpose: Increased epidermal growth factor receptor (EGFR) expression may promote breast cancer resistance to endocrine therapy. We have therefore investigated whether neoadjuvant gefitinib, an EGF","The study you provided looked at how adding gefitinib, a drug that inhibits a specific protein called the epidermal growth factor receptor (EGFR), could help women with early breast cancer who were already being treated with anastrozole, a hormone therapy. The goal was to see if gefitinib could improve the effectiveness of anastrozole, especially for women whose cancer might not respond well to hormone therapy alone.

In this study, postmenopausal women with early-stage hormone receptor-positive breast cancer were given anastrozole for 16 weeks. Some women also received gefitinib, while others received a placebo (a pill with no active medication). The researchers measured changes in a specific marker called Ki67, which indicates how fast cancer cells are growing, and looked at how many patients had a positive response to the treatment.

The results showed that adding gefitinib did not significantly improve the treatment outcomes compared to anastrozole alone. The changes in Ki67 levels and the overall response rates were not better with the combination treatment than with anastrozole by itself. Additionally, some side effects were noted, such as diarrhea, rash, and nausea, but there was no interaction between the two drugs that would cause additional problems.

In conclusion, the study found that adding gefitinib to anastrozole did not provide any extra benefits for treating early breast cancer, which means the original idea that it would help was not supported by the results.","Purpose: Increased epidermal growth factor receptor (EGFR) expression may promote breast cancer resistance to endocrine therapy. We have therefore investigated whether neoadjuvant gefitinib, an EGFR inhibitor, might overcome biologic and clinical resistance to neoadjuvant anastrozole in a phase II placebo-controlled trial. Patients and methods: Postmenopausal women with stage I to IIIB hormone receptor-positive early breast cancer received anastrozole 1 mg daily for 16 weeks and were randomly as",8.906768905341089,14.14,14.55,-5.233231094658912,0.2045855379188712,1344,,0.858873188495636,high,13.53,0.47,False
plaba,medium,medium,True,actual,74 Objective: To evaluate whether the clinical characteristics of chronic cough were helpful in determining its specific causes. Methods: Patients with chronic cough were evaluated by a validated syst,"Based on the information provided, the study aimed to evaluate how the characteristics of chronic cough can help identify its specific causes. The researchers looked at 196 patients with chronic cough and grouped them into four categories based on their diagnosis: 

1. **Cough-variant asthma (CVA)** 
2. **Upper airway cough syndrome (UACS)** or post-nasal drip syndrome (PNDS)
3. **Eosinophilic bronchitis (EB)**
4. **Gastroesophageal reflux related cough (GERC)**

The study found that certain features of the cough, such as when it occurs (timing), its nature (character), and any related symptoms, can be helpful in determining which of these conditions is causing the cough.

For example:
- Nocturnal cough (coughing at night) was significantly more common in patients with cough-variant asthma (CVA) compared to the other groups.
- In GERC, coughing associated with meals and symptoms of regurgitation were more frequent than in the other groups.
- UACS patients often had symptoms related to postnasal drip and rhinitis (inflammation of the nasal passages).

In conclusion, understanding the timing and characteristics of a chronic cough, along with associated symptoms, can help doctors predict the underlying cause of the cough. This is important for providing the right treatment for each specific condition.","Objective: To evaluate whether the clinical characteristics of chronic cough were helpful in determining its specific causes. Methods: Patients with chronic cough were evaluated by a validated systematic diagnostic protocol. The patients with identified single cause were divided into 4 groups accordingly: cough-variant asthma (CVA), upper airway cough syndrome (UACS) or post-nasal drip syndrome (PNDS), eosinophilic bronchitis (EB), gastroesophageal reflux related cough (GERC), and the characteri",8.92823835094405,11.42,13.32,-2.4917616490559507,0.3360995850622406,1216,,0.8803455829620361,clinical,14.07,0.07,False
plaba,medium,medium,True,actual,"45 Background: Effect of nifedipine on pressure ulcer (PU) healing has not been evaluated in the human subjects yet. Study question: In this study, the effect of topical application of nifedipine 3% o","The study investigated how effective a 3% ointment of nifedipine is for healing pressure ulcers (PUs) in critically ill patients. Pressure ulcers are injuries to the skin and underlying tissue that occur when there is prolonged pressure on the skin, often seen in patients who are bedridden. 

In this study, 200 patients with stage I or II pressure ulcers were divided into two groups. One group received the nifedipine ointment, while the other group received a placebo (a treatment that has no active effect). The patients used the ointment or placebo twice a day for 14 days.

The results showed that patients who used the nifedipine ointment had a significantly greater improvement in both the stage of their pressure ulcers and the size of the ulcers compared to those who received the placebo. Specifically, on day 7, the nifedipine group saw a mean decrease in the stage of their ulcers by 1.71, while the placebo group only saw a decrease of 0.16. By day 14, the nifedipine group had a mean decrease of 0.78 compared to 0.09 in the placebo group.

Additionally, the size of the ulcers also decreased more in the nifedipine group. On day 7, the mean decrease in surface area was 1.44 square centimeters for the nifedipine group versus 0.32 for the placebo group. By day 14, the nifed","Background: Effect of nifedipine on pressure ulcer (PU) healing has not been evaluated in the human subjects yet. Study question: In this study, the effect of topical application of nifedipine 3% ointment on PU healing in critically ill patients was investigated. Study design: This was a randomized, double-blind, placebo-controlled clinical. Measures and outcomes: In this study, 200 patients with stage I or II PU according to 2-digit Stirling Pressure Ulcer Severity Scale were randomized to rece",9.328216810683426,7.89,10.41,1.438216810683426,0.3164062499999999,1226,,0.8532261252403259,high,11.94,1.94,False
plaba,medium,medium,True,actual,"35 BACKGROUND: Although bone mineral density (BMD) testing to screen for osteoporosis (BMD T score, 2.50 or lower) is recommended for women 65 years of age or older, there are few data to guide decisi","Based on the information provided, the strongest predisposing factor for osteopenia in the 66-year-old woman with a T-score of -1.5 at the femur is **A: Hypoparathyroidism**. 

Here's a brief explanation of the terms and context:

- **Osteopenia** is a condition where bone mineral density (BMD) is lower than normal, which can increase the risk of fractures. A T-score between -1.0 and -2.5 indicates osteopenia.
- **Hypoparathyroidism** is a condition where the body doesn't produce enough parathyroid hormone (PTH), which helps regulate calcium levels in the bones and blood. This can lead to weaker bones and increase the risk of osteopenia.
- **NSAIDs** (non-steroidal anti-inflammatory drugs) are commonly used for pain relief but are not directly linked to causing osteopenia.
- **Obesity** generally has a protective effect on bone density, as more weight can help strengthen bones.
- **Smoking** is harmful to overall health and can contribute to bone loss, but hypoparathyroidism is a more direct cause of osteopenia.

In summary, the best answer is **A: Hypoparathyroidism** as it is a significant factor that can lead to lower bone density and increase the risk of osteopenia.","BACKGROUND: Although bone mineral density (BMD) testing to screen for osteoporosis (BMD T score, 2.50 or lower) is recommended for women 65 years of age or older, there are few data to guide decisions about the interval between BMD tests. METHODS: We studied 4957 women, 67 years of age or older, with normal BMD (T score at the femoral neck and total hip, 1.00 or higher) or osteopenia (T score, 1.01 to 2.49) and with no history of hip or clinical vertebral fracture or of treatment for osteoporosi",8.911437412966112,9.27,12.89,-0.3585625870338873,0.1390593047034764,1241,,0.8300900459289551,medium,9.78,0.22,True
plaba,medium,medium,True,actual,"32 Background: Hyperhomocysteinemia (HHCY) is a risk factor for cardiovascular and cerebrovascular diseases. The C677T 5, 10-methylenetetrahydrofolate reductase (MTHFR) gene polymorphism increases hom","The study you provided focuses on a genetic variation called the C677T polymorphism in the MTHFR gene and its relationship with high levels of homocysteine (HHCY) in stroke patients. Here’s a summary of the key points:

1. **What is Hyperhomocysteinemia (HHCY)?** 
   - HHCY is a condition where there are high levels of homocysteine, an amino acid in the blood. High levels can increase the risk of heart and brain problems, like strokes.

2. **What is the MTHFR Gene?**
   - The MTHFR gene helps break down homocysteine. The C677T polymorphism is a specific change in this gene that can affect how well it works.

3. **Study Findings:**
   - The study looked at 200 stroke patients with HHCY. Out of these, 162 patients completed the follow-up.
   - Most patients (about 63.5%) responded well to treatment aimed at lowering homocysteine levels, but 36.4% did not respond well.
   - The study found that patients with the TT genotype (a specific genetic makeup) were more likely to have poor treatment outcomes.

4. **Key Results:**
   - There were significant differences in age, hypertension (high blood pressure), and the effectiveness of treatment between the groups that responded well and those that did not.
   - The presence of the T allele","Background: Hyperhomocysteinemia (HHCY) is a risk factor for cardiovascular and cerebrovascular diseases. The C677T 5, 10-methylenetetrahydrofolate reductase (MTHFR) gene polymorphism increases homocysteine (HCY) levels. This study analyzed the relationship between C677T MTHFR polymorphism and the therapeutic effect of lowering HCY in stroke patients with HHCY. Methods: Baseline data were collected from stroke patients with HHCY for this prospective cohort study. The C677T MTHFR genotype was det",9.192507685551169,7.79,10.82,1.402507685551169,0.2212943632567849,1355,,0.8452292084693909,clinical,17.11,3.11,False
plaba,medium,medium,True,actual,"61 Zinc (Zn)-enriched yeast and gluconate are considered two of the more biologically available supplements. However, there have been few reports comparing the bioavailability of these supplements. Th","The clinical effect of vitamin D is reduced by the simultaneous ingestion of phytates. 

Phytates are compounds found in certain plant foods, like grains and legumes, that can bind to minerals and reduce their absorption in the body. This means that if you take vitamin D at the same time as foods high in phytates, your body may not absorb the vitamin D as effectively. 

In summary, if you're taking vitamin D supplements, it's best to avoid taking them with foods high in phytates to ensure you get the full benefit of the vitamin.","Zinc (Zn)-enriched yeast and gluconate are considered two of the more biologically available supplements. However, there have been few reports comparing the bioavailability of these supplements. The objective of this study was to demonstrate whether Zn was absorbed better by healthy male volunteers when given supplements where the mineral is found organically bound in yeast or as a salt gluconate form. The trial used a randomized, two-way crossover design. Urine, blood, and fecal samples were co",9.624102564102568,11.4,13.82,-1.7758974358974324,0.1216216216216216,813,,0.8312176465988159,high,11.78,1.78,False
plaba,medium,medium,True,actual,32 Objective: We evaluated the interaction of serum folate and vitamin B12 with methylenetetrahydrofolate reductase (MTHFR) C677T genotypes on the risk of first ischemic stroke and on the efficacy of ,"The study you provided looked at how levels of folate (a type of B vitamin) and vitamin B12 interact with a specific gene (MTHFR C677T) to affect the risk of having a first ischemic stroke in people with high blood pressure. 

Here’s a breakdown of the key points:

1. **Ischemic Stroke**: This is a type of stroke that happens when blood flow to the brain is blocked, often due to a blood clot.

2. **Folate and Vitamin B12**: These are important vitamins that help keep our blood and nerve cells healthy. Low levels of these vitamins can increase the risk of health problems, including strokes.

3. **MTHFR Gene**: This gene helps the body process folate. There are different versions (genotypes) of this gene, and they can affect how well a person responds to folate treatment.

4. **Study Findings**:
   - People with low levels of folate and B12 had a higher risk of having a stroke.
   - Treatment with folic acid (a form of folate) reduced the risk of stroke, especially in those with low levels of both vitamins.
   - Those with the CC genotype (a specific version of the MTHFR gene) responded particularly well to folic acid treatment when their vitamin levels were low.
   - Conversely, people with the TT genotype (another version of the gene) did better when their folate and B12 levels were high","Objective: We evaluated the interaction of serum folate and vitamin B12 with methylenetetrahydrofolate reductase (MTHFR) C677T genotypes on the risk of first ischemic stroke and on the efficacy of folic acid treatment in prevention of first ischemic stroke. Methods: A total of 20,702 hypertensive adults were randomized to a double-blind treatment of daily enalapril 10 mg and folic acid 0.8 mg or enalapril 10 mg alone. Participants were followed up every 3 months. Results: Median values of folate",8.155993346007605,9.4,11.21,-1.244006653992395,0.2418426103646833,1368,,0.8241791725158691,clinical,18.14,4.14,False
plaba,medium,medium,True,actual,33 Purpose: The pharmacokinetics of gabapentin in paediatric patients with uncontrolled seizures was studied. Methods: Thirteen paediatric patients (mean age: 9.4 years) with uncontrolled partial seiz,"The study you provided looked at how gabapentin works in children who have uncontrolled partial seizures. Here’s a breakdown of the key points:

1. **Participants**: The study included 13 children, with an average age of about 9 years, who were having trouble controlling their seizures.

2. **Dosage**: The children were given gabapentin, and the amount they received was adjusted based on their weight. The doses ranged from 9.6 to 39.8 mg for each kilogram of their body weight per day.

3. **Testing**: Blood samples were taken from the children before they took their dose and then over the next 8 hours to see how much gabapentin was in their blood.

4. **Results**:
   - The highest concentration of gabapentin in the blood (C(max)) varied from 0.9 to 5.8 micrograms per milliliter, with an average of 2.6 micrograms.
   - The time it took to reach this highest concentration (T(max)) ranged from 0.5 to 2.0 hours, with an average of 1.6 hours.
   - The rate at which gabapentin was cleared from the body (apparent clearance) varied widely among the children.
   - The half-life, which is the time it takes for half of the drug to leave the body, ranged from 3.2 to 12.2 hours, with an average",Purpose: The pharmacokinetics of gabapentin in paediatric patients with uncontrolled seizures was studied. Methods: Thirteen paediatric patients (mean age: 9.4 years) with uncontrolled partial seizures were included. Patients received gabapentin orally until doses were individualized to 9.6-39.8 mg/kg/day. Blood samples were obtained just prior to the dose and over 8 h after gabapentin was administered in the fasting state. The plasma concentration of gabapentin was measured by a high-performanc,8.15969041657182,5.09,8.68,3.06969041657182,0.3097949886104783,1188,,0.8599461913108826,medium,8.67,1.33,True
plaba,medium,medium,True,actual,74 The aim of the study was to report on the prevalence and severity of laryngopharyngeal symptoms in patients with COPD compared to controls. A total of 27 patients with COPD and 13 controls matched ,"The study you mentioned looked at patients with Chronic Obstructive Pulmonary Disease (COPD) and compared them to a control group (people without COPD). It found that patients with COPD had more severe symptoms related to laryngopharyngeal reflux, which is when stomach acid comes up into the throat and voice box area. 

Here are some key points from the study:

1. **Participants**: There were 27 patients with COPD and 13 control participants matched by age and gender.
2. **Symptoms**: The COPD patients reported higher scores on the Reflux Symptom Index, which measures how often they experience symptoms like hoarseness, throat clearing, excessive mucus, cough, and a sensation of something stuck in their throat.
3. **Results**: A significant number of COPD patients (18 out of 27) had a high score on the Reflux Symptom Index, indicating they experienced more severe symptoms compared to just one person in the control group.

In summary, the study concluded that people with COPD experience more frequent and severe laryngopharyngeal symptoms compared to those without the disease. This suggests that managing reflux symptoms may be important for improving the quality of life in COPD patients.","The aim of the study was to report on the prevalence and severity of laryngopharyngeal symptoms in patients with COPD compared to controls. A total of 27 patients with COPD and 13 controls matched according to age and gender were included. Demographic data included age, gender, history of smoking and history of allergic rhinitis. The Reflux symptom Index described by Belafsky et al. was used. The frequency and average score of each of the laryngopharyngeal symptoms were computed. The mean age of",9.60445612762872,12.28,12.6,-2.6755438723712786,0.2639593908629442,1116,,0.8622403144836426,medium,8.77,1.23,True
plaba,medium,medium,True,actual,63 Previous studies have demonstrated that both anastrozole and letrozole are well tolerated. Letrozole suppresses estrogen to a greater degree than anastrozole in the serum and breast tumor. Concerns,"Based on the information provided, both anastrozole and letrozole are types of medications known as aromatase inhibitors (AIs) used to treat hormone receptor-positive breast cancer in postmenopausal women. The study involved 181 women who were given either letrozole or anastrozole in different sequences to see how well they tolerated the medications and how these drugs affected their quality of life (QOL).

The key findings from the study are:

1. **Tolerance**: Both medications were well tolerated by the patients. This means that most women did not have severe side effects that would make them stop taking the medication.

2. **Quality of Life**: There were no significant changes in the overall quality of life scores or in the scores related to endocrine symptoms (like hot flashes or mood changes) while taking either medication. This suggests that both drugs have a similar impact on the patients' daily lives.

3. **Side Effects**: Nearly 80% of patients reported experiencing side effects with either drug, but there were no significant differences in the type or severity of side effects between anastrozole and letrozole.

4. **Patient Preference**: Among the patients, some preferred letrozole, some preferred anastrozole, and others had no preference. The differences in preference were not statistically significant, meaning that it was not clear that one drug was preferred over the other.

In conclusion, both anastrozole and letrozole are effective and",Previous studies have demonstrated that both anastrozole and letrozole are well tolerated. Letrozole suppresses estrogen to a greater degree than anastrozole in the serum and breast tumor. Concerns have been raised that greater potency may adversely affect patients' quality of life (QOL). One hundred eighty-one postmenopausal women with invasive estrogen receptor-positive breast cancers were randomized to receive either 12 weeks of letrozole followed by 12 weeks of anastrozole or the reverse seq,9.274705089315807,12.21,14.16,-2.9352949106841937,0.2564102564102564,1243,,0.8598152995109558,high,11.63,1.63,False
plaba,medium,medium,True,actual,"4 Diabetes mellitus is a common disease whose complications are severe. For decades, the diagnosis of diabetes and prediabetes was using only fasting glucose or glucose two hours during an oral glucos","The article discusses how diabetes mellitus is diagnosed and highlights three main tests used for this purpose: fasting glucose, oral glucose tolerance test, and HbA1c. 

1. **Fasting Glucose Test**: This test measures your blood sugar level after you haven't eaten for at least 8 hours. It's simple and quick but can sometimes give misleading results if you're not fasting properly.

2. **Oral Glucose Tolerance Test (OGTT)**: In this test, you drink a sugary solution, and your blood sugar is measured two hours later. It helps to see how your body processes sugar, but it can be more time-consuming and inconvenient.

3. **HbA1c Test**: This test measures your average blood sugar level over the past two to three months. It gives a broader picture of your blood sugar control but may not be suitable for everyone, such as those with certain health conditions.

Each of these tests has its strengths and weaknesses, and doctors may use one or more of them to accurately diagnose diabetes or prediabetes. Understanding these tests helps healthcare providers give better care to their patients.","Diabetes mellitus is a common disease whose complications are severe. For decades, the diagnosis of diabetes and prediabetes was using only fasting glucose or glucose two hours during an oral glucose tolerance test. Recently, it is possible to use HbA1c. Each of these tests has advantages and limitations that must be well known by clinicians for better care for patients. So they could use one, two or three of this tests to reach to a proper diagnosis. The aim of this article is about the strong ",8.987826086956524,10.35,12.65,-1.3621739130434758,0.2116788321167883,746,,0.8591389656066895,high,13.51,0.49,False
plaba,medium,medium,True,actual,73 Background: Surgical pain is managed with multi-modal anaesthesia in total hip replacement (THR) and total knee replacement (TKR). It is unclear whether including local anaesthetic infiltration bef,"The study you provided looked at how local anesthetic infiltration (injecting pain relief medication into the area around the surgical site) can help manage pain after total hip replacement (THR) and total knee replacement (TKR) surgeries. Here’s a summary of the findings:

1. **Pain Reduction**: Patients who received local anesthetic infiltration experienced less pain at rest and during activity compared to those who did not receive it. Specifically:
   - After 24 hours, there was a significant reduction in pain at rest for THR patients.
   - After 48 hours, pain during activity was also reduced for both THR and TKR patients.

2. **Hospital Stay**: Patients who received local anesthetic infiltration spent fewer days in the hospital after their surgeries. This means they could recover and go home sooner.

3. **Opioid Use**: Those who had the local anesthetic also used fewer opioid pain medications, which can have side effects and risks.

4. **Mobility**: Patients were able to move around more quickly after surgery when they received the local anesthetic.

5. **Side Effects**: There were fewer instances of vomiting among patients who received the local anesthetic.

6. **Infection Risk**: While local anesthetic infiltration is beneficial for short-term pain relief, there is a concern about the potential risk of infection, especially if additional pain relief methods are used.

In conclusion, using local anesthetic infiltration can be an effective way to reduce pain","Background: Surgical pain is managed with multi-modal anaesthesia in total hip replacement (THR) and total knee replacement (TKR). It is unclear whether including local anaesthetic infiltration before wound closure provides additional pain control. Methods: We performed a systematic review of randomised controlled trials of local anaesthetic infiltration in patients receiving THR or TKR. We searched MEDLINE, Embase and Cochrane CENTRAL to December 2012. Two reviewers screened abstracts, extracte",9.870203847728206,12.69,14.31,-2.8197961522717936,0.2105263157894737,1385,,0.8440369367599487,high,12.21,1.79,False
plaba,high,high,True,actual,"37 Herpes zoster is an acute, painful, herpes skin disease caused by varicella-zoster virus, which may cause viral meningitis. Pregabalin has been shown to be efficacious in the treatment of pain in p","The case presented describes a 68-year-old female patient with herpes zoster who experienced stuttering and frequent blepharospasm after three days of treatment with pregabalin. These symptoms resolved completely within a week after discontinuation of the medication, suggesting a potential adverse effect related to pregabalin.

Pregabalin is an anticonvulsant and neuropathic pain agent that can cause various side effects, including neurotoxicity, which may manifest as movement disorders or speech disturbances. The occurrence of stuttering and blepharospasm in this patient indicates that while pregabalin is effective for managing pain associated with herpes zoster, it can also lead to rare neurological side effects.

Clinicians should be vigilant for such rare but significant adverse effects when prescribing pregabalin, particularly in older patients or those with pre-existing neurological conditions. Monitoring for these symptoms is crucial, as timely recognition and discontinuation of the offending medication can lead to complete resolution of the symptoms without the need for additional treatment.","Herpes zoster is an acute, painful, herpes skin disease caused by varicella-zoster virus, which may cause viral meningitis. Pregabalin has been shown to be efficacious in the treatment of pain in patients with herpes zoster. However, it has the side effects of neurotoxicity. We describe a 68-year-old female patient with herpes zoster, and she was treated with pregabalin. The patient presented with stuttering and frequent blepharospasm after 3 days of pregabalin treatment. Pregabalin was disconti",11.008333333333336,18.03,18.6,-7.021666666666665,0.2580645161290322,871,,0.8736240863800049,medium,9.8,0.2,False
plaba,high,high,True,actual,33 The objective of this study was to perform population pharmacokinetic (PK) analysis of gabapentin in healthy Korean subjects and to investigate the possible effect of genetic polymorphisms (1236C >,"The study aimed to analyze the population pharmacokinetics (PK) of gabapentin in healthy Korean subjects and to explore the influence of genetic polymorphisms in the ABCB1 gene on gabapentin's PK parameters. A total of 173 subjects were involved in bioequivalence studies where they received various doses of gabapentin (300, 400, and 800 mg). The analysis utilized a nonlinear mixed-effects model (NONMEM) to estimate the PK parameters.

Key findings from the study include:

1. **Inter-individual Variability**: Gabapentin exhibited considerable variability in PK parameters among individuals, ranging from 5.2 to 8.7-fold.

2. **Pharmacokinetic Model**: The serum concentration of gabapentin was well described by a one-compartment model with first-order absorption and a lag time.

3. **Oral Clearance and Volume of Distribution**: The oral clearance was estimated at 11.1 L/h, and the volume of distribution was characterized as 81.0 L.

4. **Absorption Rate Constant**: The absorption rate constant was estimated to be 0.860 h⁻¹, with a lag time of 0.311 h.

5. **Oral Bioavailability**: The study found that oral bioavailability decreased with increasing doses: 68.8% at 300 mg, 62.7% at 400 mg, and 47.1% at 800","The objective of this study was to perform population pharmacokinetic (PK) analysis of gabapentin in healthy Korean subjects and to investigate the possible effect of genetic polymorphisms (1236C > T, 2677G > T/A, and 3435C > T) of ABCB1 gene on PK parameters of gabapentin. Data were collected from bioequivalence studies, in which 173 subjects orally received three different doses of gabapentin (300, 400, and 800 mg). Only data from reference formulation were used. Population pharmacokinetics (P",10.342550387596903,10.08,12.1,0.2625503875969031,0.5084033613445379,1266,,0.8651561141014099,clinical,18.91,4.91,False
plaba,high,high,True,actual,61 The comparative absorption of zinc after oral administration of three different complexed forms was studied in 15 healthy human volunteers in a double-blind four-period crossover trial. The individ,"The study investigated the comparative absorption of zinc from three different complexed forms—zinc picolinate, zinc citrate, and zinc gluconate—administered to 15 healthy volunteers in a double-blind, four-period crossover trial. Each participant received a daily supplementation equivalent to 50 mg of elemental zinc for four weeks, rotating through the different forms and a placebo.

The findings indicated that zinc picolinate significantly enhanced zinc absorption, as evidenced by marked increases in zinc levels measured in hair, urine, and erythrocytes (red blood cells) after its administration, with statistical significance (p < 0.005 for hair and p < 0.001 for urine and erythrocytes). In contrast, no significant changes were observed in zinc levels from zinc gluconate, zinc citrate, or the placebo group. Additionally, serum zinc levels exhibited a small, insignificant increase across all groups, including zinc picolinate, zinc citrate, and placebo.

These results suggest that complexing zinc with picolinic acid (as in zinc picolinate) may enhance its bioavailability and absorption in humans compared to the other forms tested. This has implications for clinical conditions where zinc supplementation is beneficial, such as age-related macular degeneration (AMD).","The comparative absorption of zinc after oral administration of three different complexed forms was studied in 15 healthy human volunteers in a double-blind four-period crossover trial. The individuals were randomly divided into four groups. Each group rotated for four week periods through a random sequence of oral supplementation including: zinc picolinate, zinc citrate, and zinc gluconate (equivalent to 50 mg elemental zinc per day) and placebo. Zinc was measured in hair, urine, erythrocyte an",11.336418400876234,15.04,16.59,-3.7035815991237655,0.4089635854341736,889,,0.88810133934021,clinical,18.91,4.91,False
plaba,high,high,True,actual,"61 Currently much attention has been given to the neurotoxicity of zinc, yet little is known about the influence of the counterions present. Therefore, we investigated the influence of different Zn(2+","Based on the context provided regarding the neurotoxicity of zinc and the effects of various Zn(2+)-salts on cell viability, it is evident that different salts exhibit varying levels of cytotoxicity. Specifically, zinc-citrate and zinc-sulphate were identified as the most toxic salts, particularly at lower concentrations. In contrast, zinc-histidinate demonstrated low cytotoxicity and did not induce significant cell death even at higher concentrations.

In summary, the key findings indicate that:

1. **Cytotoxicity Levels**: Zn(2+)-salts can be categorized based on their cytotoxic effects:
   - **High Cytotoxicity**: Zinc-citrate, zinc-sulphate
   - **Moderate Cytotoxicity**: Zinc-orotate, zinc-acetate, zinc-chloride, zinc-gluconate
   - **Low Cytotoxicity**: Zinc-histidinate

2. **Mechanisms of Cell Death**: The study noted that cell death could exhibit characteristics of both necrosis and apoptosis, depending on the concentration and type of zinc salt used.

3. **Uptake and Toxicity Correlation**: There appears to be a correlation between the uptake of Zn(2+) from certain salts (notably zinc-sulphate and zinc-citrate) and their toxicity levels.

In conclusion, when assessing the neurotoxic potential of zinc and its salts, it is crucial to consider both the type","Currently much attention has been given to the neurotoxicity of zinc, yet little is known about the influence of the counterions present. Therefore, we investigated the influence of different Zn(2+)-salts (concentrations range 0.05-0.3 mM) on cell viability, ATP and glutathione concentration and caspase activation in differentiated PC12 cells as a model for neuronal cells. Generally, at concentrations of 0.05 mM most Zn(2+)-salts were not cytotoxic except for zinc-citrate. At concentrations betw",13.166827956989248,17.55,18.11,-4.383172043010752,0.28428927680798,1030,,0.8319630026817322,high,12.91,1.09,True
plaba,high,high,True,actual,"75 Sickle cell anemia (SCA), albeit monogenic, has heterogeneous phenotypic expression, mainly related to the level of hemoglobin F (HbF). No large cohort studies have ever compared biological paramet","The study you referenced investigates the phenotypic variability of sickle cell anemia (SCA) in relation to different β-globin haplotypes and their impact on hemoglobin F (HbF) levels, which are crucial in modulating the severity of the disease. The findings indicate that patients with the Benin (BEN) haplotype exhibit the most favorable hematological outcomes, particularly in response to hydroxyurea (HU) treatment, compared to those with the Central African Republic (CAR) and Senegal (SEN) haplotypes.

Key points from the study include:

1. **Haplotype Distribution**: Among the cohort, the majority of homozygous β-haplotype patients were identified as CAR/CAR (37.4%), followed by BEN/BEN (24.3%) and SEN/SEN (12.1%).

2. **Correlation with Hematological Parameters**: At baseline, the CAR haplotype was associated with lower hemoglobin (Hb) levels and higher lactate dehydrogenase (LDH) levels, indicating more hemolysis. Conversely, HbF levels were positively correlated with the BEN and SEN haplotypes, suggesting that these haplotypes may confer some protective effect against the severity of SCA.

3. **BCL11A Gene Influence**: The presence of the BCL11A/rs1427407 ""T"" allele, which is known to enhance HbF expression, was positively correlated with the BEN","Sickle cell anemia (SCA), albeit monogenic, has heterogeneous phenotypic expression, mainly related to the level of hemoglobin F (HbF). No large cohort studies have ever compared biological parameters in patients with major -globin haplotypes; ie, Senegal (SEN), Benin (BEN), and Bantu/Central African Republic (CAR). The aim of this study was to evaluate the biological impact of genes, haplotypes, and glucose-6-phosphate dehydrogenase (G6PD) activity at baseline and with hydroxyurea (HU). Homozyg",13.25478048780488,14.98,16.59,-1.725219512195121,0.2901098901098901,1231,,0.8543883562088013,clinical,14.89,0.89,False
plaba,high,high,True,actual,59 Reports of waning antibody levels and breakthrough infections among vaccinated individuals1 have prompted the recommendation for vaccine boosters to prevent SARS-CoV-2 infections. Despite more than,"The context provided outlines a study conducted in Singapore regarding the effectiveness of COVID-19 vaccine boosters in preventing SARS-CoV-2 infections and reducing disease severity among older adults, particularly those aged 60 and above. The study was prompted by reports of waning antibody levels and breakthrough infections despite high vaccination rates.

Key findings from the study include:

1. **Booster Administration**: Adults aged 60 years and older who completed their primary vaccination series at least six months prior were invited to receive a booster dose. They had the option of receiving either the BNT162b2 (Pfizer-BioNTech) or mRNA-1273 (Moderna) vaccine.

2. **Study Design**: The study analyzed data from September 15 to October 31, 2021, focusing on individuals who received boosters during this period. It utilized a Poisson regression model to estimate the incidence rate ratios (IRR) of confirmed infections and severe disease between those who received boosters and those who did not.

3. **Results**: 
   - Among individuals who received BNT162b2 as their primary series, those who received a homologous booster (BNT162b2) had significantly lower incidences of confirmed infections (227.9 per million person-days) and severe infections (1.4 per million person-days) compared to non-boosted individuals (600.4 and 20.5, respectively).
   - For heterologous boosters (mRNA-127","Reports of waning antibody levels and breakthrough infections among vaccinated individuals1 have prompted the recommendation for vaccine boosters to prevent SARS-CoV-2 infections. Despite more than 80% of the population in Singapore having received 2 doses of a COVID-19 vaccine, cases surged in September 2021 with the relaxation of social distancing and quarantine measures. In response, adults 60 years and older who completed their primary vaccination series at least 6 months prior were invited ",12.485829930338705,13.15,14.31,-0.6641700696612958,0.2124248496993987,1912,,0.8556901812553406,clinical,14.44,0.44,False
plaba,high,high,True,actual,61 The normal human prostate accumulates the highest levels of zinc (Zn) of any soft tissue in the body. The pool of zinc available to the body is known to significantly decrease with age. It is sugge,"The study highlights the significant role of zinc (Zn) in prostate health, particularly in relation to its bioavailability from different zinc compounds. In the context of the findings, zinc gluconate and zinc citrate were shown to effectively increase zinc concentrations in the prostate of male rats, with zinc gluconate demonstrating this effect even at the lowest tested dose of 3.0 mg Zn/kg body weight. In contrast, zinc sulfate exhibited the lowest bioavailability, failing to produce a significant increase in zinc levels within the prostate tissue.

Given the normal human prostate's propensity to accumulate zinc and the decline of zinc levels with age, dietary zinc supplementation, particularly with zinc gluconate, may be beneficial in mitigating oxidative damage and potentially reducing cancer risk. This is particularly relevant for men, as the prostate is the soft tissue with the highest zinc concentration in the body. Therefore, for individuals seeking to enhance their zinc intake, especially those with prostate health concerns, zinc gluconate could be a preferable option based on its superior bioavailability compared to zinc sulfate.",The normal human prostate accumulates the highest levels of zinc (Zn) of any soft tissue in the body. The pool of zinc available to the body is known to significantly decrease with age. It is suggested that dietary Zn supplementation protects against oxidative damage and reduces the risk of cancer. Zinc sulfate and zinc gluconate were the most frequently mentioned in per os administration in studies on Zn supplementation. The major aim of the study was to compare the bioavailability of different,11.0941935483871,14.99,14.76,-3.8958064516129,0.2656641604010025,936,,0.8799707889556885,medium,7.72,1.72,False
plaba,high,high,True,actual,"31 Aim: The aim of this study was to summarize the characteristics, efficacy, and safety of vesicular monoamine transporter-2 (VMAT-2) inhibitors for treating tardive dyskinesia (TD). Materials and me","The study summarized the efficacy and safety of vesicular monoamine transporter-2 (VMAT-2) inhibitors, specifically deutetrabenazine and valbenazine, in treating tardive dyskinesia (TD). Both drugs demonstrated significant efficacy in reducing abnormal involuntary movements, as measured by the Abnormal Involuntary Movement Scale (AIMS), outperforming placebo in double-blind, randomized controlled trials. 

Deutetrabenazine showed a standardized mean difference (SMD) of -0.40 and a weighted mean difference (WMD) of -1.44, while valbenazine had an SMD of -0.58 and a WMD of -2.07, both with p-values indicating statistical significance (p<0.001). The responder rates, defined as a 50% reduction in AIMS scores, were also favorable for both medications, with deutetrabenazine showing a risk ratio (RR) of 2.13 and valbenazine an RR of 3.05, suggesting that patients treated with these medications were significantly more likely to experience substantial improvement compared to those receiving placebo.

Long-term efficacy was supported by open-label extension studies, which indicated that responder rates increased over time. Importantly, there were no significant increases in adverse events compared to placebo, alleviating concerns regarding the risk of depression or suicidal ideation in patients with TD. However, it is noted that there is a lack of high-quality data for tetrabenazine and no","Aim: The aim of this study was to summarize the characteristics, efficacy, and safety of vesicular monoamine transporter-2 (VMAT-2) inhibitors for treating tardive dyskinesia (TD). Materials and methods: We conducted a literature search in PubMed, Cochrane Database, and ClinicalTrials.gov, screening for systematic reviews, meta-analyses or double-blind, randomized, placebo-controlled trials (DBRPCTs) reporting efficacy or safety data of VMAT-2 inhibitors (tetrabenazine, deutetrabenazine, and val",10.89287356321839,12.67,14.99,-1.777126436781609,0.2951334379905809,1585,,0.8436713814735413,high,12.04,1.96,True
plaba,high,high,True,actual,25 Objectives: We aimed to evaluate the impact of neutralizing monoclonal antibodies (mAbs) treatment and to determine whether the mAbs selective pressure could facilitate the proliferation of virus v,"The study aimed to assess the effects of neutralizing monoclonal antibodies (mAbs) on SARS-CoV-2 viral load in patients and to investigate whether the selective pressure exerted by these mAbs could lead to the emergence of viral variants with mutations in the spike protein that may reduce the effectiveness of the treatments. 

In this evaluation, the researchers treated patients with different combinations of mAbs: Bamlanivimab alone (4 patients), Bamlanivimab in combination with Etesevimab (23 patients), and Casirivimab with Imdevimab (5 patients). The results indicated a significant reduction in the nasopharyngeal (NP) viral load, decreasing from an average of 8.2 log10 copies/ml prior to treatment to 4.3 log10 copies/ml seven days post-administration.

However, in five immunocompromised patients treated with Bamlanivimab/Etesevimab, mutations in the spike protein that reduced the activity of the mAbs were identified. Specifically, two patients developed variants with the Q493R mutation, while another patient exhibited the Q493K mutation, and a fourth patient had the E484K mutation. Notably, the emergence of these mutations was associated with stabilization or a rebound in NP viral load in three of the five patients.

The conclusion drawn from this study is that the use of two-mAb therapy can promote the selection of resistant SARS-CoV-2 variants in immunocomprom",Objectives: We aimed to evaluate the impact of neutralizing monoclonal antibodies (mAbs) treatment and to determine whether the mAbs selective pressure could facilitate the proliferation of virus variants with spike protein mutations that might attenuate mAb effectiveness. Patients and methods: We therefore evaluated the impact of mAbs on the nasopharyngeal (NP) viral load and virus quasispecies of mAb-treated patients using single molecule real time sequencing (Pacific Biosciences). The mAbs us,13.22909090909091,14.37,16.32,-1.1409090909090889,0.4778761061946903,1071,,0.8528246879577637,clinical,19.73,5.73,False
plaba,high,high,True,actual,52 Turner Syndrome (TS) is a condition where several genes are affected but the molecular mechanism remains unknown. Identifying the genes that regulate the TS network is one of the main challenges in,"Turner Syndrome (TS) is a genetic condition characterized by the absence or structural abnormalities of one of the two X chromosomes in females, leading to various developmental and physiological challenges. The study you referenced highlights the complexity of the regulatory network associated with TS, emphasizing the identification of key regulators (KRs) such as KDM6A and BDNF, which are crucial for the network's functionality.

The power-law distribution analysis indicates that the TS network exhibits scale-free hierarchical fractal properties, suggesting a robust organization that can withstand the removal of certain components without collapsing. This resilience is attributed to the hierarchical nature of the network, where nodes (genes or proteins) operate at different levels of importance, and the absence of a central control system allows for flexibility in the network's structure.

The identification of interologs, particularly the interactions between KDM6A, WDR5, and ASH2L, underscores the evolutionary conservation of these essential proteins across species, from simpler organisms like *Caenorhabditis elegans* to more complex mammals such as cats and macaques. This conservation suggests that the regulatory mechanisms involved in TS may be fundamental biological processes shared across different life forms.

In summary, the study provides insights into the genetic and molecular underpinnings of Turner Syndrome, highlighting the significance of KDM6A and BDNF as key regulators and the importance of their interactions within the broader regulatory network. Understanding these relationships is crucial for elucidating the etiology of TS and may","Turner Syndrome (TS) is a condition where several genes are affected but the molecular mechanism remains unknown. Identifying the genes that regulate the TS network is one of the main challenges in understanding its aetiology. Here, we studied the regulatory network from manually curated genes reported in the literature and identified essential proteins involved in TS. The power-law distribution analysis showed that TS network carries scale-free hierarchical fractal attributes. This organization",13.168979591836738,20.58,19.91,-7.41102040816326,0.2657657657657657,795,,0.8639248609542847,high,11.94,1.94,True
plaba,high,high,True,actual,"49 BACKGROUND Lipedema is a common condition that presents as excessive fat deposition in the extremities, initially sparing the trunk, ankles, and feet, and is found mainly in women, usually occurrin","The case report outlines the journey of a 41-year-old woman with Stage 3 lipedema and lipo-lymphedema, emphasizing the importance of accurate diagnosis to prevent mismanagement of the condition. Lipedema is characterized by disproportionate fat accumulation in the lower extremities, which is often mistaken for obesity. 

In this case, the patient experienced significant weight loss following a Roux-en-Y gastric bypass, yet her legs remained disproportionately enlarged, indicating that lipedema was not merely a result of obesity but a distinct pathological condition. The subsequent development of hypoalbuminemia, lymphopenia, and hypolipoproteinemia suggests a state of protein and calorie malnutrition, likely exacerbated by her dietary restrictions in an attempt to manage her weight.

The conclusion underscores the critical need for healthcare providers to recognize lipedema early to prevent patients from undergoing unnecessary dietary restrictions that could lead to malnutrition. This case illustrates that while lipedema can lead to significant physical changes, it is not solely a cosmetic issue but one that can have serious health implications if not properly addressed. 

In summary, the report highlights the necessity of distinguishing lipedema from obesity to ensure appropriate management and avoid the adverse effects of malnutrition.","BACKGROUND Lipedema is a common condition that presents as excessive fat deposition in the extremities, initially sparing the trunk, ankles, and feet, and is found mainly in women, usually occurring after puberty or pregnancy. Lipedema can progress to include lipo-lymphedema of the ankles and feet. This report is of a 41-year old woman with Stage 3 lipedema and lipo-lymphedema with excessive fat of the lower body since puberty, with progression to swollen ankles and feet despite dietary caloric ",12.275438648488445,19.04,20.13,-6.764561351511555,0.2197309417040359,1077,,0.862382709980011,clinical,18.58,4.58,False
plaba,high,high,True,actual,"45 Objective: To evaluate the effectiveness of topical pentoxifylline (PTX) on pressure ulcer (PU) healing in critically ill patients. Method: In this randomised, double blind, placebo-controlled clin","The objective of the study was to evaluate the effectiveness of topical pentoxifylline (PTX) in promoting the healing of pressure ulcers (PUs) in critically ill patients. This was conducted through a randomized, double-blind, placebo-controlled clinical trial involving patients with category I or II PUs. Participants were assigned to receive either a 5% topical PTX ointment or a placebo, applied twice daily for a duration of 14 days.

The assessment of PU characteristics, specifically the category and size, was performed using the Stirling Pressure Ulcer Severity Scale at baseline (day zero), day seven, and day 14 of treatment. Measurements of PU length and width were taken with a disposable ruler and expressed in square centimeters (cm²).

The results indicated that a total of 112 adult patients were enrolled in the study. At baseline, the median PU size was 32 cm², with a severity score of 1. Over the treatment period, the PTX group exhibited significant reductions in both PU size and severity scores at all assessed intervals (day seven versus day zero, day 14 versus day zero, and day 14 versus day seven) when compared to the placebo group. 

In conclusion, the study found that the application of topical PTX 5% ointment twice daily for 14 days resulted in significant improvements in the severity and size of pressure ulcers in critically ill patients, suggesting that PTX may be a viable treatment option for categories I and II P","Objective: To evaluate the effectiveness of topical pentoxifylline (PTX) on pressure ulcer (PU) healing in critically ill patients. Method: In this randomised, double blind, placebo-controlled clinical trial, patients with category I or II PUs were randomly assigned to receive either topical PTX 5% or a placebo twice daily for 14 days. Changes in PU characteristics (category and size) were assessed. The category of the PU was determined by the Stirling Pressure Ulcer Severity Scale (two-digit) a",12.571081447963802,14.89,16.18,-2.318918552036198,0.6042553191489362,1042,,0.9045838713645936,high,12.84,1.16,True
plaba,high,high,True,actual,"68 Background and aims: Iron is an essential trace element to almost all organism, and the delicate balance between host defend system and viral proliferation plays an important role in infective cond","The study aimed to investigate the relationship between systemic iron metabolism parameters and the severity of COVID-19, as well as the associated risks of adverse outcomes in patients diagnosed with the virus. Conducted as a retrospective cohort study involving 158 confirmed COVID-19 patients at Tongji Hospital in Wuhan, China, the research collected comprehensive data, including demographic information, comorbidities, laboratory results, treatments, and clinical outcomes from January 27 to April 5, 2020.

The findings revealed that out of the 158 patients, 60 (38%) were classified as severe cases. The median age of the participants was 63 years, with a median hospital stay of 28 days. After adjusting for variables such as age, sex, interleukin-6 (IL-6) levels, and pre-existing health conditions, the study found significant associations between various iron parameters (serum iron, ferritin, transferrin, and total iron-binding capacity) and the severity of COVID-19. Specifically, the adjusted risk ratios indicated that lower levels of these iron indices correlated with increased severity of the disease and a higher likelihood of complications, including acute respiratory distress syndrome (ARDS), coagulopathy, acute cardiac injury, acute liver injury, and acute kidney injury.

In conclusion, the research suggests that patients exhibiting low serum iron levels may be at greater risk for severe COVID-19 manifestations and multi-organ damage. Consequently, iron metabolism parameters could serve as potential risk factors and clinical biomarkers for assessing","Background and aims: Iron is an essential trace element to almost all organism, and the delicate balance between host defend system and viral proliferation plays an important role in infective conditions. While the association of the iron metabolism with the prognosis of COVID-19 remains poorly understood. We aimed to estimate the associations of systemic iron metabolism parameters with the severity and risks of adverse outcomes in COVID-19. Methods: In this retrospective cohort study, we includ",12.374074074074075,19.3,19.41,-6.925925925925926,0.424015009380863,1153,,0.8435100317001343,clinical,17.91,3.91,False
plaba,high,high,True,actual,"33 Aims: Gabapentin (GBP) is widely used to treat neuropathic pain, including diabetic neuropathic pain. Our objective was to evaluate the role of diabetes and glycaemic control on GBP population phar","The study you referenced aimed to evaluate the pharmacokinetics of gabapentin (GBP) in patients with neuropathic pain, specifically focusing on the influence of diabetes and glycemic control. The clinical trial included 29 participants, with a majority suffering from type 2 diabetes, and assessed how various factors, including renal function and genetic polymorphisms, impacted GBP's absorption, distribution, and elimination.

The results indicated that GBP pharmacokinetics could be described by a one-compartment model, characterized by first-order absorption and linear elimination. Total clearance of GBP was found to be dependent on the estimated glomerular filtration rate (eGFR), which is a critical measure of renal function. Notably, the study found no significant associations between GBP pharmacokinetics and factors such as hyperglycemia, glycated hemoglobin levels, diabetes diagnosis, age, sex, weight, body mass index, or the specific genetic polymorphisms in the SLC22A2 and SLC22A4 genes.

In conclusion, while GBP is commonly used for treating neuropathic pain, this study suggests that its pharmacokinetics are primarily influenced by renal function rather than glycemic control or diabetes status. This finding is crucial for clinicians prescribing GBP, as it emphasizes the importance of monitoring renal function to optimize dosing and minimize potential adverse effects.","Aims: Gabapentin (GBP) is widely used to treat neuropathic pain, including diabetic neuropathic pain. Our objective was to evaluate the role of diabetes and glycaemic control on GBP population pharmacokinetics. Methods: A clinical trial was conducted in patients with neuropathic pain (n = 29) due to type 2 diabetes (n = 19) or lumbar/cervical disc herniation (n = 10). All participants were treated with a single oral dose GBP. Blood was sampled up to 24 hours after GBP administration. Data were a",12.931201859229748,18.94,20.13,-6.008798140770253,0.285097192224622,1244,,0.8535409569740295,high,12.15,1.85,True
plaba,high,high,True,actual,60 Background: COVID-19 is an ongoing public health pandemic regardless of the countless efforts made by various actors. Quality diagnostic tests are important for early detection and control. Notably,"The study aimed to evaluate the diagnostic sensitivities and specificities of three commercially available one-step reverse transcriptase-polymerase chain reaction (RT-PCR) assays—TIB MOLBIOL, Da An, and BGI—used for detecting COVID-19 in a clinical setting in Ethiopia. Conducted from April to June 2021, the cross-sectional study analyzed 279 respiratory swabs collected from community surveillance, contact cases, and suspected cases.

The results indicated that out of the 279 samples, the positivity rates were 18% for TIB MOLBIOL, 21.2% for Da An, and 24.7% for BGI. The agreement among the assays was moderate to substantial, with kappa values ranging from 0.55 to 0.72, suggesting a reasonable level of concordance in their results.

In terms of diagnostic performance, the Bayesian latent class models (BLCM) revealed that while all three assays exhibited comparable sensitivities—ranging from approximately 81% to 84%—the specificities were notably higher for TIB MOLBIOL (99.1%) and Da An (96.1%) compared to BGI (91.6%). These findings imply that TIB MOLBIOL and Da An are less likely to yield false positives than BGI, which is critical for public health decision-making, especially in resource-limited settings.

Overall, the study's conclusions emphasize the importance of these assays in adjusting the apparent prevalence","Background: COVID-19 is an ongoing public health pandemic regardless of the countless efforts made by various actors. Quality diagnostic tests are important for early detection and control. Notably, several commercially available one step RT-PCR based assays have been recommended by the WHO. Yet, their analytic and diagnostic performances have not been well documented in resource-limited settings. Hence, this study aimed to evaluate the diagnostic sensitivities and specificities of three commerc",12.337733499377336,12.15,14.44,0.1877334993773356,0.3345454545454546,1243,,0.8367900848388672,high,12.44,1.56,True
plaba,high,high,True,actual,"4 Introduction: Maturity onset diabetes of the young (MODY) is a rare form of monogenic diabetes. Being clinically and genetically heterogeneous, it is often misdiagnosed as type 1 or type 2 diabetes,","The 70-year-old man presenting to the Emergency Department with shortness of breath, orthopnea, and lower limb edema is likely experiencing symptoms indicative of heart failure, particularly given his history of myocardial infarction and hypertension. The presence of jugular vein distention further supports the diagnosis of congestive heart failure, which can lead to fluid overload and resultant pulmonary congestion, manifesting as shortness of breath and orthopnea.

In this clinical scenario, the patient's vital signs indicate a blood pressure of 100/80 mm Hg, which is on the lower end of normal, and a respiratory rate of 28/min, suggesting respiratory distress. The lower limb edema indicates fluid retention, which is common in heart failure due to impaired cardiac output and subsequent venous congestion.

Management of this patient would typically involve diuretics to alleviate fluid overload, along with careful monitoring of renal function and electrolytes, especially given his history of myocardial infarction and current medications, which include lisinopril, an ACE inhibitor that can help manage blood pressure and heart failure symptoms.

In summary, the clinical presentation is consistent with heart failure, likely exacerbated by his underlying cardiovascular history. Further evaluation, including imaging studies such as a chest X-ray or echocardiogram, would be warranted to assess cardiac function and guide treatment.","Introduction: Maturity onset diabetes of the young (MODY) is a rare form of monogenic diabetes. Being clinically and genetically heterogeneous, it is often misdiagnosed as type 1 or type 2 diabetes, leading to inappropriate therapy. MODY is caused by a single gene mutation. Thirteen genes, defining 13 subtypes, have been identified to cause MODY. A correct diagnosis is important for the right therapy, prognosis, and genetic counselling. Material and methods: Twenty-nine unrelated paediatric pati",13.52474182444062,19.2,19.85,-5.67525817555938,0.1186440677966101,1212,,0.8035073280334473,clinical,14.62,0.62,False
plaba,high,high,True,actual,"21 Purpose: Hiatal hernias are a common finding on radiographic or endoscopic studies. Hiatal hernias may become symptomatic or, less frequently, can incarcerate or become a volvulus leading to organ ","The management of hiatal hernias, particularly when they become symptomatic or are associated with gastroesophageal reflux disease (GERD), necessitates surgical intervention. The key steps in the operative repair include:

1. **Reduction and Excision of the Hernia Sac**: This involves repositioning the herniated tissue back into the abdominal cavity and removing any sac that may have formed.
   
2. **Intraabdominal Esophageal Lengthening**: Ensuring that at least 3 cm of the esophagus is intraabdominal is crucial for preventing recurrence and maintaining proper function.

3. **Crural Closure with Mesh Reinforcement**: This step reinforces the diaphragm's opening (crura) to prevent future herniation, often utilizing mesh for added support.

4. **Anti-Reflux Procedure**: This typically involves a fundoplication, where the top of the stomach is wrapped around the esophagus to prevent acid reflux.

In cases where these key steps cannot be performed, alternative procedures such as gastropexy (fixing the stomach to the abdominal wall) or gastrostomy (creating an opening for feeding) may be considered.

Asymptomatic hiatal hernias can be managed with a watchful waiting approach, as they have a low rate of becoming symptomatic (approximately 1% per year). However, once symptoms develop or reflux disease is confirmed, surgical repair becomes necessary to alleviate symptoms and prevent complications. 

In summary, the appropriate management for symptomatic hiatal hernias involves","Purpose: Hiatal hernias are a common finding on radiographic or endoscopic studies. Hiatal hernias may become symptomatic or, less frequently, can incarcerate or become a volvulus leading to organ ischemia. This review examines latest evidence on the diagnostic workup and management of hiatal hernias. Methods: A literature review of contemporary and latest studies with highest quality of evidence was completed. This information was examined and compiled in review format. Results: Asymptomatic hi",13.62896174863388,15.81,16.77,-2.18103825136612,0.2317380352644836,1051,,0.8198544383049011,high,12.68,1.32,True
plaba,high,high,True,actual,"41 Cystic Echinococcosis or Hydatid disease is caused by the infection with the larval stage of long tapeworm, Echinococcus granulosus. This condition often remains asymptomatic for years before the c","Cystic Echinococcosis, also known as Hydatid disease, is primarily caused by the larval stage of the tapeworm Echinococcus granulosus. This parasitic infection often remains asymptomatic for extended periods, sometimes for years, until the cysts grow large enough to induce symptoms related to the affected organs. The liver and lungs are the most commonly involved organs; however, other organs such as the heart, brain, bones, central nervous system, and kidneys can also be affected.

In the case presented, a young woman exhibited left flank pain and symptoms consistent with a urinary tract infection, which ultimately led to the diagnosis of a left renal hydatid cyst. The cyst measured approximately 7.8 x 6.6 x 8 cm and displayed internal multiple septations at the lower pole cortex of the left kidney. The management of this condition involved a laparoscopic pericystectomy, a minimally invasive surgical procedure to remove the cyst. Following the surgery, the patient experienced no postoperative complications and was discharged with a prescription for albendazole, an antiparasitic medication, along with other supportive treatments.

With appropriate and timely management, which may include a combination of surgical intervention and pharmacotherapy, cystic echinococcosis is a treatable condition. Patients can achieve a full recovery and maintain normal kidney function, allowing them to lead a healthy life post-treatment.","Cystic Echinococcosis or Hydatid disease is caused by the infection with the larval stage of long tapeworm, Echinococcus granulosus. This condition often remains asymptomatic for years before the cyst grows large enough to cause symptoms in affected organs. The most common organs involved are liver and lungs although the heart, brain, bone, central nervous system, and kidney may also be involved. This case is about a young woman who presented with left flank pain and urinary tract infection who ",12.35472972972973,14.26,15.79,-1.90527027027027,0.5439560439560439,1001,,0.8996385335922241,high,10.71,0.71,True
plaba,high,high,True,actual,54 The objective was to determine the strength of relationship between maternal free beta human chorionic gonadotropin ( -hCG) concentrations and rates of adverse pregnancy outcomes. Consecutive recor,"The objective of the study you referenced was to assess the correlation between maternal free beta human chorionic gonadotropin (β-hCG) concentrations and the incidence of adverse pregnancy outcomes. In this context, it is important to note that free β-hCG levels are typically measured in multiples of the median (MoM) to account for variability in population data.

The findings suggest that free β-hCG levels below 0.5 MoM and above 2.0 MoM are associated with an increased risk of adverse pregnancy outcomes, which may include complications such as miscarriage, preterm birth, or fetal anomalies. However, it is noteworthy that elevated free β-hCG levels in the first trimester (particularly those above the median) might be linked to a reduced risk of certain complications, such as preterm delivery and gestational diabetes mellitus (GDM).

In summary, while low and high levels of free β-hCG can indicate potential risks, elevated levels during early pregnancy may paradoxically confer some protective effects against specific adverse outcomes. This nuanced understanding underscores the importance of monitoring β-hCG levels as part of comprehensive prenatal care.",The objective was to determine the strength of relationship between maternal free beta human chorionic gonadotropin ( -hCG) concentrations and rates of adverse pregnancy outcomes. Consecutive records of the database of our Down screening project were assessed for free -hCG levels and pregnancy outcomes. Pregnancies with foetal chromosomal or structural anomalies and those with underlying disease were excluded. Free -hCG levels of 0.5 and 2.0 MoM) free -hCG levels are generally associated with an,11.22459499263623,14.93,16.53,-3.705405007363769,0.3927272727272727,875,,0.8701344728469849,clinical,17.67,3.67,False
plaba,high,high,True,actual,18 Group 1 (All Types of CHO) The intervention followed the American Dietetic Association nutrition practice guidelines for gestational diabetes. Women received an individual food plan based on CHO re,"The provided context outlines a nutrition intervention for women with gestational diabetes, emphasizing carbohydrate (CHO) management according to the American Dietetic Association guidelines. The intervention involved a personalized food plan that restricted carbohydrates to 40-45% of total energy intake (TEI), with a basic carbohydrate counting strategy. Specific recommendations included limiting breakfast carbohydrate intake to 15-30 grams and promoting adequate fiber consumption (20-35 grams per day). 

Women were advised to select any type of carbohydrate except for added refined sugars. Adjustments to energy and carbohydrate prescriptions were made at each visit, contingent upon weight gain and the presence of ketonuria. If ketones were detected and weight gain was suboptimal, energy intake was increased by 200-300 kcal/day. Conversely, if weight gain was adequate, energy intake remained unchanged, but carbohydrates could be increased up to 45% of TEI. 

Fat intake was recommended to be maintained at 55%, while certain high-glycemic index (GI) foods, such as tropical fruits, refined breads, breakfast cereals, and refined sugars, were excluded from the diet. Notably, papaya was permitted due to its high fiber content, and combinations of certain foods (e.g., corn tortillas with beans) were included based on evidence suggesting they lower the overall glycemic index.

The findings indicated that incorporating low GI carbohydrates into the diet was as effective in improving glycemic control as including all types of carbohydrates. This approach not only helped prevent excessive maternal weight","Group 1 (All Types of CHO) The intervention followed the American Dietetic Association nutrition practice guidelines for gestational diabetes. Women received an individual food plan based on CHO restriction (40 45% of TEI), using a CHO counting strategy (basic level). Moderate energy restriction was recommended only for overweight and obese women (24 kcal/kg). Breakfast CHO intake was limited to 15 30 g, and adequate fiber intake was promoted (20 35 g/day). Women in this group were advised to ch",12.409623376623376,14.44,16.42,-2.0303766233766236,0.4642166344294003,1168,,0.8648850321769714,high,13.86,0.14,True
plaba,clinical,clinical,True,actual,"39 Multiple sclerosis (MS) is a complex disease of the central nervous system (CNS) that involves an intricate and aberrant interaction of immune cells leading to inflammation, demyelination, and neur","The context provided outlines the complexities of multiple sclerosis (MS) and the role of biomarkers in its diagnosis, prognosis, and treatment evaluation. In recent years, there has been significant advancement in biomarker research, which has enhanced the ability to measure various pathological processes associated with MS, including neuroaxonal damage, gliosis, demyelination, and the progression of disability.

Biomarkers in MS can be categorized based on their relevance to personal or predictive susceptibility, diagnosis, prognosis, disease activity, or treatment response. The review emphasizes the importance of biomarkers found in cerebrospinal fluid (CSF) and blood serum, as well as promising imaging biomarkers that are increasingly utilized in clinical practice.

For a biomarker to be considered standard in daily clinical practice, it must meet specific criteria, including ease of measurement, specificity, reproducibility, and the ability to provide clinically relevant information regarding the disease state or treatment efficacy.

In summary, the ongoing research and analysis of biomarkers in MS are crucial for improving diagnostic accuracy and therapeutic strategies, ultimately leading to better patient outcomes.","Multiple sclerosis (MS) is a complex disease of the central nervous system (CNS) that involves an intricate and aberrant interaction of immune cells leading to inflammation, demyelination, and neurodegeneration. Due to the heterogeneity of clinical subtypes, their diagnosis becomes challenging and the best treatment cannot be easily provided to patients. Biomarkers have been used to simplify the diagnosis and prognosis of MS, as well as to evaluate the results of clinical treatments. In recent y",17.263979591836733,20.18,20.74,-2.9160204081632664,0.3123287671232876,932,,0.863823413848877,clinical,17.74,3.74,True
plaba,clinical,clinical,True,actual,"31 Background: Tardive dyskinesia is a movement disorder characterised by irregular, stereotyped, and choreiform movements associated with the use of antipsychotic medication. We aim to provide recomm","**Background:** Tardive dyskinesia (TD) is a movement disorder characterized by irregular, stereotyped, and choreiform movements, primarily associated with the chronic use of dopamine receptor antagonists, particularly antipsychotic medications. 

**Recommendations for Treatment of Tardive Dyskinesia:**

1. **Prevention:** The foremost strategy in managing TD is prevention. Clinicians should adhere to best practices when prescribing antipsychotics, which include:
   - Prescribing antipsychotics only for specific, well-defined indications.
   - Utilizing the minimum effective dose to mitigate the risk of TD.
   - Minimizing the duration of therapy whenever possible.

2. **Management of Established TD:**
   - **Withdrawal of Antipsychotics:** If clinically feasible, the first-line approach is to withdraw the offending antipsychotic medication. However, this may not be viable for patients with severe mental illness due to the risk of relapse.
   - **Switching Medications:** For patients who cannot discontinue antipsychotics, switching from first-generation antipsychotics (which typically have a higher D2 receptor affinity) to second-generation antipsychotics with a lower D2 affinity, such as clozapine or quetiapine, may help alleviate TD symptoms.

3. **Pharmacological Interventions:** 
   - The most robust evidence for pharmacological treatment of TD comes from the use of VMAT inhibitors, specifically:
     - **Val","Background: Tardive dyskinesia is a movement disorder characterised by irregular, stereotyped, and choreiform movements associated with the use of antipsychotic medication. We aim to provide recommendations on the treatment of tardive dyskinesia. Results: Preventing tardive dyskinesia is of primary importance, and clinicians should follow best practice for prescribing antipsychotic medication, including limiting the prescription for specific indications, using the minimum effective dose, and min",16.695000000000004,16.74,17.92,-0.0449999999999946,0.4599483204134367,1057,,0.8665322065353394,clinical,14.15,0.15,True
plaba,clinical,clinical,True,actual,45 Objective: The aim of this study was to investigate the effect of Ma Yinglong Shexiang Hemorrhoids Cream combined with pearl powder on pain and complications in patients with severe pressure ulcers,"The study aimed to evaluate the efficacy of Ma Yinglong Shexiang Hemorrhoids Cream combined with pearl powder in managing pain and complications in patients with severe pressure ulcers. A total of 117 hospitalized patients were randomized into three groups: the Ma Yinglong Musk Hemorrhoid Cream Group (MY Group), the Pearl Powder Group (PP Group), and the combination group (MP Group), with 39 patients in each group. 

The results indicated that the MP Group exhibited significantly improved clinical efficacy compared to both the MY and PP groups. Specifically, the MP Group demonstrated shorter healing times, fewer dressing changes, and reduced dressing change durations (P < .05). Additionally, the Visual Analog Scale (VAS) scores for pain and the incidence of secondary effects were significantly lower in the MP Group compared to the other two groups (P < .05). Furthermore, the MP Group had a reduced incidence and area of scar formation compared to the MY and PP groups (P < .05).

In conclusion, the combination of Ma Yinglong Musk Hemorrhoid Cream and pearl powder is more effective than either treatment alone in reducing pain and complications in patients with severe pressure ulcers.","Objective: The aim of this study was to investigate the effect of Ma Yinglong Shexiang Hemorrhoids Cream combined with pearl powder on pain and complications in patients with severe pressure ulcers. Methods: One hundred seventeen patients with severe pressure ulcers hospitalized and treated in our hospital (January 2019--December 2019) were divided into Ma Yinglong Musk Hemorrhoid Cream Group (MY Group), Pearl Powder Group (PP Group), and combination with Ma Yinglong Musk Hemorrhoid Cream and Pe",16.58834951456311,14.77,16.26,1.81834951456311,0.4788732394366197,1098,,0.8860229253768921,clinical,16.8,2.8,True
plaba,clinical,clinical,True,actual,"36 The landscape of managing ureteric stones has evolved over the last few decades and several treatment options exist depending on the stone size, location, and other patient and stone factors. While","Ureteroscopy (URS) is typically recommended for managing larger ureteric stones, particularly when they are located in the proximal or mid-ureter, where shockwave lithotripsy (SWL) may be less effective. The decision to utilize URS over SWL is influenced by factors such as stone size, location, and the patient's anatomical considerations. Recent advancements in endourological techniques and technologies have enhanced the efficacy and safety of URS, allowing for improved stone fragmentation and retrieval. 

While open surgical intervention has become increasingly rare, medical expulsive therapy (MET) remains a subject of debate, primarily indicated for larger distal ureteric stones. The evolution of ureteric stone management reflects a shift towards minimally invasive approaches that prioritize patient outcomes, cost-effectiveness, and quality of life. Ongoing research and clinical trials will likely inform future guidelines and establish new standards of care in the field of urology.","The landscape of managing ureteric stones has evolved over the last few decades and several treatment options exist depending on the stone size, location, and other patient and stone factors. While open surgery is now rarely performed, the use of medical expulsive therapy (MET) has been controversial and perhaps only recommended for large distal ureteric stones. The mainstay treatment balances between shockwave lithotripsy (SWL) and ureteroscopy (URS), with the latter usually recommended for lar",15.076564625850342,16.64,17.88,-1.563435374149659,0.2708333333333333,795,,0.8853629231452942,clinical,15.33,1.33,True
plaba,clinical,clinical,True,actual,38 The use of wound dressings that are based on the principles of moist wound healing has recently changed the management of pressure ulcers. These products may improve healing rates but also offer im,"The management of pressure ulcers emphasizes the importance of prevention and addressing the underlying factors contributing to ulcer formation. While the use of moist wound healing dressings can enhance healing rates, comfort, and aesthetics, it is critical to implement comprehensive management strategies. These include:

1. **Elimination or Reduction of Pressure**: Regular repositioning of the patient to alleviate pressure on vulnerable areas.
2. **Treatment of Infection**: Prompt identification and management of any infections present in the wound.
3. **Appropriate Wound Management**: Utilizing dressings that promote a moist healing environment and are suitable for the ulcer's characteristics.
4. **Patient and Caregiver Education**: Involving both patients and caregivers in understanding the importance of pressure relief and skin care.
5. **Maintenance of Healed Tissue**: Implementing strategies to prevent recurrence once the ulcer has healed.

The emphasis on prevention is underscored by the statistic that 95% of pressure ulcers are preventable, highlighting the necessity of using assessment tools to identify and quantify risk factors early. This proactive approach is essential in reducing the incidence of pressure ulcers, which are a common and complex issue in patient care.","The use of wound dressings that are based on the principles of moist wound healing has recently changed the management of pressure ulcers. These products may improve healing rates but also offer improved comfort to the patient, reduced dressing time and improved cosmesis. However, healing is unlikely to be achieved unless the factors that contribute to ulcer formation are addressed. Principles of management include the elimination or reduction of pressure and other contributing factors, treatmen",14.053992673992678,14.52,16.53,-0.4660073260073218,0.3421828908554572,638,,0.8625696301460266,medium,8.05,1.95,False
plaba,clinical,clinical,True,actual,1 Dystonia is a neurological condition characterized by abnormal involuntary movements or postures owing to sustained or intermittent muscle contractions. Dystonia can be the manifesting neurological ,"The question regarding indicators of superimposed pre-eclampsia in a pregnant female with chronic hypertension is unrelated to the context provided about dystonia. However, to address the original question, the correct answer would be:

**C: Increase in systolic BP by 30 mm Hg and diastolic by 15 mm Hg.**

This option does not specifically indicate superimposed pre-eclampsia, as the criteria for diagnosing pre-eclampsia typically involve new onset hypertension and proteinuria rather than a specific increase in blood pressure measurements. The other options (A, B, and D) are recognized indicators of superimposed pre-eclampsia in the context of chronic hypertension.","Dystonia is a neurological condition characterized by abnormal involuntary movements or postures owing to sustained or intermittent muscle contractions. Dystonia can be the manifesting neurological sign of many disorders, either in isolation (isolated dystonia) or with additional signs (combined dystonia). The main focus of this Primer is forms of isolated dystonia of idiopathic or genetic aetiology. These disorders differ in manifestations and severity but can affect all age groups and lead to ",19.015772613065327,16.37,17.12,2.6457726130653256,0.1266666666666666,794,,0.8079861998558044,clinical,17.62,3.62,True
plaba,clinical,clinical,True,actual,"71 Achondroplasia (MIM 100800) is the most common non-lethal skeletal dysplasia. Its incidence is between one in 10,000 and one in 30,000. The phenotype is characterized by rhizomelic disproportionate","The most common type of emphysema associated with alpha-1 antitrypsin deficiency is **Panlobular emphysema**. This condition is characterized by the destruction of the alveolar walls throughout the entire acinus, leading to significant respiratory compromise. In patients with alpha-1 antitrypsin deficiency, the lack of this protease inhibitor results in unchecked activity of neutrophil elastase, which contributes to the development of panlobular emphysema, particularly in the lower lung zones.","Achondroplasia (MIM 100800) is the most common non-lethal skeletal dysplasia. Its incidence is between one in 10,000 and one in 30,000. The phenotype is characterized by rhizomelic disproportionate short stature, enlarged head, midface hypoplasia, short hands and lordotic lumbar spine, associated with normal cognitive development. This autosomal-dominant disorder is caused by a gain-of-function mutation in the gene encoding the type 3 receptor for fibroblast growth factor (FGFR3); in more than 9",15.356542443064184,19.01,19.62,-3.653457556935818,0.1495327102803738,741,,0.8140747547149658,medium,9.34,0.66,False
plaba,clinical,clinical,True,actual,"34 Importance: Chronic kidney disease (CKD) is the 16th leading cause of years of life lost worldwide. Appropriate screening, diagnosis, and management by primary care clinicians are necessary to prev","Chronic kidney disease (CKD) is a significant global health concern, being the 16th leading cause of years of life lost. It is characterized by a persistent decline in kidney function, indicated by a glomerular filtration rate (GFR) of less than 60 mL/min/1.73 m² or the presence of albuminuria exceeding 30 mg per 24 hours for a duration of more than three months. The prevalence of CKD ranges from 8% to 16% in the general population, with diabetes and hypertension being the predominant etiological factors in developed nations.

Despite its prevalence, awareness of CKD among patients is alarmingly low, with fewer than 5% of individuals with early-stage disease recognizing their condition. Effective management strategies are crucial and include cardiovascular risk reduction through the use of statins and blood pressure control, treatment of albuminuria with agents such as angiotensin-converting enzyme (ACE) inhibitors or angiotensin II receptor blockers (ARBs), and avoidance of nephrotoxic medications, particularly nonsteroidal anti-inflammatory drugs (NSAIDs). Additionally, careful monitoring for complications associated with CKD—such as hyperkalemia, metabolic acidosis, hyperphosphatemia, vitamin D deficiency, secondary hyperparathyroidism, and anemia—is essential.

Patients exhibiting signs of rapid CKD progression, defined by an estimated GFR of less than 30 mL/min/1.73 m², albuminuria","Importance: Chronic kidney disease (CKD) is the 16th leading cause of years of life lost worldwide. Appropriate screening, diagnosis, and management by primary care clinicians are necessary to prevent adverse CKD-associated outcomes, including cardiovascular disease, end-stage kidney disease, and death. Observations: Defined as a persistent abnormality in kidney structure or function (eg, glomerular filtration rate [GFR] <60 mL/min/1.73 m2 or albuminuria 30 mg per 24 hours) for more than 3 month",16.325780632411067,16.32,17.38,0.0057806324110671,0.4723404255319149,1185,,0.8665679097175598,high,11.11,1.11,False
plaba,clinical,clinical,True,actual,"49 Edema is an accumulation of fluid in the interstitial space that occurs as the capillary filtration exceeds the limits of lymphatic drainage, producing noticeable clinical signs and symptoms. The r","In the context of the provided information regarding edema, it is important to differentiate between the various types and causes of edema, as well as their management strategies. 

1. **Generalized Pitting Edema**: This type of edema is often associated with systemic diseases and requires prompt diagnosis and management. It is characterized by the accumulation of fluid in the interstitial space when capillary filtration exceeds lymphatic drainage.

2. **Chronic Accumulation of Edema**: This is frequently indicative of venous insufficiency, particularly when there is dependent edema and hemosiderin deposition. Management focuses on skin care to prevent breakdown and venous ulcers, as well as the use of compression stockings in patients with a history of deep venous thrombosis (DVT) to prevent postthrombotic syndrome.

3. **Eczematous Dermatitis**: This can occur in conjunction with chronic venous insufficiency and is managed with emollients and topical corticosteroids.

4. **Deep Venous Thrombosis (DVT)**: If there is a high clinical suspicion for DVT despite negative duplex ultrasonography results, further imaging such as magnetic resonance venography may be warranted to exclude proximal venous thrombosis.

5. **Lymphedema**: This type of edema is characterized by brawny, nonpitting skin and can occur due to various secondary causes, including tumors, trauma, previous surgeries, or radiation. Management may involve the use of pneumatic compression","Edema is an accumulation of fluid in the interstitial space that occurs as the capillary filtration exceeds the limits of lymphatic drainage, producing noticeable clinical signs and symptoms. The rapid development of generalized pitting edema associated with systemic disease requires timely diagnosis and management. The chronic accumulation of edema in one or both lower extremities often indicates venous insufficiency, especially in the presence of dependent edema and hemosiderin deposition. Ski",16.11037433155081,17.01,19.06,-0.8996256684491932,0.387409200968523,1012,,0.8734504580497742,clinical,19.34,5.34,True
plaba,clinical,clinical,True,actual,44 Uncontrolled bleeding is the leading cause of shock in trauma patients and delays in recognition and treatment have been linked to adverse outcomes. For prompt detection and management of hypovolae,"The context provided discusses the limitations of the Advanced Trauma Life Support (ATLS) classification system for hypovolemic shock in trauma patients. It highlights that a significant majority (over 90%) of trauma patients cannot be classified into the ATLS shock classes based on the combination of heart rate, systolic blood pressure, and Glasgow Coma Scale. Furthermore, the retrospective analysis suggests that the ATLS classification may overestimate tachycardia associated with hypotension and underestimate mental disability in hypovolemic shock, regardless of the trauma mechanism or pre-hospital treatment.

Given these findings, a critical reappraisal of the ATLS classification of hypovolemic shock is warranted. This suggests that while the ATLS classification has been widely implemented, its clinical utility may be limited, and reliance on it may not accurately reflect the physiological state of the majority of trauma patients.

In summary, the ATLS classification system for hypovolemic shock may require reevaluation due to its limited applicability and potential inaccuracies in assessing trauma patients' circulatory status.","Uncontrolled bleeding is the leading cause of shock in trauma patients and delays in recognition and treatment have been linked to adverse outcomes. For prompt detection and management of hypovolaemic shock, ATLS( ) suggests four shock classes based upon vital signs and an estimated blood loss in percent. Although this classification has been widely implemented over the past decades, there is still no clear prospective evidence to fully support this classification. In contrast, it has recently b",15.967412140575082,19.76,19.29,-3.79258785942492,0.2773109243697479,1140,,0.8488686680793762,medium,9.49,0.51,False
plaba,clinical,clinical,True,actual,"63 Background and objective: Anastrozole is a well-established active pharmaceutical ingredient (API) used for the treatment of hormone-sensitive breast cancer (BC) in postmenopausal women. However, t","The study presents a novel transdermal drug delivery system (TDDS) for anastrozole, aimed at improving the pharmacokinetics and minimizing the side effects associated with the oral formulation used for hormone-sensitive breast cancer in postmenopausal women. The TDDS demonstrated a sustained release of 65% of the drug over 48 hours, which is significant for maintaining therapeutic plasma levels while avoiding the peak concentrations that lead to serious side effects such as hot flashes, fatigue, and musculoskeletal pain.

In vivo testing in beagle dogs showed a favorable plasma concentration-time profile, indicating that the transdermal system can effectively manage drug levels over an extended period, thus enhancing patient compliance and safety. The results suggest that this transdermal application could be a promising therapeutic option for treating breast cancer, addressing the high burden of adverse effects associated with the current oral formulation.

In conclusion, the development of the anastrozole-in-adhesive TDDS represents a significant advancement in the management of hormone-sensitive breast cancer, with the potential to improve patient outcomes by reducing the incidence of concentration-dependent side effects. Further clinical studies would be necessary to validate these findings in human subjects.","Background and objective: Anastrozole is a well-established active pharmaceutical ingredient (API) used for the treatment of hormone-sensitive breast cancer (BC) in postmenopausal women. However, treatment with the only available oral formulation is often associated with concentration-dependent serious side effects such as hot flashes, fatigue, muscle and joint pain, nausea, diarrhea, headache, and others. In contrast, a sustained-release system for the local application of anastrozole should mi",18.15468852459016,19.59,19.29,-1.43531147540984,0.2212189616252822,1098,,0.8722165822982788,clinical,17.24,3.24,True
plaba,clinical,clinical,True,actual,22 Birt-Hogg-Dub (BHD) syndrome is an autosomal dominant disorder caused by germline loss-of-function mutations in Folliculin gene (FLCN). BHD is characterized by lower lobe-predominant pulmonary cyst,"Based on the context provided regarding Birt-Hogg-Dub (BHD) syndrome, the question pertains to the implications of inactivating a gene involved in DNA repair processes. The specific defect described relates to the excision of nucleotides from damaged, bulky, helix-distorting DNA strands, which is characteristic of nucleotide excision repair (NER) mechanisms.

In patients with defects in NER, such as those seen in Xeroderma Pigmentosum (XP), the clinical presentation typically includes dry skin and increased photosensitivity due to an inability to repair UV-induced DNA damage. This aligns with option A: Dry skin and increased photosensitivity.

Therefore, the most likely findings in a patient with a similar defect in the gene encoding the nucleotide excision repair protein would be:

**A: Dry skin and increased photosensitivity.**","Birt-Hogg-Dub (BHD) syndrome is an autosomal dominant disorder caused by germline loss-of-function mutations in Folliculin gene (FLCN). BHD is characterized by lower lobe-predominant pulmonary cysts with risk of pneumothorax, benign skin tumors (fibrofolliculomas), and renal cell carcinoma, often of an unusual chromophobe/oncocytic hybrid histology. The FLCN protein functions in multiple signaling and metabolic pathways including positive regulation of mechanistic target of rapamycin complex 1 (",19.227884615384617,16.86,16.89,2.367884615384618,0.1461988304093567,998,,0.8120392560958862,high,13.08,0.92,False
plaba,clinical,clinical,True,actual,"9 Objective: In the present study, an attempt was made to examine the effects of aural stimulation with ointment containing capsaicin on swallowing function in order to develop a novel and safe treatm","The study investigated the effects of aural stimulation using a 0.025% capsaicin ointment on swallowing function in elderly patients diagnosed with non-obstructive dysphagia. A total of 26 patients participated, and the intervention involved applying 0.5 g of capsaicin ointment to the external auditory canal once daily for seven days. The primary outcome measure was the endoscopic swallowing score, assessed via transnasal videoendoscopy after the administration of a 3 mL bolus of colored water.

Results indicated that a single application of capsaicin led to a significant decrease in the endoscopic swallowing score, with effects lasting approximately 60 minutes. Furthermore, after the repeated applications over the week, patients with more severe dysphagia exhibited a significant improvement in their swallowing scores. Notably, among the eight tube-fed patients, three were able to initiate direct swallowing exercises with jelly, leading to a restoration of oral food intake.

The findings suggest that capsaicin-induced stimulation of the external auditory canal may enhance swallowing function in this population. This mechanism is hypothesized to operate similarly to the cough reflex induced by angiotensin-converting enzyme inhibitors, potentially reducing the risk of aspiration pneumonia in dysphagic patients through the activation of Arnold's ear-cough reflex. Thus, the study supports the use of capsaicin ointment as a novel and safe therapeutic approach for improving swallowing in elderly patients with non-obstructive dysphagia.","Objective: In the present study, an attempt was made to examine the effects of aural stimulation with ointment containing capsaicin on swallowing function in order to develop a novel and safe treatment for non-obstructive dysphagia in elderly patients. Patients and methods: The present study included 26 elderly patients with non-obstructive dysphagia. Ointment containing 0.025% capsaicin (0.5 g) was applied to the external auditory canal with a cotton swab under otoscope only once or once a day ",15.890390653523184,15.79,16.8,0.1003906535231848,0.4271047227926078,1133,,0.884080708026886,clinical,17.66,3.66,True
plaba,clinical,clinical,True,actual,"12 Purpose of review: The prevalence of asthma is increasing in many parts of the world, particularly in developed countries. The present review focuses on recent literature regarding asthma preventio","The review highlights the increasing prevalence of asthma, particularly in developed countries, and emphasizes the need for effective prevention strategies in childhood. Recent findings indicate that certain environmental exposures in infancy may correlate with a reduced prevalence of asthma, although the underlying mechanisms are not fully understood. 

Current asthma medications have shown limited efficacy in preventing asthma symptoms once therapy is discontinued. Immunotherapy has emerged as a potential preventive strategy, with studies indicating that it can lead to reduced atopy and asthma incidence in treated groups. However, multi-interventional trials, which combine dietary and environmental modifications, have shown promise in reducing asthma symptom burden but have not consistently demonstrated significant improvements in objective measures such as lung function or bronchial hyper-responsiveness.

In summary, the most effective asthma prevention strategies identified thus far involve a multi-interventional approach that incorporates both dietary and environmental changes. Ongoing research is essential to evaluate the long-term effects of these interventions and to explore novel strategies for the primary and secondary prevention of asthma in children.","Purpose of review: The prevalence of asthma is increasing in many parts of the world, particularly in developed countries. The present review focuses on recent literature regarding asthma prevention in childhood. Recent findings: Several environmental exposures in infancy or early childhood are associated with reduced prevalence of asthma, but the mechanisms leading to these associations remain unknown. Recent studies have demonstrated limited success in the prevention of asthma or asthma sympto",18.26800414364641,19.52,19.71,-1.251995856353588,0.5555555555555556,861,,0.8867340087890625,high,13.07,0.93,False
plaba,clinical,clinical,True,actual,"22 Birt-Hogg-Dub syndrome (BHD) is a rare inherited autosomal dominant disorder caused by germline mutations in the tumour suppressor gene FLCN, encoding the protein folliculin. Its clinical expressio","The question regarding the indicators of superimposed pre-eclampsia in a pregnant female with chronic hypertension is not directly related to Birt-Hogg-Dub syndrome (BHD). However, to address the question specifically:

All of the following indicate superimposed pre-eclampsia in a pregnant female with chronic hypertension except:

A: New onset proteinuria - This is a classic indicator of pre-eclampsia.
B: Platelet count < 75,000 - Thrombocytopenia can be associated with severe pre-eclampsia or HELLP syndrome.
C: Increase in systolic BP by 30 mm Hg and diastolic by 15 mm Hg - Significant increases in blood pressure can indicate worsening hypertension or pre-eclampsia.
D: Fresh retinal hypertensive changes - These can indicate end-organ damage associated with severe hypertension or pre-eclampsia.

The correct answer is **A: New onset proteinuria**. This is a definitive sign of pre-eclampsia rather than an exception. 

In summary, all options provided are indicators of superimposed pre-eclampsia except for the context of the question itself, which may not have a clear exception based on the typical clinical definitions.","Birt-Hogg-Dub syndrome (BHD) is a rare inherited autosomal dominant disorder caused by germline mutations in the tumour suppressor gene FLCN, encoding the protein folliculin. Its clinical expression typically includes multiple pulmonary cysts, recurrent spontaneous pneumothoraces, cutaneous fibrofolliculomas and renal tumours of various histological types. BHD has no sex predilection and tends to manifest in the third or fourth decade of life. Multiple bilateral pulmonary cysts are found on ches",15.808596491228071,14.32,15.74,1.488596491228071,0.1307901907356948,937,,0.793135941028595,high,12.63,1.37,False
plaba,clinical,clinical,True,actual,"11 Metabolic epilepsies arise in the context of rare inborn errors of metabolism (IEM), notably glucose transporter type 1 deficiency syndrome, succinic semialdehyde dehydrogenase deficiency, pyruvate","The context provided discusses metabolic epilepsies arising from inborn errors of metabolism (IEM) and the potential therapeutic role of the ketogenic diet (KD) in managing these conditions. The KD is proposed to exert beneficial effects by addressing impaired bioenergetics, synaptic dysfunction, oxidative stress, and inflammation, which are common features in these metabolic disorders.

Given the information, the answer to the question regarding the potential utility of the ketogenic diet in metabolic epilepsies is that it may be beneficial in treating conditions characterized by impaired bioenergetics and associated neurological symptoms, such as epileptic seizures, developmental delay, and movement disorders. However, it is crucial to recognize that there are contraindications to the KD, particularly in fatty acid oxidation disorders, where the diet could exacerbate metabolic derangements.

In summary, the ketogenic diet may be useful in certain metabolic epilepsies, but careful consideration of contraindications is essential for patient safety and treatment efficacy. Further research is warranted to elucidate the specific metabolic disorders that may respond favorably to ketogenic therapy.","Metabolic epilepsies arise in the context of rare inborn errors of metabolism (IEM), notably glucose transporter type 1 deficiency syndrome, succinic semialdehyde dehydrogenase deficiency, pyruvate dehydrogenase complex deficiency, nonketotic hyperglycinemia, and mitochondrial cytopathies. A common feature of these disorders is impaired bioenergetics, which through incompletely defined mechanisms result in a wide spectrum of neurological symptoms, such as epileptic seizures, developmental delay,",19.83074829931973,20.72,21.19,-0.8892517006802692,0.2457831325301205,965,,0.8434271216392517,clinical,21.78,7.78,True
plaba,clinical,clinical,True,actual,"46 Cystic Fibrosis (CF) is an autosomal recessive disease caused by mutations in the CF transmembrane regulator (CFTR) gene, which encodes a chloride channel located at the apical surface of epithelia","Cystic fibrosis (CF) is an autosomal recessive disorder primarily caused by mutations in the CFTR gene, which encodes a chloride channel critical for maintaining epithelial ion transport and fluid homeostasis. The observed deficiency of unsaturated fatty acids (UFAs) in CF patients has raised questions regarding its role in the pathophysiology of the disease. 

Current literature suggests that dysregulation of fatty acids in CF may contribute to altered membrane biophysical properties, a phenomenon referred to as ""lipointoxication."" This term describes the detrimental effects of excess saturated fatty acids and the insufficient presence of UFAs, which can lead to compromised membrane integrity and function in CF cells. 

The proposed unifying mechanism indicates that these fatty acid imbalances could exacerbate the clinical manifestations of CF, potentially influencing disease progression and the effectiveness of existing therapies. For instance, altered membrane properties may affect the activity of the CFTR protein and other membrane-associated processes, thereby impacting treatment outcomes.

In summary, while the relationship between UFA deficiency and CF remains complex and somewhat contentious, it is clear that fatty acid dysregulation plays a significant role in the disease's pathophysiology and may have implications for therapeutic strategies. Further research is warranted to elucidate these mechanisms and their clinical relevance.","Cystic Fibrosis (CF) is an autosomal recessive disease caused by mutations in the CF transmembrane regulator (CFTR) gene, which encodes a chloride channel located at the apical surface of epithelial cells. Unsaturated Fatty Acid (UFA) deficiency has been a persistent observation in tissues from patients with CF. However, the impacts of such deficiencies on the etiology of the disease have been the object of intense debates. The aim of the present review is first to highlight the general consensu",16.206849315068492,18.73,18.77,-2.523150684931508,0.32,850,,0.8752325773239136,clinical,17.82,3.82,True
plaba,clinical,clinical,True,actual,"61 Zinc has earned recognition recently as a micronutrient of outstanding and diverse biological, clinical, and global public health importance. Regulation of absorption by zinc transporters in the en","Zinc is a crucial micronutrient with significant biological and clinical relevance, particularly in the context of absorption and homeostasis. The absorption of zinc in the gastrointestinal tract is primarily regulated by zinc transporters located in the enterocytes, which are responsible for mediating the uptake of zinc. The saturation kinetics of these transporters play a critical role in determining how effectively zinc is absorbed, which is influenced by various physiological factors, including the quantity of zinc ingested and the presence of dietary inhibitors such as phytate.

In adults, the maximal absorption capacity for zinc is estimated to be approximately 6 mg per day. The presence of high levels of dietary phytate can significantly impair zinc bioavailability, doubling the average estimated dietary requirement when intake reaches 1000 mg of phytate per day. This relationship highlights the importance of dietary composition in zinc absorption and necessitates consideration of both zinc intake and phytate levels to optimize zinc status.

Furthermore, the regulation of endogenous zinc excretion in the intestines is responsive to recent absorption and overall zinc status, indicating a dynamic balance in maintaining zinc homeostasis. While the inhibitory effects of phytate on the absorption of exogenous zinc are well-documented, further research is warranted to fully elucidate its impact on the intestinal losses of endogenous zinc.

In summary, the effective management of zinc intake, particularly in populations at risk of deficiency, requires a comprehensive understanding of the factors influencing absorption and bioavailability, including dietary composition and individual physiological conditions.","Zinc has earned recognition recently as a micronutrient of outstanding and diverse biological, clinical, and global public health importance. Regulation of absorption by zinc transporters in the enterocyte, together with saturation kinetics of the absorption process into and across the enterocyte, are the principal means by which whole-body zinc homeostasis is maintained. Several physiologic factors, most notably the quantity of zinc ingested, determine the quantity of zinc absorbed and the effi",16.320489510489512,20.22,21.19,-3.8995104895104866,0.2986247544204322,1029,,0.8717635869979858,high,13.26,0.74,False
plaba,clinical,clinical,True,actual,43 There have been significant advances in pacing and implantable defibrillator technology over the past decade. The relationships between ventricular activation sequence and cardiac mechanical perfor,"Based on the provided context regarding the advances in pacing and implantable defibrillator technology, the most appropriate next step in management for the patient experiencing recurrent variable decelerations after the discontinuation of the oxytocin infusion would be to **administer terbutaline (A)**. 

Terbutaline, a beta-agonist, can help to relax the uterus and reduce the frequency of uterine contractions, which may alleviate the variable decelerations observed on the CTG. Monitoring without intervention (B) may not be sufficient given the recurrent nature of the decelerations, and while amnioinfusion (C) can be beneficial in certain cases of variable decelerations due to cord compression, it may not be the immediate next step in this scenario. An emergent cesarean section (D) would be considered if there were signs of fetal distress or if the situation deteriorated further, but it is not the first-line intervention in the context of recurrent variable decelerations without additional concerning findings. 

Thus, the most appropriate next step in management is to **administer terbutaline (A)**.","There have been significant advances in pacing and implantable defibrillator technology over the past decade. The relationships between ventricular activation sequence and cardiac mechanical performance are now better appreciated, and will become more completely understood. Even in the setting of infra-His block and bundle branch block, ventricular activation over the Purkinje system can now be achieved in many patients with direct pacing of the His bundle, providing a more physiologic alternati",18.094337194337196,20.86,21.19,-2.765662805662803,0.1509433962264151,981,,0.8272872567176819,clinical,17.16,3.16,True
plaba,clinical,clinical,True,actual,"62 First-generation histamine H1-receptor antagonists, such as diphenhydramine, triprolidine, hydroxyzine or chlorpheniramine (chlorphenamine), frequently cause somnolence or other CNS adverse effects","The context provided discusses the differences between first-generation and second-generation histamine H1-receptor antagonists, highlighting the CNS adverse effects associated with first-generation agents and the improved safety profile of second-generation agents. 

In summary, first-generation H1-antagonists, such as diphenhydramine and hydroxyzine, are known to cause significant sedation and other central nervous system (CNS) effects. In contrast, second-generation H1-antagonists, including loratadine and cetirizine, have a more favorable benefit/risk ratio, exhibiting minimal CNS effects and not exacerbating the CNS adverse effects of other substances, such as alcohol. However, it is important to note that even second-generation agents can pose risks, such as potential cardiac dysrhythmias in cases of overdose or specific conditions.

In conclusion, while second-generation H1-antagonists represent an advancement in therapeutic options with reduced CNS side effects, the notion of a completely risk-free H1-antagonist is an oversimplification, and careful consideration of the benefit-risk ratio is essential when prescribing these medications.","First-generation histamine H1-receptor antagonists, such as diphenhydramine, triprolidine, hydroxyzine or chlorpheniramine (chlorphenamine), frequently cause somnolence or other CNS adverse effects. Second-generation H1-antagonists, such as terfenadine, astemizole, loratadine and cetirizine, represent a true advance in therapeutics. In manufacturers' recommended doses, they have a more favourable benefit/risk ratio than their predecessors with regard to lack of CNS effects, and do not exacerbate",17.208098271155595,22.37,22.25,-5.161901728844406,0.355421686746988,907,,0.886135995388031,clinical,19.57,5.57,True
medqa,low,low,True,actual,An 18-month-old boy is brought to the physician for a well-child examination. He was born at term and has been healthy since. He can walk alone and run. He feeds himself with a spoon and can drink fro,"The 18-month-old boy is doing well. He can walk, run, feed himself, and talk a little. He is healthy and has no problems found during the check-up. 

Since he is meeting most of the important steps for his age, the best next step is to keep watching his growth and development. There is no need for speech therapy or other treatments right now because he is doing well.

So, the most appropriate next step is to **continue regular check-ups** and support his growth.",Audiology evaluation,5.7315651358950355,6.01,9.3,-0.2784348641049643,0.0,811,,0.7978861331939697,low,3.33,2.67,True
medqa,low,medium,False,actual,A 57-year-old man presents to his oncologist to discuss management of small cell lung cancer. The patient is a lifelong smoker and was diagnosed with cancer 1 week ago. The patient states that the can,"In this situation, the patient is expressing feelings of hopelessness and a desire not to pursue treatment for his small cell lung cancer. It's important for the physician to respond with empathy and understanding. 

The most appropriate response from the physician would be to acknowledge the patient's feelings and encourage an open conversation about his concerns. A good response might be:

""I can see that you're feeling overwhelmed and hopeless right now, and that's completely understandable. It's important to talk about what you're going through. Can we discuss your feelings about treatment and explore any concerns you have? I want to make sure you have all the information you need to make the best decision for yourself.""

This response shows that the physician cares about the patient's emotional state and is willing to listen, while also keeping the door open for discussing treatment options in the future.","""It must be very challenging having received this diagnosis. I want to work with you to create a plan.""",5.962601222307104,10.44,12.6,-4.477398777692896,0.0924855491329479,840,,0.8497758507728577,medium,6.15,0.15,False
medqa,low,medium,False,actual,A person is exercising strenuously on a treadmill for 1 hour. An arterial blood gas measurement is then taken. Which of the following are the most likely values?,"When a person exercises strenuously, their body goes through several changes to meet the increased demand for oxygen and energy. During intense exercise, the muscles use more oxygen and produce more carbon dioxide (CO2) as a waste product. This can affect the levels of gases in the blood, which are measured in an arterial blood gas test.

Here are the most likely changes you would see in the arterial blood gas values after 1 hour of strenuous exercise:

1. **Oxygen (O2) Levels**: The oxygen levels may be slightly lower than normal because the muscles are using more oxygen during exercise.

2. **Carbon Dioxide (CO2) Levels**: The carbon dioxide levels are likely to be higher. This is because the muscles produce more CO2 as they work harder.

3. **pH Level**: The pH of the blood might decrease (become more acidic) due to the increased production of lactic acid and CO2. This happens because when muscles work hard, they can produce lactic acid if they are not getting enough oxygen.

In summary, after 1 hour of strenuous exercise, you would expect to see:
- Lower oxygen levels
- Higher carbon dioxide levels
- A lower pH (more acidic)

These changes help the body respond to the increased demands of exercise. If you have any specific values or ranges in mind, let me know, and I can help clarify further!","pH 7.36, PaO2 100, PCO2 40, HCO3 23",3.5706250000000033,11.37,12.4,-7.799374999999996,0.0085836909871244,895,,0.7913050055503845,medium,7.86,1.86,False
medqa,low,low,True,actual,A 6-year-old boy is brought to the physician because he has a limp for 3 weeks. He was born at term and has been healthy since. His immunization are up-to-date; he received his 5th DTaP vaccine one mo,"The 6-year-old boy has a limp and when he stands on one leg, his left side drops. This could mean he has a problem with his hip or muscles. 

Since he has been healthy and just got a vaccine, it is less likely to be an infection. The limp for 3 weeks suggests something is wrong with how he moves or how strong his muscles are.

The most likely cause of these findings is a condition called ""hip dysplasia."" This means the hip joint is not working properly. It can cause pain and make it hard to walk. 

It's important for a doctor to check him further to understand exactly what is happening.",Damage to the right superior gluteal nerve,5.513170940170941,4.75,8.84,0.7631709401709408,0.032520325203252,880,,0.8188323974609375,low,4.88,1.12,True
medqa,low,low,True,actual,A 47-year-old farmer presents to his primary care physician for the first time appointment. The patient has never seen a doctor and states that he is in good health. He has worked as a farmer for the ,"The 47-year-old farmer has high blood pressure, which is 197/118 mmHg. This is much higher than normal. 

To help lower his blood pressure, the best management would be to start him on a medicine called an ""antihypertensive."" This is a type of medicine that helps lower high blood pressure. 

In addition to medicine, it is also important for him to make some lifestyle changes. These can include eating healthier foods, exercising more, and reducing salt in his diet.

So, the best management for his high blood pressure is to start him on blood pressure medicine and encourage healthy lifestyle changes.",Lisinopril,4.813533834586465,7.56,10.91,-2.7464661654135343,0.0,923,,0.7399179339408875,low,4.85,1.15,True
medqa,low,low,True,actual,An 11-year-old child complains of pain in the leg while playing. Blood pressure in the upper limb is 140/90 mm Hg and lower limbs are 110/70 mm Hg. There is a brachiofemoral delay in the pulse. Auscul,"The most likely diagnosis for this 11-year-old child is **Coarctation of the aorta**. 

Here's why:

1. **Blood Pressure Difference**: The blood pressure is higher in the arms (140/90 mm Hg) than in the legs (110/70 mm Hg). This can happen when there is a blockage in the aorta, which is a big blood vessel that carries blood from the heart to the body.

2. **Brachiofemoral Delay**: This means that the pulse in the arms is felt before the pulse in the legs. This delay can happen if there is a problem with blood flow.

3. **Heart Sounds**: The loud heart sounds (S1, S2, and S4) and the ejection systolic murmur can indicate that the heart is working harder due to the blockage.

4. **Notching of the Ribs**: This is seen on an X-ray and can happen when the ribs are pressed on by blood vessels due to the coarctation.

All these signs point to coarctation of the aorta, which is a narrowing of the aorta.",Coarctation of the aorta,5.833063186813188,6.79,9.73,-0.956936813186812,0.0457142857142857,999,,0.8338654041290283,low,3.57,2.43,True
medqa,low,low,True,actual,A 3-year-old girl is brought to the physician for a well-child visit. Her father is concerned about the color and strength of her teeth. He says that most of her teeth have had stains since the time t,"The girl in the story has brownish-gray stains on her teeth and a limp when she walks. These signs can happen if her mother took a medicine called tetracycline while she was pregnant. Tetracycline is an antibiotic, which is a type of medicine that fights infections. If a mother takes it during pregnancy, it can affect the baby's teeth and bones. 

So, the answer is that the mother likely took tetracycline while she was pregnant.",Tetracycline,5.805,6.94,10.36,-1.135000000000001,0.0256410256410256,769,,0.830700695514679,low,3.32,2.68,True
medqa,low,low,True,actual,"A 49-year-old man presents to his primary care physician for leg pain. He states that when he goes for walks with his dog, he starts feeling calf pain. He either has to stop or sit down before the pai","The man has leg pain when he walks, and it gets worse after a short distance. This could mean he has a problem with blood flow to his legs. His doctor will want to help him improve blood flow and reduce the pain.

In addition to lifestyle changes, like eating healthier and exercising more, the next best step for him is to take a medicine called a ""statin."" He is already taking atorvastatin, but he might need to take it more regularly or increase the dose. Statins help lower cholesterol, which can improve blood flow.

So, the answer is to adjust his statin medication to help with his leg pain and improve his blood flow.",Clopidogrel,5.9517304913294815,6.82,9.61,-0.8682695086705188,0.0,974,,0.7518640756607056,low,4.0,2.0,True
medqa,low,low,True,actual,A 45-year-old man in respiratory distress presents to the emergency department. He sustained a stab to his left chest and was escorted to the nearest hospital. The patient appears pale and has moderat,"The 45-year-old man has a stab wound to his chest and is having trouble breathing. He looks pale and his oxygen level is a bit low. His blood pressure is also low. This means he might have a serious problem, like air or blood in his chest.

The best next step for this patient is to put a tube in his chest. This is called a chest tube. It helps to remove air or blood from the chest so he can breathe better. This is very important to help him recover.",Chest tube insertion,5.812160133444536,3.11,7.17,2.702160133444536,0.0416666666666666,817,,0.8144006729125977,medium,8.01,1.99,False
medqa,low,low,True,actual,"A 68-year-old male is brought to the emergency department by his wife. An hour earlier, he dropped to the floor and began to violently shake his extremities. He urinated on the carpet and seemed confu","The 68-year-old man had a serious episode where he shook a lot and seemed confused. He has also lost a lot of weight and has chest pain. His blood tests show that his sodium level is low. Sodium is an important mineral in the body that helps with many functions, including keeping the right amount of water in the body.

Since his sodium level is low (115 mEq/L), the first thing that should be done is to give him fluids that contain sodium. This can help raise his sodium level back to normal. It is important to fix this problem carefully because raising sodium too quickly can cause other issues.

So, the answer is: **Give fluids with sodium to help raise his sodium level.**",Hypertonic saline,5.8101503688292055,7.39,10.95,-1.579849631170794,0.0,1290,,0.7577544450759888,medium,7.17,1.17,False
medqa,low,low,True,actual,A 2-month-old boy is brought to the emergency department 25 minutes after having a seizure. He has had multiple seizures during the past week. His mother has noticed that he has become lethargic and h,"The 2-month-old boy has had seizures and is very tired. He also has a weak cry and has not been growing well. The doctors found some unusual numbers in his blood tests, especially a high level of lactate. 

Lactate is a substance that builds up in the body when there is not enough energy. This can happen if the body cannot break down certain foods properly. 

Based on the symptoms and the blood test results, it seems that the boy might have a problem with an enzyme. An enzyme is like a helper in the body that helps break down food into energy. 

The most likely cause of this boy's symptoms is a deficiency of an enzyme called **pyruvate dehydrogenase**. This enzyme helps the body use sugar for energy. If it is not working well, it can cause high lactate levels and lead to seizures and tiredness.

So, the answer is: **Pyruvate dehydrogenase deficiency**.",Glucose 6-phosphatase,5.975000000000001,6.88,8.84,-0.9049999999999984,0.0,1039,,0.792955219745636,medium,7.17,1.17,False
medqa,low,medium,False,actual,"A peripheral artery is found to have 50% stenosis. Therefore, compared to a normal artery with no stenosis, by what factor has the flow of blood been decreased?","When we talk about ""stenosis,"" we are referring to a narrowing of a blood vessel. In this case, a peripheral artery has 50% stenosis, meaning it is narrowed by half compared to a normal artery.

Blood flow through a blood vessel is affected by its diameter. When an artery is narrowed, the flow of blood decreases. The relationship between the diameter of the artery and blood flow is not a simple one; it is related to the fourth power of the radius of the artery. This means that even a small narrowing can significantly reduce blood flow.

If an artery has 50% stenosis, it means that the diameter of the artery is reduced to 50% of its normal size. This can lead to a substantial decrease in blood flow. In fact, studies suggest that a 50% stenosis can reduce blood flow by about 75% compared to a normal artery.

So, to answer your question: compared to a normal artery with no stenosis, the flow of blood in a peripheral artery with 50% stenosis has been decreased by approximately **75%**.",16,5.478888888888889,9.45,12.34,-3.97111111111111,0.0,704,,0.785606861114502,medium,7.57,1.57,False
medqa,low,low,True,actual,A 52-year-old man comes to the physician for a routine health maintenance examination. He feels well. His blood pressure is 125/70 mm Hg. His glomerular filtration rate is calculated to be 105 mL/min/,"The 52-year-old man is most likely being treated with **Metformin**. 

Metformin is a medicine used for people with type 2 diabetes. It helps lower blood sugar levels. The man’s tests show that his kidneys are working well, which is important for taking Metformin safely.",Canagliflozin,5.675714285714289,6.13,8.08,-0.4542857142857111,0.0,732,,0.7462368607521057,low,5.15,0.85,True
medqa,low,low,True,actual,A 62-year-old man comes to the physician because of a skin lesion on his nose. The patient has had the lesion for 11 months and it has increased in size over the past few months. He is a farmer and li,"The 62-year-old man has a skin lesion on his nose that has been growing for 11 months. He is a farmer, and his mother had a serious skin cancer called metastatic melanoma. He also has a long history of smoking and drinking alcohol.

Based on this information, the most likely diagnosis for his skin lesion is **basal cell carcinoma**. This is a type of skin cancer that often appears as a growth on sun-exposed areas like the nose. It usually grows slowly and is not painful. Given his background and family history, this diagnosis fits well. 

It's important for him to see a doctor for proper treatment.",Basal cell carcinoma,5.560996503496504,7.6,10.69,-2.0390034965034953,0.0526315789473684,858,,0.8268722891807556,low,4.13,1.87,True
medqa,low,low,True,actual,A 1-year-old boy is brought to the physician because of irritability and poor feeding that began 2 days ago. His mother reports that he has been crying more than usual during this period. He refused t,"The 1-year-old boy is not eating or drinking, has strong-smelling and pink urine, and is crying when his tummy is touched. This means he might be very sick and needs help right away.

The best next step is to take him to the hospital. He needs to be checked by doctors who can help him. They will look at what is wrong and give him the care he needs, like fluids to drink and tests to find out why he is feeling bad.",Perform transurethral catheterization,5.737904761904762,4.39,5.68,1.3479047619047622,0.0,851,,0.7926298379898071,medium,7.45,1.45,False
medqa,low,low,True,actual,"A 30-year-old woman was brought in by ambulance after being struck by a truck while crossing the street. She has lost a large volume of blood, and a transfusion of packed RBCs is indicated. The patien","The woman has blood type AB+. This means she can receive red blood cells (RBCs) from the following types:

- AB+
- A+
- B+
- O+

So, the safe options for her transfusion are:

**B: A+, B+, AB+, O+**

These types of blood will be safe for her because people with AB+ blood can take any of these types.","A+, A-, B+, B-, AB+, AB-, O+, O-",4.956170212765958,9.24,8.84,-4.283829787234042,0.15625,687,,0.8233764171600342,medium,7.49,1.49,False
medqa,low,low,True,actual,"A 26-year-old male is brought into the emergency room because he collapsed after working out. The patient is a jockey, and he states that he feels dehydrated and has an upcoming meet for which he need","The 26-year-old male is feeling very tired and has collapsed after working out. He is also dehydrated, which means he does not have enough water in his body. His body shows signs of not having enough salt (sodium) and potassium, which are important for keeping the body working well.

Given that he is a jockey and needs to lose weight quickly, it is likely that he has been using something to help him lose weight fast. This can lead to problems like dehydration and low levels of important minerals in the body.

The most likely thing he is abusing is **diuretics**. Diuretics are medicines that make you urinate more, which can help lose weight quickly but can also cause dehydration and low sodium and potassium levels.",Furosemide,5.6341193181818205,9.41,11.49,-3.775880681818179,0.0,945,,0.7387961745262146,medium,8.15,1.85,False
medqa,low,medium,False,actual,A 25-year-old woman presents to her physician with complaints of cyclic vomiting for 3 days. The vomitus is watery and contains undigested food particles. She also complains of feeling tired and havin,"Based on the information provided about the 25-year-old woman, it sounds like she is experiencing cyclic vomiting, which can lead to dehydration. Her symptoms, including dizziness when standing up, a rapid pulse, low blood pressure, and signs of dehydration (like sunken eyes and a dry tongue), suggest that she may be losing fluids and electrolytes.

In this situation, the best lab values to check would include:

1. **Electrolytes**: This includes sodium, potassium, and chloride levels. Vomiting can lead to a loss of these important minerals, which help regulate many body functions.
  
2. **BUN (Blood Urea Nitrogen) and Creatinine**: These tests can help assess kidney function and hydration status. Elevated levels can indicate dehydration.

3. **Complete Blood Count (CBC)**: This can help check for signs of infection or other issues, but it is less specific for her current condition.

Given her symptoms, the lab values you would expect to see might show low potassium (hypokalemia) due to vomiting, elevated BUN indicating dehydration, and possibly low sodium levels depending on her fluid intake.

Overall, the most relevant lab values for this patient would be those that indicate dehydration and electrolyte imbalance, particularly potassium and BUN levels.","pH = 7.5, Pco2 = 50 mm Hg, HCO32- = 38 mEq/L",5.2066197183098595,12.29,14.55,-7.08338028169014,0.0,949,,0.7649040222167969,medium,8.11,1.89,False
medqa,low,medium,False,actual,"A 40-day-old child presents to a physician for the first time for a well-child visit. The mother is a 22-year-old college student who opted for a home birth. Upon examination, the child weighs 4.0 kg ","Based on the information provided, the 40-day-old child is showing signs of a possible infection or immune issue, especially since the umbilical cord is still attached and looks red and swollen (erythematous and indurated). The blood test shows leukocytosis, which means there are more white blood cells than normal, often indicating an infection or inflammation.

Given that the child is 40 days old and has normal immunoglobulin levels, it suggests that the child might have a deficiency in a specific type of immune cell rather than a problem with antibodies. Flow cytometry is a test that can help identify different types of cells in the blood.

In this case, the most likely marker that will be deficient in this child is the **T-cell marker**. T-cells are a type of white blood cell that play a crucial role in the immune response. If the child has a deficiency in T-cells, it could explain the signs of infection and the abnormal findings in the blood.

So, the answer is that the child will most likely have a deficiency in **T-cells**.",CD18,5.956464646464649,10.65,13.23,-4.693535353535351,0.0,798,,0.7586469054222107,low,5.82,0.18,True
medqa,low,low,True,actual,"A 17-year-old girl is brought to the physician for the evaluation of fatigue for the past 6 months. During this period, she has had a 5-kg (11-lbs) weight loss. She states that she has no friends. Whe","The 17-year-old girl is showing signs of feeling very tired, losing weight, and not having friends. She spends a lot of time in bed and looks pale and thin. Her mother has a serious illness called major depressive disorder, which can affect mood and feelings. 

The girl also has dry skin, brittle nails, and calluses on her knuckles. These signs can mean she is not taking care of herself properly. The lab tests show some unusual numbers, like low calcium and potassium levels. 

Based on all this information, the most likely diagnosis is **an eating disorder**, possibly **anorexia nervosa**. This is when someone eats very little and can cause many health problems. It is important for her to get help from a doctor or a counselor.",Bulimia nervosa,5.893879551820731,7.66,10.75,-1.7661204481792687,0.0153846153846153,1029,,0.7979552149772644,low,4.21,1.79,True
medqa,medium,medium,True,actual,An 81-year-old woman presents to your office accompanied by her husband. She has been doing well except for occasional word finding difficulty. Her husband is concerned that her memory is worsening ov,"Based on the information provided, the 81-year-old woman is experiencing memory issues, such as difficulty finding words, getting lost, and forgetting names. These symptoms can be concerning and may suggest a condition like dementia, which is a decline in memory and thinking skills that affects daily life.

One of the factors that can increase the risk of developing dementia is age. As people get older, the likelihood of experiencing memory problems increases. Other risk factors can include a family history of dementia, certain medical conditions, and lifestyle choices. However, in this case, the woman does not have a significant family history of dementia.

In summary, the primary factor associated with an increased risk of dementia for this patient is her age, as she is 81 years old.",ApoE4,9.608338842975208,12.58,14.96,-2.9716611570247924,0.0,817,,0.7652926445007324,medium,8.48,1.52,True
medqa,medium,medium,True,actual,"Four days after undergoing an elective total hip replacement, a 65-year-old woman develops a DVT that embolizes to the lung. Along with tachypnea, tachycardia, and cough, the patient would most likely","In the situation described, the 65-year-old woman has developed a Deep Vein Thrombosis (DVT) that has moved to her lung, causing a blockage. This condition can lead to a serious problem called a pulmonary embolism. 

The symptoms she is experiencing include:

- **Tachypnea**: This means she is breathing faster than normal.
- **Tachycardia**: This means her heart is beating faster than normal.
- **Cough**: She is likely coughing due to irritation in her lungs.

These symptoms suggest that her body is not getting enough oxygen. The PaO2 (partial pressure of oxygen in arterial blood) is a measure of how much oxygen is in her blood. 

In cases of pulmonary embolism, the PaO2 is often lower than normal because the blockage prevents oxygen from getting into the bloodstream effectively. Normal PaO2 levels are typically between 75 and 100 mmHg. 

Given the options provided:

A: 120 mmHg  
B: 110 mmHg  
C: 85 mmHg  
D: 60 mmHg  

The most likely PaO2 for this patient, given her symptoms and condition, would be **D: 60 mmHg**. This indicates a significant drop in oxygen levels, which aligns with the serious nature of her situation.",60 mmHg,7.396326530612246,9.79,11.91,-2.3936734693877533,0.0211640211640211,776,,0.7851189374923706,medium,9.49,0.51,True
medqa,medium,medium,True,actual,"A 36-year-old woman, gravida 3, para 2, at 42 weeks' gestation comes to the physician for induction of labor. Her pregnancy has been uncomplicated. Her two other children were born after uncomplicated","In this situation, the 36-year-old woman is at 42 weeks of pregnancy, which is considered post-term. When a pregnancy goes beyond 42 weeks, there are some risks for the baby. 

The greatest risk for her child at this stage is **macrosomia**, which means the baby may be larger than average. This can happen because the baby has had more time to grow in the womb. Larger babies can lead to complications during delivery, such as difficulty in labor, the need for a cesarean section (surgery to deliver the baby), or injury to the baby during birth.

Additionally, being overweight (as indicated by her BMI of 33 kg/m²) can also increase the risk of complications for both the mother and the baby. 

In summary, the child is at greatest risk for being larger than average (macrosomia) due to the pregnancy being post-term.",Meconium aspiration,8.571418181818185,10.68,13.02,-2.108581818181815,0.0,968,,0.7479708790779114,medium,8.85,1.15,True
medqa,medium,medium,True,actual,"A 23-year-old primigravida presents to her physician s office at 12 weeks gestation complaining of increased sweating and palpitations for the last week. She does not have edema or dyspnea, and had no","Based on the information provided, the 23-year-old woman is experiencing symptoms that suggest she may have an overactive thyroid, also known as hyperthyroidism. Her symptoms include increased sweating, palpitations (a fast or irregular heartbeat), and a fine tremor in her hands. The thyroid panel results show a very low level of Thyroid Stimulating Hormone (TSH) and elevated levels of Total T4 and Free T4, which are consistent with hyperthyroidism.

In this case, the best course of action is to further evaluate and manage her hyperthyroidism. This usually involves:

1. **Referral to an Endocrinologist**: An endocrinologist is a doctor who specializes in hormone-related conditions, including thyroid disorders. They can provide specialized care and treatment options.

2. **Further Testing**: The endocrinologist may recommend additional tests, such as a thyroid scan or antibody tests, to determine the cause of the hyperthyroidism.

3. **Treatment Options**: Depending on the cause and severity of her hyperthyroidism, treatment options may include medications to control thyroid hormone production, radioactive iodine therapy, or in some cases, surgery.

It is important for her to receive proper treatment to manage her symptoms and prevent complications associated with hyperthyroidism, especially during pregnancy. Therefore, the indicated action is to refer her to an endocrinologist for further evaluation and management of her condition.",Ensure proper hydration and prescribe a beta-blocker,9.08569892473118,14.46,15.19,-5.374301075268821,0.0181818181818181,1117,,0.808685839176178,medium,9.8,0.2,True
medqa,medium,high,False,actual,"In 2013 the national mean score on the USMLE Step 1 exam was 227 with a standard deviation of 22. Assuming that the scores for 15,000 people follow a normal distribution, approximately how many studen","To determine how many students scored above the mean but below 250 on the USMLE Step 1 exam, we can utilize the properties of the normal distribution.

Given:
- Mean (μ) = 227
- Standard Deviation (σ) = 22
- Total number of students = 15,000

First, we need to find the z-scores for the two values of interest: the mean (227) and the upper limit (250).

1. **Calculating the z-score for 250:**
   \[
   z = \frac{(X - \mu)}{\sigma} = \frac{(250 - 227)}{22} = \frac{23}{22} \approx 1.045
   \]

2. **Using the z-table (standard normal distribution table), we find the area to the left of z = 1.045.** This area represents the proportion of students who scored below 250. The approximate area for z = 1.045 is about 0.8528.

3. **Calculating the number of students who scored below 250:**
   \[
   \text{Number of students below 250} = 0.8528 \times 15,000 \approx 12,792
   \]

4. **Since we want the number of students who scored above the mean (227), we need to find the area above the mean. The mean corresponds to","5,100",8.374000000000002,7.49,10.02,0.8840000000000021,0.0,758,,0.7699729204177856,high,10.45,0.45,False
medqa,medium,medium,True,actual,"A 10-year-old boy is referred to a pediatric neurologist by his pediatrician for lower extremity weakness. The boy is healthy with no past medical history, but his parents began to notice that he was ","Based on the information provided, the 10-year-old boy is experiencing weakness in his feet, specifically in the ability to lift his toes (this is called foot dorsiflexion). This type of weakness often indicates an issue with the nerves that control the muscles in the lower legs and feet.

Since he has diminished strength in foot dorsiflexion (rated as 3/5, where 5/5 is normal strength), it is likely that he would also have decreased sensation in the areas controlled by those nerves. The nerves responsible for lifting the toes and controlling the front part of the foot are primarily the peroneal nerves, which are branches of the sciatic nerve.

The area where the patient would most likely have diminished sensation is the **top of the foot and the area between the first and second toes**. This is because the peroneal nerve provides sensation to these parts. 

In summary, due to the weakness in lifting his toes, the boy would likely have diminished sensation on the top of his foot and between the first and second toes.",First dorsal webspace of foot,8.487835195530725,11.56,13.48,-3.072164804469276,0.0326086956521739,990,,0.8030725121498108,high,11.17,1.17,False
medqa,medium,medium,True,actual,"A study on cholesterol levels is performed. There are 1000 participants. It is determined that in this population, the mean LDL is 200 mg/dL with a standard deviation of 50 mg/dL. If the population ha","To answer the question about how many people have a cholesterol level less than 300 mg/dL in a population of 1000 participants, we need to understand a few key terms and concepts.

1. **Mean**: This is the average value. In this case, the mean LDL (low-density lipoprotein) cholesterol level is 200 mg/dL. 

2. **Standard Deviation**: This measures how spread out the values are from the mean. Here, the standard deviation is 50 mg/dL, which means most people's cholesterol levels are within 50 mg/dL of the average (200 mg/dL).

3. **Normal Distribution**: This is a way to describe how data is spread out. In a normal distribution, most values cluster around the mean, and fewer values are found as you move away from the mean in either direction.

Now, we want to find out how many people have an LDL cholesterol level less than 300 mg/dL.

### Steps to Calculate:

1. **Find the Z-score**: The Z-score tells us how many standard deviations a value is from the mean. The formula for the Z-score is:
   \[
   Z = \frac{(X - \text{Mean})}{\text{Standard Deviation}}
   \]
   Where \(X\) is the value we are interested in (300 mg/dL).

   Plugging in the numbers:
   \[
   Z = \frac{",975,6.899428571428572,8.47,10.86,-1.5705714285714285,0.0,902,,0.7441562414169312,medium,6.7,0.7,True
medqa,medium,medium,True,actual,A 13-year-old African American boy with sickle cell disease is brought to the emergency department with complaints of abdominal pain over the last 24 hours. The pain is situated in the right upper qua,"In this case, the 13-year-old boy with sickle cell disease is experiencing abdominal pain, particularly in the right upper quadrant, which is a common area for issues related to the liver and gallbladder. Given his medical history and the ultrasound findings, the likely pathogenesis (or cause) of the ultrasound findings relates to complications of sickle cell disease.

Sickle cell disease is a genetic condition where red blood cells become misshapen (like a sickle or crescent) instead of being round. These sickle-shaped cells can block blood flow in small blood vessels, leading to pain and other complications. 

In this boy's case, the ultrasound likely shows signs of gallstones or cholecystitis (inflammation of the gallbladder). This can happen because:

1. **Increased Bilirubin**: The boy's lab results show elevated bilirubin levels (2.8 mg/dL). Bilirubin is a substance produced when red blood cells break down. In sickle cell disease, the rapid breakdown of red blood cells can lead to high levels of bilirubin, which can form gallstones.

2. **Gallbladder Dysfunction**: The sickle cells can also affect the gallbladder's ability to function properly. If blood flow to the gallbladder is blocked, it can become inflamed or develop stones.

3. **Pain and Symptoms**: The sharp abdominal pain and tenderness in the right upper quadrant, along with nausea and anore",Chronic hemolysis,9.076194968553462,10.33,12.46,-1.2538050314465377,0.0,1267,,0.7709233164787292,high,10.48,0.48,False
medqa,medium,medium,True,actual,"A 49-year-old man presents to your clinic with low back pain . When asked to point to the area that bothers him the most, he motions to both his left and right flank. He describes the pain as deep, du","Based on the information provided, the patient is experiencing low back pain, dark colored urine, and has irregular masses in the abdomen. The presence of blood in the urine (3+ blood on the urine dipstick) suggests a possible issue with the kidneys or urinary tract.

Given the symptoms and the family history of sudden health issues (like the father’s brain bleed), this patient may have a genetic condition that affects the kidneys. One such condition is **polycystic kidney disease (PKD)**, which can lead to the development of cysts in the kidneys and can cause symptoms like back pain and blood in the urine.

Polycystic kidney disease is often associated with mutations on **chromosome 16** (for the most common form, known as autosomal dominant PKD). Therefore, the chromosome most likely affected by a mutation in this patient is **chromosome 16**. 

If you have any further questions or need more information, feel free to ask!",Chromosome 16,6.733250000000002,11.98,13.93,-5.246749999999999,0.0256410256410256,1010,,0.7726818323135376,low,3.4,2.6,False
medqa,medium,medium,True,actual,"A 4-year-old boy is brought to the clinic by his mother with a history of multiple falls for the last 8 months. He was born at term without any perinatal complications. At birth, his weight and height","Based on the information provided about the 4-year-old boy, it seems he may have a condition affecting his muscles and movement. Given his history of multiple falls, difficulty standing up, and the fact that his maternal uncle had a similar issue, it is important to consider some specific findings that might be present during a physical examination.

Here are some additional findings that may be observed in this patient:

1. **Muscle Weakness**: The boy may show signs of weakness in his leg muscles, which could be assessed through strength testing. This means he might struggle to push against resistance or hold his legs up when asked.

2. **Waddling Gait**: When he walks, he might have a waddling or unsteady gait, which means he may sway from side to side while walking. This is often seen in children with muscle weakness.

3. **Calf Muscle Enlargement**: The boy may have enlarged calf muscles, a condition known as ""pseudohypertrophy."" This means that while the muscles appear larger, they are actually weaker because of the underlying muscle condition.

4. **Difficulty with Motor Skills**: He may have trouble with other movements, such as running or jumping, and might not be able to perform tasks that require coordination.

5. **Delayed Milestones**: Although he started walking at 17 months, he may have delays in other areas of development, such as climbing stairs or jumping, compared to his peers.

6. **Postural Control",Pseudohypertrophy of the calf muscles,8.591956521739132,10.96,12.4,-2.3680434782608693,0.0331950207468879,1063,,0.8310412764549255,low,5.17,0.83,False
medqa,medium,medium,True,actual,"A 14-year-old Asian girl is brought to the physician because of a 6-week history of fatigue. During this period, she has had a 3-kg (6.6-lb) weight loss and intermittent low-grade fevers. She also rep","Based on the information provided, this 14-year-old girl is showing several concerning symptoms, including fatigue, weight loss, intermittent fevers, joint pain, swollen joints, and oral ulcers. Her lab results indicate low hemoglobin (which suggests anemia), low white blood cell count (which can indicate a weakened immune system), and low platelet count (which can increase the risk of bleeding). Additionally, the urinalysis shows excessive protein, which can be a sign of kidney issues.

Given these symptoms and lab findings, the most likely further evaluation would show signs of an autoimmune disease, particularly systemic lupus erythematosus (SLE). This condition can cause joint pain, skin issues, and kidney problems, and it is more common in young women and certain ethnic groups, including Asian populations.

In summary, further evaluation is likely to show evidence of kidney involvement, such as lupus nephritis, which is a common complication of SLE. This could be indicated by more specific tests that assess kidney function and damage.",Anti-dsDNA antibodies,9.165064102564106,13.68,14.35,-4.514935897435894,0.0,987,,0.7728956341743469,low,5.08,0.92,False
medqa,medium,medium,True,actual,A 23-year-old male with a homozygous CCR5 mutation is found to be immune to HIV infection. The patient s CCR5 mutation interferes with the function of which viral protein?,"The correct answer is **B: gp120**.

To explain further, the CCR5 mutation affects a protein called **CCR5**, which is found on the surface of certain immune cells. HIV (the virus that causes AIDS) uses a part of its own structure called **gp120** to attach to the CCR5 protein on these immune cells. When the CCR5 protein is not functioning properly due to the mutation, HIV cannot attach and enter the cells, which helps keep the person immune to the infection. 

So, in this case, the CCR5 mutation interferes with the function of the viral protein **gp120**, preventing HIV from infecting the cells.",gp120,7.050000000000001,9.14,10.79,-2.09,0.0194174757281553,589,,0.7918197512626648,medium,8.38,1.62,True
medqa,medium,medium,True,actual,A 28-year-old man presents to the emergency department with lower extremity weakness. He was in his usual state of health until 10 days ago. He then began to notice his legs were tiring out during his,"Based on the information provided, the 28-year-old man is experiencing lower extremity weakness that has progressed over the past 10 days. He also has a history of diarrhea after drinking unfiltered water, which is an important detail. His symptoms, along with the results from the lumbar puncture (spinal tap), suggest that he may have Guillain-Barré Syndrome (GBS). This is a condition where the immune system mistakenly attacks the nerves, leading to weakness and sometimes paralysis.

In managing Guillain-Barré Syndrome, one of the key treatments is **intravenous immunoglobulin (IVIG)** or **plasmapheresis**. 

1. **Intravenous Immunoglobulin (IVIG)**: This treatment involves giving the patient a solution made from the antibodies of healthy donors. It helps to reduce the immune system's attack on the nerves.

2. **Plasmapheresis**: This is a procedure that removes harmful antibodies from the blood. It can also help reduce symptoms and speed up recovery.

Both treatments aim to improve the patient's condition and help regain strength. In this case, the management would likely include starting IVIG as part of the treatment plan for Guillain-Barré Syndrome. 

It's important for the patient to be monitored closely during treatment, as GBS can progress and may require additional support, such as physical therapy, to help regain strength and mobility.",Plasmapheresis,8.831089449541285,11.17,12.89,-2.3389105504587153,0.0093896713615023,1118,,0.8007092475891113,medium,7.12,1.12,True
medqa,medium,medium,True,actual,A 48-year-old female presents to the emergency room with mental status changes. Laboratory analysis of the patient's serum shows: Na 122 mEq/L K 3.9 mEq/L HCO3 24 mEq/L BUN 21 mg/dL Cr 0.9 mg/dL Ca 8.,"Based on the information provided, the most likely diagnosis for the 48-year-old female is **C: Primary polydipsia**.

Here's why:

1. **Sodium Level**: The patient's sodium level is 122 mEq/L, which is low (normal sodium levels are usually between 135-145 mEq/L). This condition is known as hyponatremia.

2. **Urinalysis**: The urine osmolality is 334 mOsm/kg, which is relatively high. In primary polydipsia, the body retains water due to excessive drinking, but the kidneys still concentrate urine, leading to higher urine osmolality.

3. **Mental Status Changes**: Low sodium levels can lead to confusion, lethargy, or other mental status changes, which the patient is experiencing.

4. **Other Conditions**: The other options (diarrhea, diabetes insipidus, and lung cancer) do not fit as well with the lab results and symptoms. For example, diabetes insipidus usually leads to low urine osmolality and high thirst, while diarrhea would typically show signs of dehydration and possibly a different electrolyte imbalance.

In summary, the combination of low sodium, high urine osmolality, and mental status changes points towards primary polydipsia as the most likely diagnosis.",Lung cancer,7.805281690140848,13.42,14.98,-5.6147183098591515,0.0216216216216216,1014,,0.7980324625968933,low,4.96,1.04,False
medqa,medium,medium,True,actual,A 5-year-old is brought into your office by his mother. His mother states that he is having 10-20 episodes per day where he stops responding to his mother and is found staring out of the window. Durin,"Based on the information provided, the 5-year-old boy is likely experiencing a condition called **absence seizures**. 

**Absence seizures** are a type of seizure that typically occur in children. During these seizures, a child may suddenly stop what they are doing and stare blankly for a short period, usually lasting between 10 to 30 seconds. They might also blink more than usual. After the episode, the child usually returns to normal without any confusion or memory of what happened.

In this case, the boy has episodes where he stops responding and stares out the window, which fits the description of absence seizures. The EEG (a test that measures electrical activity in the brain) showing ""three-per-second spike and wave discharge"" is a key finding that supports this diagnosis. 

Overall, the combination of the symptoms, the normal development milestones, and the EEG results strongly suggest that the boy has absence seizures.",Absence seizure,7.585904761904761,11.08,12.82,-3.4940952380952393,0.0259740259740259,859,,0.7988743185997009,medium,7.25,1.25,True
medqa,medium,medium,True,actual,A 42-year-old woman presents with trouble focusing. She says that she has trouble focusing on simple tasks and her thoughts are very scattered. These difficulties have been present since she was a you,"Based on the information provided, the 42-year-old woman has been diagnosed with a psychiatric condition that affects her ability to focus. This condition sounds like it could be Attention-Deficit/Hyperactivity Disorder (ADHD), which is common in both children and adults and can cause difficulties with attention and concentration.

The first-line treatment for ADHD often includes medications called stimulants. These medications help increase certain chemicals in the brain that improve focus and attention.

Here are some important points about these medications:

1. **Effectiveness**: Stimulant medications are generally very effective for improving focus and reducing symptoms of ADHD. Many people notice a significant improvement in their ability to concentrate after starting these medications.

2. **Side Effects**: Like all medications, stimulants can have side effects. Common side effects may include trouble sleeping, decreased appetite, and sometimes increased anxiety. It's important for the patient to discuss any side effects with her doctor.

3. **Monitoring**: The doctor will likely monitor her response to the medication closely, especially when she first starts taking it. This is to ensure it is working well and to adjust the dose if necessary.

4. **Long-term Use**: Many people can use these medications safely for a long time, but regular check-ups are important to make sure they are still the right choice.

In summary, the true statement regarding the new medication is that it is likely a stimulant, which is effective for improving focus in individuals with ADHD, and it may have side effects",Appetite suppression is a common side effect of this medication.,9.014600000000002,12.26,14.03,-3.2453999999999983,0.0538461538461538,893,,0.8338033556938171,low,5.86,0.14,False
medqa,medium,medium,True,actual,A 40-year-old male presents to your office complaining that he is too weak to climb stairs or brush his hair. He denies any headaches or change in vision. A muscle biopsy reveals CD8+ lymphocyte infil,"Based on the information provided, the most likely diagnosis for the 40-year-old male is **C: Polymyositis**.

Here's why:

- **Weakness**: The patient is experiencing significant muscle weakness, particularly in activities like climbing stairs and brushing his hair. This type of weakness is characteristic of polymyositis, which is an inflammatory condition affecting the muscles.

- **Muscle Biopsy Findings**: The biopsy shows CD8+ lymphocyte infiltration in the endomysium. CD8+ lymphocytes are a type of white blood cell that play a role in the immune response. Their presence in the muscle tissue indicates inflammation, which is a key feature of polymyositis.

- **Exclusion of Other Options**:
  - **Systemic lupus erythematosus (SLE)**: This is a systemic autoimmune disease that can affect many parts of the body, but the specific muscle weakness and biopsy findings are more aligned with polymyositis.
  - **Polymyalgia rheumatica**: This condition causes muscle pain and stiffness, especially in the shoulders and hips, but it typically does not cause the type of muscle weakness seen here or the specific biopsy findings.
  - **Dermatomyositis**: This condition also causes muscle weakness and has similar biopsy findings, but it is usually associated with a skin rash, which is not mentioned in this case.

In summary, the combination of muscle weakness and the specific findings from the muscle biopsy strongly suggests polymyos",Polymyositis,8.66848275862069,13.22,14.84,-4.55151724137931,0.0093457943925233,889,,0.7915383577346802,low,5.82,0.18,False
medqa,medium,medium,True,actual,"A 55-year-old man presents for physical and preventive health screening, specifically for prostate cancer. He has not been to the doctor in a long time. Past medical history is significant for hyperte","For a 55-year-old man like the one described, the most appropriate recommendation for prostate cancer screening would be to discuss the option of a prostate-specific antigen (PSA) test. 

Prostate cancer screening typically involves a PSA blood test, which measures the level of PSA in the blood. Higher levels of PSA can indicate the presence of prostate cancer, but they can also be caused by other conditions, such as an enlarged prostate or infection.

Since this man has a family history of prostate cancer (his uncle died from it), he is at a higher risk. The general recommendation is to start discussing prostate cancer screening with a healthcare provider at age 55, especially for those with risk factors like family history.

It’s important for him to have a conversation with his doctor about the benefits and risks of screening, including what the results might mean and what steps to take if the PSA level is high. This way, he can make an informed decision about whether to proceed with the screening.",Serum PSA level,8.113111510791366,12.0,13.26,-3.8868884892086335,0.0225988700564971,928,,0.7913442254066467,medium,8.11,1.89,True
medqa,medium,medium,True,actual,A 61-year-old male presents to the ER with abdominal discomfort and malaise over the past 2 weeks. He states he is married and monogamous. He has a temperature of 39.4 C (102.9 F) and complains of nig,"Based on the information provided, the patient is showing signs of a possible infection or hematological (blood-related) disorder. The symptoms include abdominal discomfort, fever, night sweats, an enlarged spleen, and laboratory findings of anemia (low red blood cells), thrombocytopenia (low platelets), and leukocytosis with lymphocytic predominance (high white blood cells with a lot of lymphocytes).

Given these symptoms and lab results, one potential cause could be a viral infection, such as infectious mononucleosis, which is often caused by the Epstein-Barr virus (EBV). In cases of infectious mononucleosis, a specific laboratory test called the heterophile antibody test (often referred to as the ""monospot"" test) is commonly used. This test detects antibodies that are typically present in patients with this condition.

Therefore, the laboratory finding that is most reliably positive for the primary cause of this illness in this scenario would be the heterophile antibodies detected by the monospot test. If this test is positive, it would support the diagnosis of infectious mononucleosis.",Tartrate-resistant acid phosphatase (TRAP),9.014705882352938,14.71,16.95,-5.695294117647062,0.0,1025,,0.7748091220855713,low,3.88,2.12,False
medqa,medium,medium,True,actual,"An 11-month-old boy is brought to the emergency department by his mother after she observed jerking movements of his arms and legs for about 30 seconds earlier that morning. He has not had fever, coug","Based on the information provided, the symptoms observed in the 11-month-old boy, such as the jerking movements of his arms and legs, pale appearance, blue eyes, musty odor, and poor eye contact, may suggest a condition called phenylketonuria (PKU). PKU is a genetic disorder where the body cannot break down an amino acid called phenylalanine, which can build up and cause serious health issues if not treated.

One of the most effective ways to prevent the symptoms of PKU is through early screening and diagnosis. Newborn screening tests, which are done shortly after birth, can detect PKU and other metabolic disorders. If PKU is identified early, a special diet low in phenylalanine can be started, which helps prevent the harmful effects of the condition.

In this case, the boy's mother did not have prenatal care, and his immunization records are not available, which might indicate he did not receive the newborn screening test that could have detected PKU early on. Therefore, if he had been screened for PKU at birth and followed the recommended dietary guidelines, it is likely that his symptoms could have been prevented.",Dietary restriction of phenylalanine,8.464166666666667,12.98,13.93,-4.515833333333333,0.0207253886010362,906,,0.8254908919334412,medium,9.1,0.9,True
medqa,high,high,True,actual,A 55-year-old man comes to the physician because of a 3-week history of intermittent burning epigastric pain. His pain improves with antacid use and eating but returns approximately 2 hours following ,"The deep ulcer located on the posterior wall of the duodenal bulb is most likely to erode into the **pancreatic duct**. 

This is due to the anatomical proximity of the duodenum to the pancreas, particularly the pancreatic duct, which runs posterior to the duodenum. Ulcers in this region can lead to complications such as pancreatitis if they erode into the duct. The other options, such as the descending aorta and the gastroduodenal artery, while also nearby, are less commonly affected by duodenal ulcers compared to the pancreatic duct.",Gastroduodenal artery,11.272469879518074,14.98,16.53,-3.707530120481927,0.0444444444444444,747,,0.8427241444587708,high,11.01,1.01,True
medqa,high,high,True,actual,A 32-year-old man presents to the clinic for follow up for treatment of latent tuberculosis. He is a healthcare worker and began isoniazid 3 months ago after a routine PPD yielded a 12-mm induration. ,"In this case, the 32-year-old man is being treated for latent tuberculosis with isoniazid, which is known to potentially cause hepatotoxicity, especially in individuals with pre-existing liver conditions or risk factors for liver disease. Given his family history of ""liver disease"" and the laboratory findings indicating elevated liver enzymes (AST and ALT) and signs of iron overload (elevated total iron and ferritin with low TIBC), there is a concern for possible liver dysfunction and iron overload, which could be exacerbated by isoniazid.

The most appropriate next step in management would be to **obtain a liver function test (LFT)** to assess the extent of liver injury and determine if it is safe to continue isoniazid therapy. If the LFTs show significant elevation in liver enzymes or if there are clinical signs of liver dysfunction, discontinuation of isoniazid may be warranted. Additionally, further evaluation for hereditary hemochromatosis or other causes of iron overload may be necessary, given the abnormal iron studies.

In summary, the immediate next step is to evaluate liver function to guide further management of both the latent tuberculosis treatment and the patient's iron overload status.",Pyridoxine supplementation,12.505510597302504,19.21,19.12,-6.704489402697497,0.0,1082,,0.7548403739929199,medium,9.78,0.22,False
medqa,high,high,True,actual,"An 8-year-old girl presents to the emergency department with respiratory distress, facial edema, and a skin rash after eating a buffet dinner with her family. She was born at 39 weeks via spontaneous ","In the scenario presented, the 8-year-old girl is exhibiting signs consistent with anaphylaxis, particularly given her history of a severe peanut allergy, the acute onset of respiratory distress, facial edema, and skin rash following a meal. The presence of stridor indicates significant upper airway obstruction, which is a critical emergency.

The most appropriate next step in the management of this patient is the immediate administration of epinephrine. Epinephrine is the first-line treatment for anaphylaxis and acts to rapidly reverse the symptoms by causing vasoconstriction, bronchodilation, and reducing edema. Given that the patient forgot her EpiPen, it is imperative that epinephrine be administered as soon as possible, typically intramuscularly (IM), preferably in the mid anterolateral thigh.

Following the administration of epinephrine, the patient should be closely monitored for response and potential need for additional doses, as well as supportive care, including oxygen supplementation and intravenous fluids if necessary. Subsequent management may include antihistamines and corticosteroids, but the immediate priority is to address the life-threatening symptoms of anaphylaxis with epinephrine.",IM epinephrine,11.072577675489068,18.77,19.43,-7.6974223245109314,0.0229885057471264,924,,0.8072370886802673,high,11.23,1.23,True
medqa,high,high,True,actual,"A 33-year-old woman comes to the physician because of a 3-day history of dry cough and low-grade fever. Four months ago, she was diagnosed with major depressive disorder and started treatment with flu","In the context of a 33-year-old woman diagnosed with major depressive disorder and currently treated with fluoxetine, it is crucial to consider the potential interactions between fluoxetine and other medications, particularly those that could exacerbate side effects or lead to adverse reactions.

Fluoxetine is a selective serotonin reuptake inhibitor (SSRI) that increases serotonin levels in the brain. One class of medications that should be avoided in patients taking SSRIs, including fluoxetine, are those that have serotonergic effects, such as certain cough suppressants that may contain dextromethorphan. Dextromethorphan can increase serotonin levels and, when combined with fluoxetine, may lead to serotonin syndrome, a potentially life-threatening condition characterized by symptoms such as confusion, agitation, rapid heart rate, and increased body temperature.

Therefore, a drug with a mechanism of action that increases serotonin levels or has serotonergic properties should be avoided in this patient. In summary, the medication to avoid would be one that acts as a serotonin agonist or has the potential to increase serotonin levels, such as dextromethorphan or other similar serotonergic agents.",Inhibition of NMDA glutamate receptors,12.4055376344086,18.85,20.11,-6.444462365591402,0.0111111111111111,843,,0.785026490688324,medium,9.08,0.92,False
medqa,high,high,True,actual,A 10-month-old boy is brought to his pediatrician because of a 3-day history of fever and lethargy. He has previously had more infections than expected since birth but otherwise appears to be developi,"Based on the clinical presentation and laboratory findings, the 10-month-old boy is likely suffering from a condition associated with a defect in the immune system, specifically related to the production of antibodies. The organism cultured from the purulent lesion is a catalase-positive, coagulase-positive, gram-positive organism, which is characteristic of Staphylococcus aureus. The recurrent infections since birth suggest a possible underlying immunodeficiency.

The leukocyte test that confirms the diagnosis likely pertains to a specific defect in the immune response, such as a problem with the production of immunoglobulins (antibodies). In this context, the substrate of the protein that is most likely defective in this patient is produced by the metabolic pathway of the **pentose phosphate pathway (PPP)**. 

The pentose phosphate pathway is crucial for generating NADPH and ribose-5-phosphate. NADPH is essential for the function of phagocytes, particularly in the oxidative burst that occurs during the immune response to infections. A defect in this pathway can lead to impaired ability to respond to bacterial infections, which aligns with the boy's history of recurrent infections.

In summary, the substrate of the protein that is most likely defective in this patient is produced by the **pentose phosphate pathway**, which is critical for the immune system's ability to mount an effective response against pathogens.",HMP shunt,12.872716627634665,15.88,16.73,-3.007283372365336,0.0,947,,0.7812936902046204,high,11.23,1.23,True
medqa,high,high,True,actual,A 50-year-old obese woman presents for a follow-up appointment regarding microcalcifications found in her left breast on a recent screening mammogram. The patient denies any recent associated symptoms,"In the context of the 50-year-old obese woman with microcalcifications in her left breast, which were subsequently found to be associated with non-invasive malignancy (likely ductal carcinoma in situ, or DCIS) upon histologic examination, the most appropriate course of treatment would typically involve surgical intervention. 

Given that the biopsy has confirmed non-invasive malignancy, the standard treatment approach would be to perform a lumpectomy (breast-conserving surgery) followed by radiation therapy. This approach is particularly suitable for patients with DCIS, as it aims to remove the cancerous cells while preserving as much breast tissue as possible. 

In some cases, especially considering her family history of breast cancer and her obesity, the patient may also be counseled regarding the option of a mastectomy, which involves the removal of the entire breast, particularly if there are concerns about the extent of disease or if the patient prefers this option for personal reasons.

Additionally, given her history of polycystic ovarian syndrome (PCOS) and the potential implications for hormonal therapy, careful consideration of her overall health and preferences will be essential in the treatment planning process. However, the immediate and most appropriate treatment following the diagnosis of non-invasive malignancy is surgical intervention, specifically a lumpectomy with subsequent radiation therapy. 

In summary, the most appropriate course of treatment for this patient is a lumpectomy followed by radiation therapy.",Lumpectomy,11.105155080213908,20.48,20.8,-9.374844919786092,0.0087719298245614,1048,,0.79018235206604,high,13.47,0.53,True
medqa,high,medium,False,actual,"A 50-year-old woman presents to the ED 6 hours after ingesting three bottles of baby aspirin. He complains of nausea, vomiting, dizziness, and tinnitus. His blood pressure is 135/80 mmHg, pulse is 110","In this case, the 50-year-old woman has ingested a large amount of baby aspirin, which contains salicylate. This can lead to a condition called salicylate toxicity. The symptoms she is experiencing, such as nausea, vomiting, dizziness, and tinnitus (ringing in the ears), are common signs of this toxicity.

The blood tests show that her carbon dioxide (PCO2) level is very low at 11 mmHg, which indicates that she is hyperventilating (breathing too fast). This can happen because salicylates can stimulate the respiratory center in the brain, causing increased breathing. The low PCO2 leads to a state called respiratory alkalosis, where the blood becomes too alkaline (less acidic).

To manage this situation, the medical team needs to correct the acid-base balance in her body. Since she has respiratory alkalosis due to hyperventilation, the treatment may involve:

1. **Reassuring the patient to slow her breathing**: This can help increase her carbon dioxide levels back to normal.
2. **Providing oxygen if needed**: Although her oxygen saturation is good at 99%, monitoring her breathing and oxygen levels is important.
3. **Administering activated charcoal**: If she is still within the time frame for it to be effective, this can help absorb the excess salicylate in her stomach and reduce further absorption into her bloodstream.

In summary, the management should focus on correcting the respiratory alkal","Serum alkalization, urine alkalization",10.517359735973605,12.26,14.07,-1.7426402640263952,0.0088105726872246,1020,,0.7886548042297363,medium,7.29,1.29,False
medqa,high,high,True,actual,A researcher is trying to decipher how mRNA codons contain information about proteins. He first constructs a sequence of all cytosine nucleotides and sees that a string of prolines is synthesized. He ,"The phenomenon observed in the researcher's experiment can be explained by the principles of codon reading frames and the concept of overlapping codons in mRNA translation.

In mRNA, the genetic code is read in triplets, known as codons, where each codon corresponds to a specific amino acid. The researcher constructed sequences of nucleotides that contain only cytosine (C), which would not typically yield diverse amino acids. However, when he generated the sequences ACCACCACC and CACCACCAC, these sequences contain different arrangements of nucleotides that allow for the formation of distinct codons. 

1. **ACC** codes for Threonine (Thr).
2. **CACC** can be read as **CAC** (Histidine, His) and **CC** (Proline, Pro).
3. The sequence **CCACCACCA** does not introduce any new codons that would lead to a different amino acid than Proline, hence it continues to produce a string of prolines.

The key factor here is the reading frame. The first two sequences maintain a reading frame that allows for the introduction of new amino acids, while the third sequence does not shift the reading frame sufficiently to produce anything other than proline. This highlights the importance of codon positioning and the potential for different amino acids to be synthesized based on the arrangement of nucleotides and the reading frame utilized during translation.

In summary, the biochemical principle that explains why the first two sequences yield new amino",Wobble hypothesis,12.18461165048544,12.32,15.67,-0.1353883495145602,0.0,847,,0.7547813057899475,high,10.19,0.19,True
medqa,high,high,True,actual,A 35-year-old man seeks evaluation at a clinic with a 2-week history of pain during urination and a yellow-white discharge from the urethra. He has a history of multiple sexual partners and inconsiste,"The clinical presentation of the 35-year-old man, characterized by pain during urination, a yellow-white urethral discharge, and the identification of kidney bean-shaped diplococci within neutrophils on Gram staining, is highly suggestive of a Neisseria gonorrhoeae infection, which is the causative agent of gonorrhea. 

The lack of immunity against Neisseria gonorrhoeae, which explains the patient's recurrent infections, can be attributed to several factors:

1. **Antigenic Variation**: Neisseria gonorrhoeae exhibits significant antigenic variation, particularly in its surface proteins, including pili and outer membrane proteins. This ability to alter its surface antigens allows the organism to evade the host's immune response, making it difficult for the immune system to recognize and mount an effective response against previously encountered strains.

2. **Inadequate Immune Response**: The immune response to Neisseria gonorrhoeae is often insufficient to confer long-lasting immunity. While the body may produce antibodies in response to an infection, these antibodies may not be effective against different strains due to the aforementioned antigenic variation.

3. **Local Immune Evasion**: The organism can also evade local immune responses in the urogenital tract, where the inflammatory response may not be sufficient to clear the infection completely, allowing for reinfection.

4. **Lack of Protective Immunity**: Unlike some other infections, such as those caused by certain viruses or bacteria",Protein pili,11.409682539682542,18.2,19.03,-6.790317460317457,0.018348623853211,1036,,0.7779830098152161,high,10.87,0.87,True
medqa,high,medium,False,actual,"Two hours after undergoing elective cholecystectomy with general anesthesia, a 41-year-old woman is evaluated for decreased mental status. BMI is 36.6 kg/m2. Respirations are 18/min and blood pressure","In this situation, the 41-year-old woman is experiencing decreased mental status after undergoing a cholecystectomy, which is a surgery to remove the gallbladder. She is not responding well and has an absent gag reflex, which means she is not able to protect her airway. 

The most likely cause of her decreased mental status is related to the anesthetic properties of the medication used during her surgery. One important property of anesthetics is their ability to cause sedation or sleepiness. In this case, the anesthetic may have a prolonged effect on her, especially since she has a higher Body Mass Index (BMI) of 36.6 kg/m², which can affect how the body processes medications.

In summary, the anesthetic's sedative effect is likely the reason for her decreased mental status after surgery. It is important for medical staff to monitor her closely and ensure her safety as she recovers from anesthesia.",High lipid solubility,10.981377551020408,12.12,14.37,-1.138622448979591,0.0,878,,0.7889995574951172,high,12.07,1.93,True
medqa,high,high,True,actual,"A 16-year-old woman with no known past medical history and non-significant social and family histories presents to the outpatient clinic for an annual wellness checkup. She has no complaints, and her ","In the case of a 16-year-old woman who has recently become sexually active, the current guidelines from the American College of Obstetricians and Gynecologists (ACOG) recommend that cervical cancer screening with Pap smear should begin at age 21, regardless of sexual history. Therefore, for this patient, the appropriate recommendation would be to inform her that she does not need to undergo cervical cancer screening at this time, as she is below the age threshold for routine Pap testing.

However, it is important to discuss safe sexual practices and the importance of regular gynecological examinations as she continues to be sexually active. Additionally, she should be encouraged to receive the HPV vaccine if she has not already done so, as this can significantly reduce the risk of developing cervical cancer in the future. Regular follow-up appointments can help monitor her health and provide age-appropriate screenings as she matures.",Begin 3-year interval cervical cancer screening via Pap smear at age 21,11.992824675324677,17.23,18.24,-5.237175324675324,0.1097560975609756,840,,0.8412773013114929,high,10.63,0.63,True
medqa,high,medium,False,actual,A 25-year-old woman presents to the emergency department with intermittent uterine contractions. She is 39 weeks pregnant and experienced a deluge of fluid between her legs while she was grocery shopp,"The best description for the cause of this neonate's presentation is **polycythemia**, which means that the baby has a higher than normal level of red blood cells. In this case, the laboratory values show a hemoglobin level of 22 g/dL, which is significantly higher than the normal range for newborns. 

Polycythemia can occur for several reasons, but in this situation, it is likely due to the stress of delivery and the baby being in a situation where there was a lot of fluid (possibly from the mother’s water breaking). This can lead to the baby having more red blood cells than usual, which can give them a ruddy (reddish) complexion. 

It’s important to monitor the baby after delivery, as polycythemia can sometimes lead to complications, but in this case, the baby is healthy and crying, which is a good sign.",Maternal hyperglycemia during the pregnancy,10.283160377358492,13.2,13.02,-2.9168396226415076,0.0134228187919463,883,,0.8210675716400146,high,11.01,1.01,True
medqa,high,high,True,actual,"A 71-year-old man presents to the physician for a routine health-maintenance examination. He feels well; however, he is concerned about the need for prostate cancer screening. He has a 3-year history ","In the context provided, the most appropriate screening test for prostate cancer in this 71-year-old man is a serum prostate-specific antigen (PSA) test. 

Given that he has a history of benign prostatic hyperplasia (BPH) and is concerned about prostate cancer screening, the PSA test serves as a valuable tool for detecting potential prostate malignancies. The PSA test measures the level of prostate-specific antigen in the blood, which can be elevated in the presence of prostate cancer, as well as in benign conditions like BPH.

Although the patient has never had a PSA test or prostate ultrasonography, initiating screening with a PSA test is recommended, especially considering his age and the potential risk factors associated with prostate cancer. The decision to screen should also involve a discussion about the benefits and risks of screening, given the nuances of prostate cancer management and the patient's overall health status.",No screening test is recommended,11.888766423357666,16.17,16.65,-4.281233576642336,0.0512820512820512,872,,0.8315014243125916,medium,7.85,1.85,False
medqa,high,medium,False,actual,"A 72-year-old man presents to the ED complaining of worsening abdominal pain over the last few hours. He also reports nausea, but denies fever, vomiting, or changes in the appearance of his bowel move","Based on the information provided, the 72-year-old man is experiencing worsening abdominal pain, nausea, and has a significant medical history that includes type 2 diabetes, hypertension, coronary artery disease, stroke, atrial fibrillation, and peptic ulcer disease. He is also a smoker with a history of recurrent bleeding peptic ulcers.

The key findings from his examination and lab results include:
- Acute abdominal pain and tenderness
- Decreased bowel sounds
- Elevated amylase level (240 U/L, which is significantly higher than the normal range of < 65 U/L)
- An irregular heart rate (indicating atrial fibrillation)

Given these details, the most likely diagnosis for this patient is **acute pancreatitis**. 

Acute pancreatitis is an inflammation of the pancreas that can cause severe abdominal pain, nausea, and elevated levels of pancreatic enzymes like amylase. The patient's history of smoking and possible alcohol use (not mentioned but common in similar cases) can contribute to this condition. The elevated amylase level supports this diagnosis, as it indicates that the pancreas is not functioning normally. 

In summary, the combination of abdominal pain, nausea, elevated amylase, and the patient's medical history points towards acute pancreatitis as the most likely diagnosis.",Acute mesenteric ischemia,10.065078988941549,18.3,19.0,-8.234921011058452,0.0101522842639593,1173,,0.7881470322608948,high,10.48,0.48,True
medqa,high,high,True,actual,A 94-year-old woman is brought to the emergency department after she was found unresponsive and febrile at her home. Her son reports that she had an acute episode of coughing while having breakfast th,"The clinical presentation of the 94-year-old woman suggests a diagnosis of aspiration pneumonia, likely due to the acute episode of coughing while eating. The development of progressive tachypnea, decreased oxygen saturation, and the presence of opacities in all lung fields on chest X-ray are indicative of significant pulmonary involvement, often seen in cases of aspiration.

In aspiration pneumonia, the pathophysiologic changes primarily involve the inhalation of oropharyngeal contents into the lungs, leading to an inflammatory response. This results in the following key changes:

1. **Inflammation and Edema**: The aspirated material, which may include food particles, saliva, and bacteria, causes an acute inflammatory response in the lung parenchyma. This inflammation leads to edema and the accumulation of neutrophils and other immune cells in the alveoli.

2. **Alveolar Consolidation**: The inflammatory response can result in consolidation of the lung tissue, where air-filled alveoli become filled with fluid, pus, and cellular debris. This is typically what is visualized as opacities on chest X-ray.

3. **Impaired Gas Exchange**: The accumulation of inflammatory exudate in the alveoli disrupts normal gas exchange, leading to hypoxemia and respiratory distress, which is reflected in the patient's progressive tachypnea and decreased oxygen saturation.

4. **Potential for Abscess Formation**: In severe cases, particularly with anaerobic bacteria, there may be a risk of",Increased pulmonary shunt fraction,11.910175438596491,16.39,17.12,-4.479824561403509,0.009009009009009,983,,0.8022302985191345,medium,9.09,0.91,False
medqa,high,high,True,actual,A 64-year-old woman comes to the physician because of gradually worsening blurry vision in both eyes for 5 months. She has also had intermittent headaches for the past 2 months. She has type 2 diabete,"Based on the provided clinical context, the 64-year-old woman is exhibiting symptoms and examination findings consistent with primary open-angle glaucoma. The key indicators include her gradually worsening blurry vision, the presence of bilateral visual field narrowing, elevated intraocular pressure (IOP) of 27 mm Hg in the right eye and 26 mm Hg in the left eye, and the findings of optic nerve cupping during fundoscopic examination.

In managing primary open-angle glaucoma, the first-line treatment typically involves the initiation of topical intraocular pressure-lowering medications. The most appropriate next step in her management would be to start her on a topical prostaglandin analog (such as latanoprost) or a beta-blocker (such as timolol), as these agents are effective in reducing IOP and are commonly used in the treatment of glaucoma.

Therefore, the most appropriate next step in management for this patient is to initiate topical therapy to lower intraocular pressure.",Topical latanoprost therapy,10.951828859060406,18.43,19.69,-7.478171140939594,0.0382165605095541,932,,0.7779939770698547,medium,6.83,0.83,False
medqa,high,high,True,actual,"A 23-year-old man comes to the physician because of a 1-week history of muscle ache, fatigue, and fever that occurs every 2 days. He recently returned from a trip to Myanmar. A peripheral blood smear ","The clinical presentation of the 23-year-old man, including muscle aches, fatigue, and fever occurring every two days, along with his recent travel to Myanmar, raises suspicion for a malaria infection, particularly given the finding of erythrocytes with brick-red granules on the peripheral blood smear, which is characteristic of Plasmodium vivax or Plasmodium ovale. 

The physician's recommendation for a combination of two antimicrobial drugs, after confirming normal glucose-6-phosphate dehydrogenase (G6PD) activity, suggests a concern for potential hemolytic anemia, which can be triggered by certain antimalarial medications in G6PD-deficient individuals. 

The most appropriate rationale for the use of dual therapy in this context is **A: Prevention of infection relapse**. This is particularly relevant for P. vivax and P. ovale, which have a dormant liver stage (hypnozoites) that can lead to relapse if not adequately treated. The combination therapy typically includes a blood schizonticide (such as artemisinin-based combination therapy) to address the active blood stage of the infection, along with a drug that targets the liver stage (such as primaquine) to prevent relapse. Thus, dual therapy is essential to ensure complete eradication of the parasite and to prevent future episodes of malaria.",Prevention of infection relapse,11.852727272727272,16.54,17.69,-4.6872727272727275,0.0398009950248756,937,,0.809253454208374,medium,6.83,0.83,False
medqa,high,high,True,actual,"A 62-year-old woman comes to the physician for a follow-up examination after a recent change in her medication regimen. She reports that she feels well. She has type 2 diabetes mellitus, hyperlipidemi","In this case, the 62-year-old woman with type 2 diabetes mellitus presents with a fingerstick blood glucose concentration of 47 mg/dL, which indicates hypoglycemia. However, she reports feeling well, suggesting that she is not experiencing the typical symptoms associated with low blood glucose levels, such as sweating, tremors, palpitations, or confusion.

The absence of symptoms in this patient can be attributed to the pharmacologic mechanism of the medication amitriptyline, which she is currently taking. Amitriptyline is a tricyclic antidepressant that has anticholinergic properties and can blunt the autonomic response to hypoglycemia. This means that it may inhibit the physiological responses that typically alert a person to low blood sugar levels. As a result, the patient may not perceive the usual symptoms of hypoglycemia despite having a significantly low blood glucose concentration.

In summary, the pharmacologic mechanism responsible for the absence of symptoms in this patient is likely due to the effects of amitriptyline, which dampens the autonomic response to hypoglycemia.",Antagonism at 2-adrenergic receptors,13.445245098039216,16.26,16.26,-2.814754901960786,0.0119047619047619,862,,0.8016253113746643,medium,9.96,0.04,False
medqa,high,medium,False,actual,"A 54-year-old female presents to her primary care physician with complaints of fatigue, constipation, and what the patient describes as ""aching in her bones."" Her medical history is significant for hy","Based on the information provided, the 54-year-old woman has elevated calcium levels, low phosphorus levels, and an elevated parathyroid hormone (PTH) level. These lab results suggest a condition known as primary hyperparathyroidism. 

In primary hyperparathyroidism, one common finding on X-rays (radiographic evaluation) of the hands is subperiosteal bone resorption. This means that the bone tissue just under the outer layer of bone (the periosteum) is being broken down, leading to changes in the bone structure. 

Specifically, you might see changes such as:

- **Subperiosteal bone cysts**: These are small holes or cysts in the bones, particularly around the fingers and the phalanges (the bones in the fingers).
- **Resorption of the distal phalanges**: This refers to the loss of bone density at the tips of the fingers.

So, the most likely expected finding on the radiographic evaluation of this patient's hands would be **subperiosteal bone resorption** or **subperiosteal bone cysts**.",Subperiosteal cortical thinning,11.167666666666667,12.51,14.76,-1.3423333333333325,0.0129032258064516,978,,0.8068623542785645,high,10.25,0.25,True
medqa,high,high,True,actual,"A 3-month-old African American infant presents to the hospital with 2 days of fever, ""coke""-colored urine, and jaundice. The pregnancy was uneventful except the infant was found to have hyperbilirubin","The clinical presentation of the 3-month-old African American infant suggests a possible diagnosis of Glucose-6-phosphate dehydrogenase (G6PD) deficiency, a hereditary condition that can lead to hemolytic anemia, jaundice, and dark urine due to the breakdown of red blood cells. This condition is X-linked recessive, meaning it is typically inherited through the maternal line and predominantly affects males.

Given the context of the infant's symptoms—fever, jaundice, and ""coke""-colored urine—along with the mother's recent treatment with trimethoprim-sulfamethoxazole (TMP-SMX), which can precipitate hemolysis in individuals with G6PD deficiency, it is reasonable to suspect this condition.

To answer the question regarding which disease is similarly inherited as the condition experienced by the child, we would look for another X-linked recessive disorder. 

Among the options provided, a disease that is similarly inherited as G6PD deficiency is **Hemophilia**, which is also an X-linked recessive disorder. Other options like Marfan syndrome (autosomal dominant) or Klinefelter syndrome (47, XXY, which is a chromosomal abnormality) do not share the same inheritance pattern.

Therefore, the correct answer is **Hemophilia** (if it were an option), as it is inherited in the same manner as G6PD deficiency.",Hemophilia A,12.391365853658538,17.87,18.7,-5.478634146341463,0.0199004975124378,938,,0.7771798372268677,high,11.89,1.89,True
medqa,clinical,high,False,actual,"During an experiment conducted to alter the infectivity of common viruses that affect humans, an investigator successfully increases the host range of human immunodeficiency virus (HIV). The new strai","The increase in the host range of the human immunodeficiency virus (HIV) to include fibroblast-like cells, in addition to its usual target cells (primarily CD4+ T lymphocytes), is most likely due to mutations in the viral envelope proteins. These mutations can alter the binding affinity of the virus for cellular receptors, allowing it to attach to and enter a broader variety of host cells. 

In the case of HIV, the primary receptor for viral entry is CD4, which is predominantly expressed on T helper cells. However, fibroblast-like cells may express alternative receptors or co-receptors (such as CCR5 or CXCR4) that can facilitate viral entry. The mutations in the envelope proteins may enable the virus to utilize these alternative receptors, thereby expanding its infectivity to include a wider range of cell types. 

This phenomenon is a common mechanism by which viruses adapt to new environments and hosts, often leading to increased virulence or altered pathogenicity.",Mutation of the gene coding for viral surface glycoproteins,15.886056701030927,15.87,17.32,0.0160567010309282,0.0602409638554216,780,,0.8209526538848877,clinical,15.29,1.29,True
medqa,clinical,clinical,True,actual,"An investigator studying viral replication isolates the genetic material of an unidentified virus strain. After exposing a cell culture to the isolated, purified viral genetic material, the cells begi","Based on the context provided, the investigator has isolated the genetic material of an unidentified virus strain, which upon exposure to a cell culture leads to the production of viral polymerase and subsequent replication of the viral genome. This indicates that the virus is likely a positive-sense RNA virus or a retrovirus, as these types of viruses typically utilize their genetic material directly for translation and replication within host cells.

Given the options provided:

A: Rotavirus infection - This is a double-stranded RNA virus that primarily causes gastroenteritis, particularly in children.

B: Influenza - This is a negative-sense RNA virus that causes respiratory infections and requires a different mechanism for replication.

C: Rabies - This is a negative-sense RNA virus that causes neurological symptoms and has a different replication strategy.

D: Poliomyelitis - This is caused by the poliovirus, which is a positive-sense RNA virus that directly translates its RNA into proteins and replicates within the host cell.

Considering the mechanism of viral replication described, the most likely condition caused by the unidentified virus strain is **D: Poliomyelitis**. The poliovirus replicates similarly by using its RNA genome to produce viral proteins and replicate its genome, aligning with the details provided in the context.",Poliomyelitis,15.46361111111111,16.76,18.24,-1.2963888888888917,0.0097560975609756,777,,0.7774503231048584,clinical,17.33,3.33,True
medqa,clinical,high,False,actual,"A 55-year-old man with a history of fatigue and exertional dyspnea presents to the urgent care clinic following an acute upper respiratory illness. On physical examination, his pulses are bounding, hi","The clinical presentation of the 55-year-old man, characterized by fatigue, exertional dyspnea, pallor, scleral icterus (jaundice), splenomegaly, and significantly low hemoglobin levels (6.8 g/dL), suggests a hemolytic anemia. The acute upper respiratory illness may have triggered an immune response leading to the destruction of red blood cells.

In the context of hypersensitivity reactions, this condition is most consistent with a Type II hypersensitivity reaction, also known as cytotoxic hypersensitivity. Type II reactions involve the binding of antibodies (typically IgG or IgM) to antigens on the surface of cells, leading to cell destruction through mechanisms such as complement activation or phagocytosis. In this case, the hemolysis of red blood cells could be due to an autoimmune process or an adverse reaction to a medication or infection, which are common triggers for Type II hypersensitivity.

In summary, the condition described represents a Type II hypersensitivity reaction, which is characterized by the destruction of red blood cells and subsequent anemia.",Type II cytotoxic hypersensitivity reaction,15.443229813664598,16.16,17.45,-0.7167701863354026,0.0602409638554216,915,,0.8216429948806763,high,12.91,1.09,False
medqa,clinical,high,False,actual,"A 6-year-old Russian boy who recently immigrated to the United States presents to your office with fever and dyspnea. On examination of the oropharynx, you note a grayish-white pseudomembrane and unev","The clinical presentation of the 6-year-old Russian boy, characterized by fever, dyspnea, a grayish-white pseudomembrane in the oropharynx, and marked cervical lymphadenopathy, is highly suggestive of diphtheria, which is caused by the bacterium *Corynebacterium diphtheriae*. 

*Corynebacterium diphtheriae* is a Gram-positive, non-spore-forming bacillus. It is an aerobic organism that produces a potent exotoxin responsible for the systemic effects of diphtheria, including myocarditis and neuropathy, which can lead to severe complications and potentially death if not promptly treated. The presence of the pseudomembrane is a hallmark of diphtheritic infection, and the patient's recent immigration from an area where diphtheria may be more prevalent raises the suspicion for this disease.

In summary, the organism responsible for this patient's disease is *Corynebacterium diphtheriae*, a Gram-positive bacillus that causes diphtheria.",Gram-positive bacteria producing exotoxin that acts via ADP ribosylation,14.992418604651167,18.7,20.46,-3.707581395348832,0.0694444444444444,864,,0.799990713596344,high,11.01,1.01,False
medqa,clinical,high,False,actual,"A 51-year-old man presents to the clinic with a history of hematuria and hemoptysis following pneumonia several weeks ago. He works as a hotel bellhop. His medical history is significant for gout, hyp","The clinical presentation and findings in this 51-year-old man suggest a diagnosis of Goodpasture syndrome, which is characterized by the presence of anti-glomerular basement membrane (anti-GBM) antibodies that target the collagen in the glomerular and alveolar basement membranes. This condition leads to both renal and pulmonary manifestations, as evidenced by the hematuria (blood in urine) and hemoptysis (coughing up blood), along with the findings of bibasilar alveolar infiltrates on chest radiography.

The underlying mechanism of Goodpasture syndrome is classified as a Type II hypersensitivity reaction. This type of hypersensitivity involves the binding of antibodies (in this case, anti-GBM antibodies) to specific antigens on the surface of cells, leading to complement activation and subsequent inflammation and tissue damage. In this scenario, the antibodies specifically target the glomerular and alveolar basement membranes, resulting in the clinical manifestations observed.

In summary, the type of hypersensitivity reaction that underlies this patient's diagnosis is **Type II hypersensitivity**.",Type II cytotoxic hypersensitivity reaction,14.882248603351954,18.51,18.6,-3.627751396648048,0.0490797546012269,986,,0.8006122708320618,medium,8.72,1.28,False
medqa,clinical,clinical,True,actual,"An investigator is studying physiological changes in the autonomic nervous system in response to different stimuli. 40 g of epinephrine is infused in a healthy volunteer over a period of 5 minutes, an","The correct answer is **A: Decreased breakdown of muscle glycogen**.

Phenoxybenzamine is a non-selective alpha-adrenergic antagonist. After the infusion of epinephrine, which stimulates both alpha and beta adrenergic receptors, the administration of phenoxybenzamine would block the alpha-adrenergic effects of epinephrine. 

Epinephrine typically promotes glycogenolysis (the breakdown of glycogen to glucose) through its action on beta-adrenergic receptors, and this effect is mediated in part through the activation of alpha-adrenergic receptors. By administering phenoxybenzamine, the alpha-adrenergic effects are inhibited, leading to a decrease in glycogenolysis and, consequently, a decreased breakdown of muscle glycogen.

Other options, such as decreased secretion of aqueous humor, increased secretion of insulin, or increased pressure inside the bladder, are not directly influenced by the blockade of alpha-adrenergic receptors in the context of epinephrine infusion and are less likely to be observed in this scenario.",Increased secretion of insulin,14.587162162162166,18.15,18.24,-3.562837837837833,0.054421768707483,794,,0.8392014503479004,clinical,14.45,0.45,True
medqa,clinical,clinical,True,actual,"A 53-year-old man with a past medical history significant for hyperlipidemia, hypertension, and hyperhomocysteinemia presents to the emergency department complaining of 10/10 crushing, left-sided ches","The clinical scenario presented illustrates the concept of **myocardial stunning**. Myocardial stunning refers to the temporary impairment of cardiac contractility following an ischemic event, such as an ST-segment elevation myocardial infarction (STEMI) due to occlusion of the left anterior descending coronary artery. 

In this case, the patient initially presents with decreased left ventricular function and regional wall motion abnormalities on echocardiogram following the acute myocardial infarction. This is consistent with stunning, where the myocardium is functionally compromised due to transient ischemia but is not irreversibly damaged. The follow-up echocardiogram 14 days later shows normalization of ejection fraction and resolution of wall motion abnormalities, indicating recovery of myocardial function. This recovery is typical in cases of stunning, as the myocardium can regain its contractile function once perfusion is restored and the ischemic insult is resolved.

Thus, the post-infarct course of this patient exemplifies the phenomenon of myocardial stunning, highlighting the heart's ability to recover from transient ischemic episodes.",Myocardial stunning,15.510178571428572,18.64,19.0,-3.1298214285714288,0.0245398773006134,913,,0.7994969487190247,clinical,20.12,6.12,True
medqa,clinical,high,False,actual,"A 35-year-old woman comes to your office with a variety of complaints. As part of her evaluation, she undergoes laboratory testing which reveals the presence of anti-centromere antibodies. All of the ","In the context of a 35-year-old woman with laboratory findings indicating the presence of anti-centromere antibodies, it is important to consider the clinical associations of these antibodies. Anti-centromere antibodies are primarily associated with limited scleroderma (also known as CREST syndrome), which is characterized by a constellation of symptoms including:

- Calcinosis (calcium deposits in the skin)
- Raynaud's phenomenon (vasospasm in response to cold or stress)
- Esophageal dysmotility (difficulty swallowing due to esophageal muscle involvement)
- Sclerodactyly (thickening and tightening of the skin on the fingers)
- Telangiectasia (small dilated blood vessels near the surface of the skin)

Given this information, the expected symptoms and signs in a patient with anti-centromere antibodies would typically include the aforementioned manifestations. However, one symptom that would not be expected in this context is significant organ involvement, such as pulmonary fibrosis or renal crisis, which are more commonly associated with diffuse scleroderma (characterized by the presence of anti-Scl-70 antibodies).

Therefore, the answer to the question regarding which symptom or sign would NOT be expected in a patient with anti-centromere antibodies is:

**Significant organ involvement (e.g., pulmonary fibrosis or renal crisis).**",Hypercoagulable state,14.199016393442626,22.53,22.59,-8.330983606557375,0.0,798,,0.7536569237709045,medium,9.38,0.62,False
medqa,clinical,high,False,actual,"A 52-year-old man comes to the physician because of a 4-month history of fatigue, weakness, constipation, decreased appetite, and intermittent flank pain. He takes ibuprofen for knee and shoulder pain","In the context of the 52-year-old man presenting with symptoms of fatigue, weakness, constipation, decreased appetite, and intermittent flank pain, along with laboratory findings of hypercalcemia (elevated serum calcium concentration of 11.2 mg/dL), hypophosphatemia (low phosphorus concentration of 2.5 mg/dL), and significantly elevated N-terminal parathyroid hormone (PTH) concentration of 830 pg/mL, the most likely step in vitamin D metabolism that is increased in this patient is the conversion of 25-hydroxyvitamin D (25(OH)D) to its active form, calcitriol (1,25-dihydroxyvitamin D).

This patient’s elevated PTH level suggests primary hyperparathyroidism, which can lead to increased renal conversion of 25(OH)D to calcitriol in an attempt to maintain calcium homeostasis. The elevated calcium levels indicate that the body is responding to high calcium levels, but the low phosphorus levels suggest that the renal handling of phosphorus is altered, which is consistent with the effects of elevated PTH. 

In summary, the step in vitamin D metabolism that is most likely increased in this patient is the conversion of 25-hydroxyvitamin D to 1,25-dihydroxyvitamin D (calcitriol) in the kidneys.","25-hydroxycholecalciferol 1,25-dihydroxycholecalciferol",16.859090909090913,18.16,18.77,-1.3009090909090872,0.0307692307692307,967,,0.806259036064148,medium,9.93,0.07,False
medqa,clinical,clinical,True,actual,"A 62-year-old man with a past medical history of previous myocardial infarction, angina, hypertension, hyperlipidemia, diabetes mellitus, peripheral vascular disease, and below knee amputation has dev","Given the patient's clinical profile, including a history of myocardial infarction, angina, and significant coronary artery disease (65% stenosis of the left anterior descending artery and 75% stenosis of the left circumflex artery), along with a reduced ejection fraction, the recommended treatment would be coronary artery bypass grafting (CABG) or percutaneous coronary intervention (PCI) with stenting, depending on the patient's overall clinical status, functional capacity, and specific anatomy.

In this case, considering the patient's age, comorbidities, and reduced ejection fraction, CABG may be favored if there is significant ischemia or if the patient is symptomatic despite optimal medical therapy. If the patient is not a surgical candidate due to comorbidities or if the lesions are amenable to PCI, then stenting may be considered.

Additionally, optimizing medical management with beta-blockers (which he is already on), ACE inhibitors, antiplatelet therapy (aspirin), and statins is crucial in conjunction with any procedural intervention.

In summary, the recommended treatment for this patient is likely CABG, given the significant coronary artery disease and reduced ejection fraction, with PCI as an alternative depending on further evaluation.",Coronary artery bypass grafting (CABG),15.696363636363635,22.83,23.08,-7.133636363636363,0.0531914893617021,906,,0.8194183111190796,clinical,22.23,8.23,True
medqa,clinical,clinical,True,actual,"A 64-year-old gentleman with hypertension is started on a new diuretic medication by his primary care physician because of poor blood pressure control on his previous regimen. Before starting, he is w","The diuretic medication being recommended by the physician is most likely a thiazide diuretic, such as hydrochlorothiazide. The mechanism of action of thiazide diuretics involves the inhibition of the sodium-chloride symporter in the distal convoluted tubule of the nephron. This action leads to increased excretion of sodium and chloride, which subsequently promotes diuresis.

Thiazide diuretics are known to cause hypokalemia due to increased potassium excretion, as well as metabolic alkalosis. The alterations in metabolites such as hyperglycemia, hyperlipidemia, hyperuricemia, and hypercalcemia are also associated with thiazide use. These side effects arise from the diuretic's effects on renal handling of electrolytes and metabolites, particularly through the modulation of sodium reabsorption and its impact on other transport mechanisms in the nephron.",NCC inhibitor in distal tubule,14.602851485148516,16.24,16.73,-1.6371485148514822,0.0476190476190476,779,,0.8131825923919678,high,12.41,1.59,False
medqa,clinical,high,False,actual,"A 35-year old Caucasian woman visits a community clinic and is presenting with a long history of early satiety, diarrhea, fatigue, hair loss, and brittle nails. Her family history is insignificant. He","Based on the clinical presentation and the findings from the upper endoscopy report indicating antral atrophic gastritis, this 35-year-old Caucasian woman is likely suffering from autoimmune gastritis, which can lead to pernicious anemia. This condition is characterized by the destruction of gastric parietal cells, resulting in decreased production of intrinsic factor, a protein essential for vitamin B12 absorption.

Given her symptoms of early satiety, diarrhea, fatigue, hair loss, brittle nails, and the presence of glossitis, along with her history of iron deficiency anemia and vitamin B12 deficiency, the most relevant laboratory test that would be expected to be positive in this patient is the **anti-intrinsic factor antibody test**. This test detects antibodies against intrinsic factor, which are commonly present in individuals with pernicious anemia due to autoimmune gastritis.

In summary, the expected positive test result in this patient would be **anti-intrinsic factor antibodies**.",Anti-parietal cell antibodies,14.250000000000004,19.08,20.64,-4.829999999999995,0.0397350993377483,860,,0.8273635506629944,high,12.41,1.59,False
medqa,clinical,high,False,actual,A 41-year-old male who takes NSAIDs regularly for his chronic back pain develops severe abdominal pain worse with eating. Upper endoscopy is performed and the medical student asks the supervising phys,"In the context of gastrointestinal pathology, the differentiation between a gastric ulcer and an erosion is primarily based on the depth of tissue involvement. For a lesion to be classified as a gastric ulcer, it must breach the muscularis mucosae layer of the gastric wall. 

To elaborate, the gastric mucosa consists of several layers: 

1. **Epithelium**: The innermost layer that secretes gastric juices.
2. **Lamina Propria**: A layer of connective tissue that supports the epithelium.
3. **Muscularis Mucosae**: A thin layer of smooth muscle that separates the mucosa from the submucosa.

An erosion is defined as a superficial lesion that only affects the epithelium and possibly the lamina propria but does not penetrate the muscularis mucosae. In contrast, a gastric ulcer extends deeper, involving the muscularis mucosae and potentially reaching the submucosa or beyond.

Thus, for a lesion to be classified as a gastric ulcer, it must breach the **muscularis mucosae**.","Epithelium, lamina propria, muscularis mucosa, and submucosa",15.249487951807232,12.21,13.9,3.0394879518072315,0.0886075949367088,859,,0.8306947946548462,medium,9.87,0.13,False
medqa,clinical,high,False,actual,"Following passage of a calcium oxalate stone, a 55-year-old male visits his physician to learn about nephrolithiasis prevention. Which of the following changes affecting urine composition within the b","To prevent nephrolithiasis, particularly calcium oxalate stones, several changes can be made to affect urine composition and reduce the risk of crystal precipitation. The primary strategies include:

1. **Increased Fluid Intake**: Ensuring adequate hydration is crucial. Increased urine volume dilutes the concentration of calcium, oxalate, and other stone-forming substances, thereby reducing the likelihood of crystal formation. Aim for a daily fluid intake sufficient to produce at least 2.5 liters of urine.

2. **Dietary Modifications**:
   - **Calcium Intake**: Contrary to common belief, adequate dietary calcium may actually help prevent stone formation by binding to oxalate in the intestines, thus reducing oxalate absorption. Aim for a balanced intake of calcium through dietary sources rather than supplements, unless otherwise directed by a healthcare provider.
   - **Oxalate Reduction**: Limiting foods high in oxalate, such as spinach, rhubarb, nuts, and chocolate, can help decrease urinary oxalate levels.
   - **Sodium Reduction**: High sodium intake can increase calcium excretion in urine, so reducing sodium can be beneficial.
   - **Protein Management**: Limiting animal protein can help reduce uric acid levels and calcium excretion.

3. **Potassium-Rich Foods**: Increasing potassium intake through fruits and vegetables can help reduce calcium excretion and promote a more alkaline urine, which is less conducive to stone formation.

4.","Decreased calcium, increased citrate, decreased oxalate, increased free water clearance",17.374567901234574,14.45,16.01,2.9245679012345747,0.0469483568075117,924,,0.8184841871261597,high,11.63,1.63,False
medqa,clinical,clinical,True,actual,"An investigator is studying collagen synthesis in human fibroblast cells. Using a fluorescent tag, -collagen chains are identified and then monitored as they travel through the rough endoplasmic retic","In the context of collagen synthesis, the step that occurs extracellularly is **B: Cleavage of procollagen C- and N-terminals**. 

During collagen synthesis, procollagen is synthesized in the rough endoplasmic reticulum and then transported to the Golgi apparatus for post-translational modifications, including glycosylation. However, the cleavage of the C- and N-terminal propeptides occurs after procollagen is secreted into the extracellular space. This cleavage is crucial for the formation of mature collagen fibers, allowing the triple-helix structure to assemble properly and contribute to the extracellular matrix. 

The other options listed occur either within the endoplasmic reticulum or the Golgi apparatus (e.g., glycosylation and triple-helix formation) or involve processes that do not pertain to extracellular events (e.g., translation of pro-chains).",Cleavage of procollagen C- and N-terminals,14.987058823529413,15.64,16.61,-0.6529411764705877,0.106060606060606,655,,0.8308509588241577,high,13.26,0.74,False
medqa,clinical,clinical,True,actual,Which of the following patient presentations seen in a pediatric immunology clinic is most consistent with a diagnosis of Bruton's agammaglobulinemia?,"Bruton's agammaglobulinemia, also known as X-linked agammaglobulinemia (XLA), is characterized by a profound deficiency of immunoglobulins due to a mutation in the BTK gene, leading to an absence of mature B lymphocytes. The clinical presentation typically includes recurrent bacterial infections, particularly encapsulated organisms, starting in infancy. Patients often exhibit low levels of all immunoglobulin classes (IgG, IgA, IgM) and may present with a history of failure to thrive, chronic diarrhea, and recurrent respiratory infections.

In a pediatric immunology clinic, the most consistent presentation for a diagnosis of Bruton's agammaglobulinemia would be:

- A male child (due to the X-linked inheritance pattern) 
- Presenting with recurrent infections, particularly respiratory or gastrointestinal infections
- Laboratory findings showing low or absent serum immunoglobulin levels and absent or markedly reduced B cells on flow cytometry.

Given this information, the patient presentation most consistent with a diagnosis of Bruton's agammaglobulinemia would be a male child with recurrent infections and low immunoglobulin levels.",A 9-month-old boy who has had recurrent otitis media and pneumococcal pneumonia in the past three months,23.45276595744681,21.63,21.19,1.822765957446812,0.0561797752808988,803,,0.801826536655426,clinical,18.45,4.45,True
medqa,clinical,clinical,True,actual,"While explaining the effects of hypokalemia and hyperkalemia on the cardiac rhythm, a cardiologist explains that the electrophysiology of cardiac tissue is unique. He mentions that potassium ions play","The cardiologist is referring to the **inward rectifier potassium channels (IK1)**, specifically the **KIR2.x family** of channels, which play a crucial role in maintaining the resting membrane potential of cardiac myocytes. These channels are predominantly responsible for the high resting potassium conductance observed in ventricular myocytes. They are open during the resting state, allowing potassium ions to flow out of the cell, thus stabilizing the resting membrane potential close to the equilibrium potential of K+. During depolarization, these channels close, contributing to the action potential dynamics in cardiac tissue. Hypokalemia can lead to increased resting membrane potential, making the myocytes more hyperpolarized and potentially predisposing them to arrhythmias, while hyperkalemia can decrease the resting membrane potential, leading to impaired conduction and increased risk of arrhythmias.",Inward rectifier IK1 potassium channels,15.663,16.04,16.73,-0.3769999999999989,0.0763358778625954,814,,0.8287593722343445,high,13.67,0.33,False
medqa,clinical,high,False,actual,"An investigator is studying the effects of drugs on the cardiac action potential. Cardiomyocytes are infused with a pharmacological agent and incubated for 5 minutes, after which the action potential ","The scenario presented involves an investigator studying the effects of a pharmacological agent on the cardiac action potential in cardiomyocytes. To determine the mechanism of action of this agent, we need to consider the phases of the cardiac action potential and the ion channels involved.

The cardiac action potential consists of several phases, primarily driven by the movement of ions such as sodium (Na+), calcium (Ca2+), and potassium (K+). The initial depolarization (Phase 0) is primarily due to the influx of sodium ions through voltage-gated sodium channels. Following this, the plateau phase (Phase 2) is characterized by the influx of calcium ions through L-type calcium channels, which is crucial for muscle contraction. Finally, repolarization (Phase 3) occurs due to the efflux of potassium ions.

If the black line in the graph indicates a significant alteration in the action potential, such as a prolonged plateau phase or a delayed repolarization, it is likely that the pharmacological agent is inhibiting calcium channels. This inhibition would prevent calcium influx, thereby affecting the plateau phase and potentially leading to a longer action potential duration.

In summary, if the action potential changes observed in the graph are indicative of prolonged depolarization or altered repolarization, the pharmacological agent is most likely inhibiting L-type calcium channels. Thus, the answer to the question is that the agent inhibits calcium channels.",Opening of voltage-gated sodium channels,14.088693877551025,15.82,16.77,-1.7313061224489754,0.0432900432900432,895,,0.8336485028266907,high,13.47,0.53,False
medqa,clinical,clinical,True,actual,"To maintain blood glucose levels even after glycogen stores have been depleted, the body, mainly the liver, is able to synthesize glucose in a process called gluconeogenesis. Which of the following re","The reaction of gluconeogenesis that requires an enzyme different from glycolysis is:

**A: Fructose 1,6-bisphosphate → Fructose-6-phosphate.**

In glycolysis, this reaction is catalyzed by the enzyme phosphofructokinase-1 (PFK-1), while in gluconeogenesis, it is catalyzed by fructose-1,6-bisphosphatase, which is a distinct enzyme. The other reactions listed (B, C, and D) utilize enzymes that are also present in glycolysis.","Fructose 1,6-bisphosphate --> Fructose-6-phosphate",19.082857142857147,16.34,16.73,2.7428571428571473,0.1944444444444444,548,,0.8683691024780273,high,11.67,1.67,False
medqa,clinical,high,False,actual,"Two weeks after hospitalization for acute psychosis, a 27-year-old woman with a history of paranoid schizophrenia comes to the physician because of difficulty walking and shaking movements of her hand","The symptoms described in this 27-year-old woman, including difficulty walking, rigidity in the upper extremities, and a low-amplitude tremor that improves with activity, are indicative of drug-induced parkinsonism. This condition can occur as a side effect of antipsychotic medications, such as fluphenazine, which is a typical antipsychotic known to block dopamine D2 receptors.

To alleviate her symptoms, the most appropriate treatment would involve the use of an anticholinergic agent, such as benztropine or trihexyphenidyl. These medications work by antagonizing the effects of acetylcholine in the central nervous system, which helps to restore the balance between dopamine and acetylcholine that is disrupted by the dopamine blockade from antipsychotics. 

Therefore, the drug with the mechanism of action that is most likely to provide relief for this patient's current symptoms is an anticholinergic agent.",Muscarinic antagonist,14.13218446601942,16.61,16.65,-2.4778155339805803,0.0,835,,0.7620863914489746,clinical,18.53,4.53,True
pubmed,medium,medium,True,actual,"Is Chaalia/Pan Masala harmful for health? practices and knowledge of children of schools in Mahmoodabad and Chanesar Goth, Karachi.","Chaalia and Pan Masala are types of chewing tobacco products that are often mixed with various flavorings and spices. They are commonly used in some cultures, but they can be harmful to health.

Research shows that using Chaalia and Pan Masala can lead to several health problems. These products contain tobacco, which is known to cause addiction and can lead to serious diseases like cancer, heart disease, and respiratory issues. Additionally, they can cause oral health problems, such as gum disease and tooth decay.

In the context of the study mentioned, it seems that the researchers are trying to understand how much children in schools in Mahmoodabad and Chanesar Goth, Karachi know about the harmful effects of these products. It’s important for children to learn about the risks associated with using Chaalia and Pan Masala so they can make informed choices about their health.

In summary, yes, Chaalia and Pan Masala are harmful to health, and it is crucial for children to be educated about these dangers.","To determine the practices and knowledge of harmful effects regarding use of Chaalia and Pan Masala in three schools of Mahmoodabad and Chanesar Goth, Jamshed Town, Karachi, Pakistan. To achieve the objective a cross-sectional design was used in three government schools of Mahmoodabad and Chanesar Goth, Jamshed Town, Karachi. Students of either gender drawn from these schools fulfilling the inclusion and exclusion criteria were interviewed using a pre-coded structured questionnaire. Along with d",8.886790716836035,10.22,11.7,-1.3332092831639653,0.1623762376237623,760,,0.8342021703720093,medium,7.37,1.37,True
pubmed,medium,high,False,actual,The role of age in choosing high-efficacy treatment for multiple sclerosis: an Austrian MS Database study.,"The role of age in choosing high-efficacy treatment for multiple sclerosis (MS) is a critical consideration, particularly in the context of an Austrian MS Database study. Age can significantly influence treatment decisions due to various factors, including the disease's natural history, the patient's overall health status, and the potential risks associated with high-efficacy therapies.

In general, younger patients with MS may be more likely to receive high-efficacy treatments, as they often have a more aggressive disease course and may benefit more from early intervention. Conversely, older patients may be more cautious in their treatment choices due to concerns about the side effects of potent therapies, comorbidities, and the potential for diminished treatment response.

The Austrian MS Database study likely analyzed demographic data, treatment outcomes, and disease progression in relation to age. It may have found that while younger patients tend to initiate high-efficacy treatments earlier, older patients might require a more tailored approach that balances efficacy with safety, particularly in light of their unique health profiles.

Ultimately, the study underscores the importance of individualized treatment plans that consider age as a significant factor in the management of multiple sclerosis, ensuring that both the efficacy of the treatment and the patient's quality of life are prioritized.","Treatment strategy for relapsing multiple sclerosis (RMS) is increasingly shifting toward first-line use of high-efficacy DMT (H-DMT). However, differences in DMT efficacy appear to decline with increasing age, and the benefit of first-line H-DMT at higher age currently remains unclear. The aim of this study was to investigate whether the superiority of H-DMT over moderate-efficacy DMT (M-DMT) decreases with age. Using the Austrian MS database, we included previously DMT-na ve RMS patients aged ",9.341655348047537,18.68,19.43,-9.338344651952465,0.1516966067864271,646,,0.8407858610153198,high,13.51,0.49,False
pubmed,medium,high,False,actual,[Health habits and vaccination status of Lebanese residents: are future doctors applying the rules of prevention?].,"The context provided highlights a study evaluating the health habits and vaccination status of first-year residents at the academic hospital Hôpital-Dieu de France in Lebanon. Although the specific findings of the study are not detailed, it is evident that there has been a lack of nationally representative surveys assessing the personal health-related practices of medical students. This gap is significant because the health behaviors of future physicians can influence their patient counseling practices and overall approach to preventive care.

In terms of applying the rules of prevention, it is crucial for future doctors to model healthy behaviors, including adherence to vaccination schedules, regular health check-ups, and the management of chronic conditions. The study implies that understanding the health practices of medical students could provide insights into how well they adhere to preventive measures themselves, which in turn may affect their ability to advocate for similar practices among their patients.

In summary, while the study aims to shed light on the health habits and vaccination status of medical residents in Lebanon, it underscores the importance of future physicians embodying the principles of preventive health in their personal lives to effectively promote these practices in their professional roles.","There has never been a nationally representative survey of medical students' personal health-related practices, although they are inherently of interest and may affect patient-counseling practices. This study evaluated the health practices and the vaccination status of first year residents working at the academic hospital H tel-Dieu de France. The medical files of all medicine and surgery residents in their first year of specialization between the years 2005 and 2008 were reviewed. These residen",9.899858414239484,19.06,20.58,-9.160141585760517,0.1814744801512287,712,,0.8672730326652527,high,13.51,0.49,False
pubmed,medium,high,False,actual,Does hypoglycaemia increase the risk of cardiovascular events? A report from the ORIGIN trial.,"The ORIGIN trial (Outcome Reduction with Initial Glargine Intervention) investigated the effects of intensive glucose control on cardiovascular outcomes in individuals with type 2 diabetes. One of the notable findings from this trial was the association between hypoglycemia and an increased risk of cardiovascular events.

Hypoglycemia, defined as abnormally low blood glucose levels, can lead to various physiological responses, including increased catecholamine release, which may induce stress on the cardiovascular system. This stress can manifest as arrhythmias, increased heart rate, and elevated blood pressure, potentially leading to adverse cardiovascular outcomes.

In the ORIGIN trial, it was observed that episodes of hypoglycemia were linked to a higher incidence of cardiovascular events, such as myocardial infarction and stroke. This suggests that not only does hypoglycemia pose immediate risks to patients, but it may also have longer-term implications for cardiovascular health.

In summary, the findings from the ORIGIN trial indicate that hypoglycemia does indeed increase the risk of cardiovascular events, highlighting the importance of careful glucose management in patients with diabetes to minimize the occurrence of hypoglycemic episodes and their associated risks.",Hypoglycaemia caused by glucose-lowering therapy has been linked to cardiovascular (CV) events. The ORIGIN trial provides an opportunity to further assess this relationship. A total of 12 537 participants with dysglycaemia and high CV-risk were randomized to basal insulin glargine titrated to a fasting glucose of 5.3 mmol/L (95 mg/dL) or standard glycaemic care. Non-severe hypoglycaemia was defined as symptoms confirmed by glucose 54 mg/dL and severe hypoglycaemia as a requirement for assistance,9.416363636363638,19.5,18.55,-10.083636363636362,0.1274131274131274,768,,0.837314784526825,high,10.74,0.74,False
pubmed,medium,clinical,False,actual,[Landolt C and snellen e acuity: differences in strabismus amblyopia?].,"The Landolt C and Snellen E acuity tests are both utilized to assess visual acuity, but they differ in their application, particularly in the context of strabismus and amblyopia.

1. **Landolt C Test**: This test involves a circular symbol with a gap (the ""C"") that can be oriented in different directions (up, down, left, right). It is particularly useful for assessing visual acuity in patients with strabismus or amblyopia because it minimizes the influence of eye alignment on the results. The patient is required to identify the orientation of the gap, which allows for a more accurate measurement of visual function, especially in cases where one eye may be suppressed due to amblyopia.

2. **Snellen E Test**: This test uses the letter ""E"" in various sizes, where the patient must indicate the direction the ""E"" is facing (up, down, left, or right). While it is a standard method for measuring visual acuity, it may not be as effective in patients with strabismus, as the misalignment of the eyes can lead to inaccurate assessments. In cases of amblyopia, where one eye may have significantly reduced acuity, the Snellen E test may not adequately reflect the visual capabilities of the amblyopic eye.

In summary, the Landolt C test is generally preferred in the evaluation of strabismus and amblyopia due to its ability to provide a more reliable measurement of visual","Assessment of visual acuity depends on the optotypes used for measurement. The ability to recognize different optotypes differs even if their critical details appear under the same visual angle. Since optotypes are evaluated on individuals with good visual acuity and without eye disorders, differences in the lower visual acuity range cannot be excluded. In this study, visual acuity measured with the Snellen E was compared to the Landolt C acuity. 100 patients (age 8 - 90 years, median 60.5 years",9.941469098277608,16.18,18.24,-6.238530901722392,0.1972920696324951,762,,0.8234696984291077,clinical,14.27,0.27,False
pubmed,medium,high,False,actual,Is it appropriate to implant kidneys from elderly donors in young recipients?,"The appropriateness of implanting kidneys from elderly donors into younger recipients is a nuanced topic in renal transplantation. While traditionally, kidneys from elderly donors are often allocated to recipients of similar age due to concerns regarding organ function and longevity, recent studies indicate that younger recipients can benefit from such transplants.

The context provided mentions a study involving 91 consecutive transplants where kidneys from cadaver donors older than 60 years were implanted in recipients younger than 60 years. This suggests that there is a growing body of evidence supporting the viability of using kidneys from older donors in younger recipients. Factors such as the donor's overall health, kidney function at the time of donation, and the specific medical conditions of the recipient play critical roles in determining the success of such transplants.

In conclusion, while it is not the conventional practice to implant kidneys from elderly donors into younger recipients, emerging research indicates that it can be appropriate under certain circumstances. The decision should be made on a case-by-case basis, considering the individual characteristics of both the donor and recipient.","Kidneys from elderly donors tend to be implanted in recipients who are also elderly. We present the results obtained after 10 years of evolution on transplanting elderly kidneys into young recipients. Ninety-one consecutive transplants are studied, carried out in our center with kidneys from cadaver donors older than 60 years implanted in recipients younger than 60 years. The control group is made up of 91 transplants, matched with those from the study group, whose donor and recipient were young",8.63313223140496,17.45,17.93,-8.816867768595039,0.2168141592920354,610,,0.8729896545410156,high,11.71,1.71,False
pubmed,medium,clinical,False,actual,Is duration of psychological treatment for depression related to return into treatment?,"The duration of psychological treatment for depression is indeed related to the likelihood of returning for treatment. Research indicates that longer durations of therapy can lead to more sustained improvements in depressive symptoms and overall functioning, which may reduce the risk of relapse and the need for subsequent treatment episodes. However, the relationship is multifaceted and can be influenced by several factors, including the severity of the initial depressive episode, the presence of comorbid conditions (such as anxiety or substance use disorders), patient engagement, and the therapeutic alliance established with the clinician.

In the context of the 19-year-old woman presenting with a major depressive episode, it is essential to consider that if her treatment is effective and she experiences significant symptom relief over a sustained period, she may be less likely to require further psychological intervention. Conversely, inadequate treatment duration or ineffective therapeutic approaches could lead to a higher likelihood of returning for additional treatment. 

In summary, while there is a correlation between treatment duration and the likelihood of returning for treatment, it is essential to assess individual patient factors and the effectiveness of the therapeutic approach to fully understand this relationship.","There is increasing pressure on mental health providers to reduce the duration of treatments, while retaining level of quality and effectiveness. The risk is that the population is underserved and therefore needs new treatment episodes. The primary aim of this study was to investigate whether duration of treatment and return into mental health care were related. This study examined Dutch patients with an initial treatment episode in 2009 or 2010 in specialized mental health settings for depressi",9.83837398373984,20.37,21.93,-10.53162601626016,0.1746724890829694,654,,0.8502297401428223,clinical,14.66,0.66,False
pubmed,medium,medium,True,actual,Can we measure mesopic pupil size with the cobalt blue light slit-lamp biomicroscopy method?,"To answer your question about measuring mesopic pupil size with the cobalt blue light slit-lamp biomicroscopy method, we first need to understand a few terms:

1. **Mesopic pupil size**: This refers to the size of the pupil in lighting conditions that are between bright (photopic) and dark (scotopic). It’s often when the light is dim but not completely dark.

2. **Cobalt blue light slit-lamp biomicroscopy**: This is a special type of eye examination using a slit lamp (a microscope with a light) that can help doctors look at the structures of the eye. Cobalt blue light is used to enhance the visibility of certain eye conditions, especially when looking for things like corneal abrasions or foreign bodies.

Now, to your question: **Can we measure mesopic pupil size with this method?**

The answer is **no**. The cobalt blue light slit-lamp biomicroscopy method is typically used to examine the eye's surface and structures but is not specifically designed for measuring pupil size in mesopic conditions. Pupil size is usually measured under specific lighting conditions, and a dilated pupil would not be suitable for this measurement either.

In summary, while cobalt blue light slit-lamp biomicroscopy is a useful tool for examining the eye, it is not the method used to measure mesopic pupil size.","The aim of this work is to assess a previously described slit-lamp biomicroscopy-based method (SLBM) for measuring pupil diameter and compare it to Colvard infrared pupillometry (CIP). Two examiners performed three repeated measurements with each instrument in 40 healthy eyes. We determined the agreement of SLBM and CIP, intraobserver and interobserver repeatabilities, and interobserver concordance (kappa) and SLBM ability for detecting pupil sizes over 6.0 mm. The mean ( standard deviation [SD]",7.791544510852468,10.53,11.79,-2.7384554891475315,0.1527001862197392,770,,0.8079959750175476,medium,6.73,0.73,True
pubmed,medium,clinical,False,actual,"Neoadjuvant Imatinib in Locally Advanced Gastrointestinal stromal Tumours, Will Kit Mutation Analysis Be a Pathfinder?","In the context of neoadjuvant therapy for locally advanced gastrointestinal stromal tumors (GISTs), the analysis of KIT mutations is indeed pivotal. GISTs are primarily driven by mutations in the KIT gene, which encodes for a receptor tyrosine kinase that is crucial for cell proliferation and survival. The presence of specific mutations within the KIT gene can influence both the responsiveness to imatinib, a tyrosine kinase inhibitor, and the overall prognosis of the disease.

Neoadjuvant imatinib therapy has been shown to shrink tumors and facilitate surgical resection, making mutation analysis a valuable tool in guiding treatment decisions. Specifically, mutations in the exon 11 of the KIT gene are commonly associated with a favorable response to imatinib, while mutations in exon 9 may require higher doses of the drug for effective management. Additionally, the identification of secondary mutations during treatment can indicate resistance to imatinib, necessitating a change in therapeutic strategy.

In summary, KIT mutation analysis serves as a ""pathfinder"" in the management of locally advanced GISTs treated with neoadjuvant imatinib, as it provides critical information regarding treatment efficacy and potential resistance mechanisms.","Longer duration of neoadjuvant (NA) imatinib (IM) used for locally advanced (LA) gastrointestinal stromal tumours (GIST) is not based on biology of the tumour reflected by kit mutation analysis. LA or locally recurrent (LR) GIST treated with NA IM from May 2008 to March 2015 from a prospective database were included in the analysis. Archived formalin-fixed paraffin-embedded tissues (FFPE) were used for testing KIT exons 9, 11, 13 and 17 by PCR. One hundred twenty-five patients with LA or LR GIST",9.132562043795623,18.36,20.13,-9.227437956204376,0.1645569620253164,814,,0.8300809860229492,clinical,17.79,3.79,False
pubmed,medium,high,False,actual,Vertical lines in distal esophageal mucosa (VLEM): a true endoscopic manifestation of esophagitis in children?,"Vertical lines in the distal esophageal mucosa (VLEM) have been identified as a notable endoscopic finding in children diagnosed with histological esophagitis. The presence of VLEM appears to correlate with significant histological changes observed in esophageal mucosal biopsies. This suggests that VLEM is indeed a true endoscopic manifestation of esophagitis in pediatric patients.

In the context provided, the observation of VLEM during endoscopy indicates an underlying pathological condition, specifically esophagitis, which is characterized by inflammation of the esophageal lining. The identification of such endoscopic features can aid clinicians in diagnosing esophagitis and guiding further management, including potential therapeutic interventions.

In summary, VLEM is a valid endoscopic manifestation of esophagitis in children, as it is associated with histological evidence of esophageal inflammation.","We observed an endoscopic abnormally in a group of children with histological esophagitis. We termed this finding ""vertical lines in esophageal mucosa"" (VLEM). We examined the relationship between the presence of VLEM and significant histologic changes in esophageal mucosal biopsies. Between January 1, 1992, and August 31, 1994, the senior author (JFF) performed 255 esophageal biopsies. The procedure reports, available endoscopic photographs, and histology reports were reviewed to establish the ",9.894682860998651,17.44,17.88,-7.54531713900135,0.2215384615384615,736,,0.8840833902359009,high,13.07,0.93,False
pubmed,medium,high,False,actual,Do patients with localized prostate cancer treatment really want more aggressive treatment?,"Patients with localized prostate cancer often face a complex decision-making process regarding treatment options. The desire for more aggressive treatment can vary significantly among individuals and is influenced by several factors, including the patient's age, overall health, cancer stage, personal values, and understanding of potential treatment outcomes.

In the context of localized prostate cancer, many patients may opt for aggressive treatments such as radical prostatectomy or radiation therapy due to concerns about cancer progression, potential metastasis, and the impact on survival rates. However, it is essential to note that localized prostate cancer can often be indolent, meaning it may not pose an immediate threat to life. Consequently, some patients may prefer active surveillance or watchful waiting, particularly if they are older or have other significant health issues.

The decision for more aggressive treatment is also influenced by the patient's perception of the risks and benefits associated with various treatment modalities. For instance, while radical prostatectomy may offer a chance for cure, it is also associated with potential side effects, including erectile dysfunction and urinary incontinence, which can significantly affect quality of life. 

Ultimately, the choice for more aggressive treatment in localized prostate cancer should be made collaboratively between the patient and their healthcare provider, taking into account the patient's preferences, the specific characteristics of the cancer, and the potential impact on quality of life. Open communication and thorough counseling about the risks, benefits, and alternatives to aggressive treatment are crucial in guiding patients toward a decision that aligns with their values and goals.","Examine whether patients with prostate cancer choose the more aggressive of two radiotherapeutic options, whether this choice is reasoned, and what the determinants of the choice are. One hundred fifty patients with primary prostate cancer (T(1-3)N(0)M(0)) were informed by means of a decision aid of two treatment options: radiotherapy with 70 Gy versus 74 Gy. The latter treatment is associated with more cure and more toxicity. The patients were asked whether they wanted to choose, and if so whic",9.93169871794872,18.41,18.6,-8.47830128205128,0.1944444444444444,729,,0.8252774477005005,high,10.72,0.72,False
pubmed,medium,high,False,actual,Double balloon enteroscopy: is it efficacious and safe in a community setting?,"Double balloon enteroscopy (DBE) is a minimally invasive endoscopic technique used primarily for the diagnosis and treatment of small bowel disorders. It employs two balloons—one on the scope and one on an overtube—to facilitate the advancement of the endoscope through the small intestine, allowing for visualization and intervention in areas that are otherwise difficult to access.

**Efficacy**: DBE has been shown to be effective in various clinical scenarios, including the diagnosis of small bowel bleeding, the removal of polyps, and the treatment of strictures. Studies indicate that DBE can successfully identify and manage small bowel pathologies with a high diagnostic yield. In a community setting, the efficacy of DBE largely depends on the operator's experience and the availability of appropriate facilities. When performed by trained gastroenterologists, DBE can yield positive outcomes comparable to those seen in specialized centers.

**Safety**: The safety profile of DBE is generally favorable, with a low incidence of complications such as perforation, bleeding, and pancreatitis. However, as with any endoscopic procedure, there are inherent risks. In a community setting, the safety of DBE can be influenced by factors such as patient selection, the presence of comorbidities, and the availability of immediate medical support in case of complications.

In summary, double balloon enteroscopy is both efficacious and safe when performed in a community setting, provided that the procedure is conducted by skilled practitioners and that appropriate patient selection and monitoring protocols are in place","Double balloon enteroscopy (DBE) has been extensively used in tertiary referral centers but little literature exists on the efficacy, complications and outcomes of patients undergoing DBE in the community setting. We present our findings regarding the use of DBE in a community hospital. From March 2007 to January 2011, 88 DBE procedures were performed on 66 patients. Indications included evaluation anemia/gastrointestinal bleed, small bowel IBD and dilation of strictures. Video-capsule endoscopy",9.114115833516852,16.76,18.35,-7.64588416648315,0.2012072434607646,897,,0.8534306883811951,high,10.72,0.72,False
pubmed,medium,clinical,False,actual,Differentiation of nonalcoholic from alcoholic steatohepatitis: are routine laboratory markers useful?,"A: yes

Routine laboratory markers can be useful in differentiating nonalcoholic steatohepatitis (NASH) from alcoholic steatohepatitis (ASH). Specific markers such as serum aminotransferases (AST and ALT), the AST/ALT ratio, and other liver function tests can provide insights into the underlying etiology of liver disease, although they may not be definitive on their own.","Specific markers for differentiation of nonalcoholic (NASH) from alcoholic steatohepatitis (ASH) are lacking. We investigated the role of routine laboratory parameters in distinguishing NASH from ASH. Liver biopsies performed at our hospital over a 10-year period were reviewed, 95 patients with steatohepatitis identified and their data prior to biopsy reevaluated. The diagnosis NASH or ASH was assigned (other liver diseases excluded) on the basis of the biopsy and history of alcohol consumption ",9.687971014492756,18.12,17.12,-8.432028985507245,0.1574803149606299,411,,0.863329291343689,clinical,23.03,9.03,False
pubmed,medium,medium,True,actual,Should general practitioners call patients by their first names?,"Based on the context provided, general practitioners (GPs) should feel comfortable calling patients by their first names. The survey conducted among 475 patients at five general practices in Lothian showed that most patients either liked being called by their first names (223 patients) or did not mind it (175 patients). This suggests that using first names can create a friendly and approachable atmosphere in the doctor-patient relationship.

Using first names can help make patients feel more relaxed and open during their visits. However, it’s important for doctors to consider individual preferences. Some patients may prefer to be addressed more formally, so GPs should be attentive to how each patient responds and adjust accordingly.

In summary, calling patients by their first names is generally acceptable and can enhance communication, but it’s important for doctors to respect each patient's preference.","To assess the acceptability to patients of the use of patients' first names by doctors and doctors' first names by patients in general practice. An administered questionnaire survey. 5 General practices in Lothian. 475 Patients consulting 30 general practitioners. Response by patients to questionnaire on attitude to use of first names. Most of the patients either liked (223) or did not mind (175) being called by their first names. Only 77 disliked it, most of whom were aged over 65. Most patient",8.036216216216214,12.36,14.14,-4.323783783783785,0.2529644268774703,665,,0.868834912776947,medium,7.59,1.59,True
pubmed,medium,high,False,actual,Colorectal cancer with synchronous liver metastases: does global management at the same centre improve results?,"The management of colorectal cancer with synchronous liver metastases is a complex clinical scenario that necessitates a multidisciplinary approach. Global management at the same center can indeed improve outcomes for several reasons:

1. **Coordinated Care**: When all specialists—such as surgical oncologists, medical oncologists, radiologists, and pathologists—work within the same institution, communication is streamlined. This facilitates timely decision-making regarding treatment options, whether surgical resection, chemotherapy, or targeted therapies.

2. **Standardized Protocols**: Centers that specialize in the treatment of colorectal cancer and its metastases often have established protocols and guidelines that are based on the latest evidence. This standardization can lead to improved adherence to best practices, which may enhance patient outcomes.

3. **Access to Advanced Techniques**: Comprehensive cancer centers often have access to advanced diagnostic and therapeutic technologies, such as minimally invasive surgical techniques, interventional radiology for targeted therapies, and clinical trials for novel treatments. These resources can provide patients with more effective treatment options.

4. **Multidisciplinary Tumor Boards**: Regular meetings of multidisciplinary tumor boards allow for the collective input of various specialists. This collaborative approach ensures that all aspects of a patient’s care are considered, leading to more personalized and effective treatment plans.

5. **Continuity of Care**: Patients receiving treatment at a single center can benefit from continuity in their care, which can enhance patient satisfaction and adherence to treatment regimens. This continuity is crucial for managing complex cases involving","Synchronous liver metastases (SLM) occur in 20% of colorectal cancers (CRC). Resection of SLM and CLC can be undertaken at different centres (separate management, SM) or at the same centre (global management, GM). Retrospective study of SLM and CRC resections carried out during 01/2000 - 12/2006 by SM or GM, using a combined or delayed strategy. Morphologic characteristics and type of CRC and SLM resection were similar for the GM (n = 45) or SM (n = 66) groups. In patients with delayed liver res",9.010165077888864,16.56,16.93,-7.549834922111135,0.1192842942345924,901,,0.8092899918556213,high,13.07,0.93,False
pubmed,medium,high,False,actual,"Actinobaculum schaalii, a cause of urinary tract infections in children?","Actinobaculum schaalii is a Gram-positive bacterium that has been increasingly recognized as a pathogen associated with urinary tract infections (UTIs), particularly in older adults and, to a lesser extent, in children. However, it is not a common cause of UTIs in the pediatric population. 

In the context of urinary tract infections in children, more prevalent pathogens include Escherichia coli, Klebsiella species, and Enterococcus species. While Actinobaculum schaalii can be implicated in UTIs, its association is less frequent compared to these more common organisms.

In summary, while Actinobaculum schaalii can cause urinary tract infections, it is not typically considered a primary or common causative agent in children.","To inform that Actinobaculum schaalii can colonize the urine and cause urinary tract infection in children. Urine samples were examined by wet smear microscopy, incubated in 5% CO(2) for 1-2 days, and species-specific real-time polymerase chain reaction (PCR) for A. schaalii was performed. In 5 of the 29 screened urines, A. schaalii was found only by real-time PCR in quantities equivalent to 10(4) -10(5) CFU/mL. In addition, A. schaalii was found in quantities equivalent to 10(6) CFU/mL by both ",9.800144927536234,15.83,17.35,-6.029855072463766,0.1762452107279693,623,,0.8329166173934937,high,10.73,0.73,False
pubmed,medium,clinical,False,actual,"Readability, linguistic complexity, and stigma in ChatGPT responses to opioid use disorder FAQs: A comparative analysis.","Based on the provided context regarding the influence of participant information sheets (PISs) on recruitment and participation in an antenatal intervention, the answer to the question about whether processing fluency effects can influence recruitment and participation is:

A: yes

The context indicates that the title and font of PISs were manipulated to assess their impact on perceptions among pregnant women and trainee midwives, suggesting that the presentation of information can indeed affect engagement and willingness to participate in clinical studies.","AI chatbots are increasingly used in patient education. For opioid use disorder (OUD), content must be readable and non-stigmatizing. We compared ChatGPT responses with U.S. health organization FAQs on readability, complexity, and stigma. We analyzed 50 OUD FAQs paired with ChatGPT GPT-4o responses. Outcomes included word and sentence counts, lexical density, and six readability indices. Paired differences were tested with t tests or Wilcoxon signed-rank tests. ChatGPT responses were longer than",8.358457704554898,39.06,31.12,-30.701542295445105,0.0738636363636363,498,,0.8212180137634277,clinical,19.41,5.41,False
pubmed,medium,clinical,False,actual,Traumatic aortic injury: does the anatomy of the aortic arch influence aortic trauma severity?,"Yes, the anatomy of the aortic arch significantly influences the severity of traumatic aortic injury. The aortic arch's curvature, branching patterns, and the presence of anatomical variations can affect the likelihood of injury during blunt or penetrating trauma. Specifically, the aortic isthmus, located just distal to the left subclavian artery, is a common site for injury due to its relatively fixed position and lack of surrounding protective structures. Additionally, the angle of the arch and the tension on the aorta can exacerbate the severity of the injury. Understanding these anatomical considerations is crucial in assessing the potential for aortic injury and planning appropriate management strategies following trauma.","Traumatic aortic injury (TAI) is a rare but life-threatening type of injury. We investigate whether the anatomy of the aortic arch influences the severity of aortic injury. This is a retrospective study of twenty-two cases treated with TEVAR for TAI in our department from 2009 to 2014. Aortic injury was assessed in accordance with the recommendations of the Society of Vascular Surgery. We measured the aortic arch angle and the aortic arch index, based on the initial angio-CT scan, in each of the",9.168000000000005,17.57,19.49,-8.401999999999996,0.25,525,,0.8591381311416626,clinical,17.68,3.68,False
pubmed,medium,clinical,False,actual,Outcomes of Complete Responders From First-line Therapy in Metastatic Renal Cell Carcinoma in the Real World: An Analysis From the International Metastatic Renal Cell Carcinoma Database Consortium.,"The context provided does not directly relate to the specific question regarding the outcomes of complete responders from first-line therapy in metastatic renal cell carcinoma (mRCC). However, I can provide a general overview based on the topic of interest.

In the context of mRCC, complete responders to first-line therapy, which may include immune checkpoint inhibitors or targeted therapies, typically demonstrate significant clinical benefits. The International Metastatic Renal Cell Carcinoma Database Consortium (IMDC) has been instrumental in analyzing real-world outcomes for these patients. 

Key outcomes that may be analyzed include:

1. **Overall Survival (OS)**: Complete responders often exhibit improved OS compared to partial responders or non-responders. The median OS can vary significantly based on the therapy used and patient characteristics.

2. **Progression-Free Survival (PFS)**: Complete responders usually have longer PFS, indicating a delay in disease progression.

3. **Quality of Life (QoL)**: The impact of therapy on QoL is an important consideration, with complete responders often reporting better QoL metrics.

4. **Durability of Response**: The duration of response in complete responders can provide insights into the long-term effectiveness of the treatment regimen.

5. **Subgroup Analysis**: Factors such as age, performance status, and prior therapies may influence outcomes and are often analyzed in the context of real-world data.

In summary, complete responders in mRCC generally have favorable outcomes, including extended survival and improved quality of life","Patients with mRCC who achieve a complete response (CR) to immuno-oncology (IO) combinations have an excellent prognosis and may experience prolonged responses. However, real-world data on CR durability, mortality, and need for subsequent therapy remain limited. Using the International mRCC Database Consortium (IMDC), we identified patients with mRCC who achieved a documented CR to first-line treatment between 2015 and 2022. We described baseline characteristics, time to next treatment (TTNT), t",6.974463919448073,15.31,16.83,-8.335536080551927,0.1137440758293839,828,,0.8440929651260376,clinical,19.41,5.41,False
pubmed,medium,clinical,False,actual,Can Flexible Instruments Create Adequate Femoral Tunnel Lengths at 90 of Knee Flexion in Anterior Cruciate Ligament Reconstruction?,"The question regarding whether flexible instruments can create adequate femoral tunnel lengths at 90 degrees of knee flexion during anterior cruciate ligament (ACL) reconstruction is not directly addressed in the provided context. However, it is important to consider the biomechanical principles involved in ACL reconstruction.

In ACL reconstruction, achieving an optimal femoral tunnel length is crucial for restoring knee stability and function. At 90 degrees of knee flexion, the femoral condyles are positioned in a way that may affect the trajectory and length of the tunnel created. Flexible instruments can potentially navigate the anatomical constraints of the femoral notch, allowing for the creation of tunnels that align with the native ACL's anatomical footprint.

However, the adequacy of the tunnel length will depend on several factors, including the specific design and flexibility of the instruments used, the surgeon's technique, and the individual patient's anatomy. If the instruments are designed to accommodate the necessary angulation and depth required for proper tunnel placement, they may indeed facilitate the creation of adequate femoral tunnel lengths at this degree of flexion.

In summary, while flexible instruments have the potential to create adequate femoral tunnel lengths at 90 degrees of knee flexion, the success of this technique will depend on instrument design and the surgeon's proficiency in navigating the anatomical considerations of the femur during ACL reconstruction. Further clinical studies would be beneficial to evaluate the efficacy and outcomes associated with the use of flexible instruments in this context.",This study aims to study femoral tunnel lengths drilled with a flexible reamer and the distance to important lateral structures obtained by flexing the knee at various angles and by drilling the guide pins arthroscopically to resemble clinical practice. The purpose of this cadaveric study was twofold: 1. to determine whether femoral tunnel lengths of greater than 20 mm can be created with a flexible reamer system at 90 of knee flexion and 2. to determine whether the lateral structures of the kne,9.63633054599115,17.96,19.29,-8.32366945400885,0.1903114186851211,591,,0.8334366679191589,clinical,17.0,3.0,False
pubmed,high,medium,False,actual,Should direct mesocolon invasion be included in T4 for the staging of gastric cancer?,"Yes, direct mesocolon invasion should be included in T4 for the staging of gastric cancer. 

In cancer staging, the ""T"" category describes the size and extent of the primary tumor. T4 indicates that the cancer has spread beyond the stomach to nearby structures, including the mesocolon, which is the part of the peritoneum that attaches the colon to the back of the abdominal wall. This means that if the gastric cancer invades the mesocolon, it is classified as T4, indicating a more advanced stage of cancer.","One of the sites most frequently invaded by gastric cancer is the mesocolon; however, the UICC does not mention this anatomical site as an adjacent structure involved in gastric cancer. The purpose of this study was to characterize and classify mesocolon invasion from gastric cancer. We examined 806 patients who underwent surgery for advanced gastric carcinoma from 1992 to 2007 at the Department of Surgery, Gangnam Severance Hospital, Korea. Among these, patients who showed macroscopically direc",13.692476190476192,11.04,12.16,2.652476190476193,0.2033898305084746,355,,0.8446428179740906,medium,9.26,0.74,False
pubmed,high,high,True,actual,Does the bracket-ligature combination affect the amount of orthodontic space closure over three months? A randomized controlled trial.,"The randomized controlled trial conducted at Chesterfield Royal Hospital aimed to investigate whether the combination of bracket-ligature influences the amount of orthodontic space closure over a three-month period. The study involved 45 patients who required upper first premolar extractions and was designed to assess the effectiveness of different bracket-ligature combinations in facilitating space closure.

While the specific results of the trial are not provided in the context, the design indicates that the researchers sought to determine if variations in the bracket-ligature combination would yield statistically significant differences in the rate of space closure. The outcome could potentially inform clinical practices regarding optimal bracket-ligature configurations for enhancing orthodontic treatment efficiency.

In summary, the trial's objective was to elucidate the impact of bracket-ligature combinations on orthodontic space closure, but further details on the findings would be necessary to draw definitive conclusions regarding their effectiveness.","To investigate the effect of bracket-ligature combination on the amount of orthodontic space closure over three months. Randomized clinical trial with three parallel groups. A hospital orthodontic department (Chesterfield Royal Hospital, UK). Forty-five patients requiring upper first premolar extractions. Informed consent was obtained and participants were randomly allocated into one of three groups: (1) conventional pre-adjusted edgewise brackets and elastomeric ligatures; (2) conventional pre-",13.067568922305764,20.5,21.19,-7.432431077694236,0.2577319587628866,651,,0.8743615746498108,high,10.86,0.86,True
pubmed,high,medium,False,actual,Are serum leptin levels a prognostic factor in advanced lung cancer?,"The context provided does not include information about serum leptin levels or their role in advanced lung cancer. However, I can give you some general information about leptin and its potential relevance in cancer.

Leptin is a hormone produced by fat cells that helps regulate body weight and energy balance. Some studies suggest that high levels of leptin might be linked to certain types of cancer, including lung cancer, because it can promote cell growth and inflammation. 

In advanced lung cancer, researchers are still studying how factors like leptin might affect the disease's progression or a patient's prognosis (which means the likely course of the disease). While there may be some evidence that leptin levels could be related to cancer outcomes, it is not a widely accepted or established prognostic factor at this time.

In summary, the context you provided does not answer the question about serum leptin levels and advanced lung cancer directly. More research is needed to determine if leptin levels can reliably predict outcomes in lung cancer patients.","The aim of the present study was to evaluate pre-treatment concentrations of leptin in patients with advanced lung cancer and to investigate possible associations between their levels and clinicopathological variables, response to therapy and overall survival. There are 71 previously untreated patients with cytological or histological evidence of primary lung cancer who were admitted to the oncology department between November 2013 and August 2014. Forty-five healthy individuals with age, sex an",12.684662004662004,12.27,13.43,0.414662004662004,0.1962864721485411,824,,0.8318617939949036,medium,9.08,0.92,False
pubmed,high,clinical,False,actual,Does reducing spasticity translate into functional benefit? An exploratory meta-analysis.,"The question regarding whether reducing spasticity translates into functional benefit is a complex one that requires careful consideration of the existing literature. In the context of neurological conditions such as cerebral palsy, multiple sclerosis, or stroke, spasticity can significantly impair motor function and quality of life. 

An exploratory meta-analysis would typically aggregate data from various studies that have investigated interventions aimed at reducing spasticity—such as pharmacological treatments (e.g., baclofen, tizanidine), botulinum toxin injections, or physical therapy modalities—and their impact on functional outcomes. 

The key functional benefits that could be assessed include improvements in mobility, activities of daily living (ADLs), and overall quality of life. It is essential to evaluate whether reductions in spasticity correlate with measurable improvements in these functional domains.

Existing studies have shown mixed results; while some indicate that spasticity reduction can lead to enhanced functional performance, others suggest that the relationship may not be straightforward. Factors such as the severity of spasticity, the timing of intervention, and the specific functional outcomes measured can all influence the results.

In conclusion, while there is evidence to suggest that reducing spasticity can lead to functional benefits, the extent of this relationship may vary based on individual patient factors and the specific interventions employed. A thorough meta-analysis would clarify these associations and provide insights into the clinical significance of spasticity management in improving functional outcomes.","Spasticity and loss of function in an affected arm are common after stroke. Although botulinum toxin is used to reduce spasticity, its functional benefits are less easily demonstrated. This paper reports an exploratory meta-analysis to investigate the relationship between reduced arm spasticity and improved arm function. Individual data from stroke patients in two randomised controlled trials of intra-muscular botulinum toxin were pooled. The Modified Ashworth Scale (elbow, wrist, fingers) was u",10.693247694334651,18.01,19.39,-7.31675230566535,0.1914460285132382,695,,0.8478795886039734,clinical,19.4,5.4,False
pubmed,high,clinical,False,actual,Pain Neuroscience Education for Postamputation Pain and Functioning: Testing Embedded Education in a Mobile App for Occupational Therapy Pain Treatment.,"The study titled ""Pain Neuroscience Education for Postamputation Pain and Functioning: Testing Embedded Education in a Mobile App for Occupational Therapy Pain Treatment"" aims to address the complex issue of postamputation pain, which is often multifactorial, involving both physiological and psychological components. The initiative focuses on utilizing a mobile application to deliver Pain Neuroscience Education (PNE) to patients undergoing occupational therapy for pain management post-amputation.

The embedded education within the app is designed to enhance patients' understanding of pain mechanisms, thereby empowering them to manage their pain more effectively. By educating patients about the neurobiological processes underlying their pain, the app seeks to reduce fear and anxiety associated with pain perception, improve coping strategies, and ultimately enhance functional outcomes.

The use of a mobile app for this purpose offers several advantages, including accessibility, the ability to provide tailored educational content, and the opportunity for ongoing engagement with patients outside of clinical settings. This approach aligns with contemporary trends in healthcare to leverage technology for improved patient education and self-management.

The effectiveness of this intervention would likely be assessed through various metrics, including pain intensity scales, functional assessments, and patient-reported outcomes, to determine the impact of PNE on postamputation pain and overall functioning. This quality improvement initiative underscores the importance of integrating educational strategies into therapeutic interventions to optimize recovery and enhance quality of life for patients experiencing postamputation pain.",Postamputation pain remains a barrier to return to function. Occupational therapy practitioners often include pain neuroscience education (PNE) to support occupational engagement and health literacy. To assess perspectives about PNE for postamputation pain. We conducted cognitive interviews in which participants viewed PNE videos that are part of a novel graded motor imagery (GMI) mobile application for pain treatment. The videos were designed to prepare for an occupation-based rehabilitation ap,13.520828157349897,21.85,21.53,-8.329171842650105,0.1821428571428571,744,,0.8566083908081055,clinical,18.76,4.76,False
pubmed,high,medium,False,actual,[Is the Hawkins sign able to predict necrosis in fractures of the neck of the astragalus?].,"The Hawkins sign is a medical term used to describe a specific finding in X-rays of the ankle, particularly related to fractures of the neck of the talus (also known as the astragalus). This sign can help doctors predict whether there is a risk of necrosis, which means the death of bone tissue due to a lack of blood supply.

In cases of fractures of the neck of the talus, the Hawkins sign indicates that the blood supply to the bone is still intact. If this sign is present, it suggests a lower risk of necrosis. However, if the Hawkins sign is not seen, there is a higher chance that the bone may not get enough blood flow, leading to necrosis.

So, to answer your question: Yes, the Hawkins sign can help predict the risk of necrosis in fractures of the neck of the astragalus. If the sign is present, it is a good indication that the bone is likely to heal well. If it is absent, there is a greater concern for potential complications like necrosis.","To assess if the Hawkins sign can predict whether or not astragalus fractures of the neck will develop avascular necrosis. It is also assessed whether the occurrence of this complication is related to the displacement of the fracture, soft tissue injury, or delay in the reduction or surgery. The results were compared with those found in the literature. A retrospective study was conducted on 23 talar neck fractures recorded over a a period of thirteen years. The following variables were analysed:",11.70447674418605,9.44,11.21,2.26447674418605,0.2081218274111675,755,,0.8367730975151062,medium,8.35,1.65,False
pubmed,high,clinical,False,actual,Do instrumental activities of daily living predict dementia at 1- and 2-year follow-up? Findings from the Development of Screening guidelines and diagnostic Criteria for Predementia Alzheimer's diseas,"Based on the context provided, the question regarding whether instrumental activities of daily living (IADLs) predict dementia at 1- and 2-year follow-up can be addressed by considering the role of IADLs as functional indicators in the early stages of cognitive decline. 

Research has consistently shown that impairments in IADLs, which include tasks such as managing finances, medication management, and performing household chores, can serve as early markers for cognitive impairment and dementia. In the context of the Development of Screening Guidelines and Diagnostic Criteria for Predementia Alzheimer's Disease study, it is likely that findings would support the hypothesis that difficulties in IADLs are predictive of subsequent dementia diagnosis over both 1- and 2-year follow-up periods.

Therefore, the answer to the question is: Yes, instrumental activities of daily living are predictive of dementia at both 1- and 2-year follow-up, as they reflect functional decline that often precedes formal cognitive impairment diagnoses.",To investigate whether problems in instrumental activities of daily living (IADL) can add to conventionally used clinical measurements in helping to predict a diagnosis of dementia at 1- and 2-year follow-up. Multicenter prospective cohort study. Memory clinics in Europe. Individuals aged 55 and older without dementia. IADLs were measured using pooled activities from five informant-based questionnaires. Structural equation modeling (SEM) was used to investigate the relation between IADLs and dem,11.309094339622645,21.69,21.64,-10.380905660377357,0.2449999999999999,629,,0.8545659780502319,clinical,15.46,1.46,False
pubmed,high,high,True,actual,Implementation of epidural analgesia for labor: is the standard of effective analgesia reachable in all women? An audit of two years.,"Based on the context provided, the implementation of epidural analgesia for labor may not be universally effective or reachable for all women. The audit highlights that social and cultural factors, alongside a lack of information, can impede the acceptance and utilization of epidural analgesia for pain relief during childbirth. Therefore, the answer to the question is B: no. This suggests that while epidural analgesia is a widely used option for pain management in labor, its effectiveness and accessibility may vary significantly among different populations of women due to these influencing factors.",Social and cultural factors combined with little information may prevent the diffusion of epidural analgesia for pain relief during childbirth. The present study was launched contemporarily to the implementation of analgesia for labor in our Department in order to perform a 2 years audit on its use. The goal is to evaluate the epidural acceptance and penetration into hospital practice by women and care givers and safety and efficacy during childbirth. This audit cycle measured epidural analgesia,12.54968511450382,16.23,16.83,-3.680314885496181,0.1589041095890411,539,,0.8918468952178955,high,10.98,0.98,True
pubmed,high,clinical,False,actual,Residual fundus or neofundus after laparoscopic sleeve gastrectomy: is fundectomy safe and effective as revision surgery?,"Residual fundus or neofundus after laparoscopic sleeve gastrectomy can pose challenges in achieving optimal weight loss outcomes. Fundectomy, which involves the surgical removal of the residual fundus, has been proposed as a revision surgery to address inadequate weight loss or weight regain. 

Based on current clinical evidence, fundectomy is considered a safe and effective option for revision surgery in patients with residual fundus or neofundus after sleeve gastrectomy. It can help reduce the stomach's capacity and improve satiety, thereby facilitating better weight management. However, individual patient factors, including the presence of comorbidities and overall health status, should be evaluated to determine the appropriateness of this surgical intervention.

In summary, fundectomy is deemed a safe and effective revision strategy for managing residual fundus or neofundus post-laparoscopic sleeve gastrectomy.","Up to 30 % of patients who have undergone laparoscopic sleeve gastrectomy require revision surgery for inadequate weight loss, weight regain, and/or the development of severe upper gastrointestinal symptoms. The aim of this retrospective study was to evaluate the safety and efficacy of laparoscopic fundectomy (LF) in cases of a residual fundus/neofundus development regarding GERD symptoms. The study group comprised 19 patients (17 female; mean BMI 35.4 kg/m(2)) divided into 2 groups. Group A (n ",12.906912393162392,18.12,19.12,-5.213087606837609,0.1688654353562005,438,,0.855907142162323,clinical,20.15,6.15,False
pubmed,high,clinical,False,actual,Does radiotherapy of the primary rectal cancer affect prognosis after pelvic exenteration for recurrent rectal cancer?,"Radiotherapy of the primary rectal cancer can significantly affect prognosis after pelvic exenteration for recurrent rectal cancer. Prior radiotherapy may lead to increased tissue fibrosis, impaired wound healing, and a higher risk of postoperative complications, which can adversely affect surgical outcomes. Additionally, the presence of radiation changes can complicate the surgical dissection and may influence the oncological outcomes, including local recurrence rates and overall survival. Therefore, while radiotherapy is a common adjunct in the management of rectal cancer, its impact on subsequent surgical interventions such as pelvic exenteration must be carefully considered in the context of individual patient factors and the extent of prior treatment.",Radiotherapy reduces local recurrence rates but is also capable of short- and long-term toxicity. It may also render treatment of local recurrence more challenging if it develops despite previous radiotherapy. This study examined the impact of radiotherapy for the primary rectal cancer on outcomes after pelvic exenteration for local recurrence. We conducted a retrospective review of exenteration databases. The study took place at a quaternary referral center that specializes in pelvic exenterati,13.573553459119498,19.82,19.29,-6.246446540880502,0.1526315789473684,481,,0.8707526922225952,clinical,17.94,3.94,False
pubmed,high,medium,False,actual,Does pretreatment with statins improve clinical outcome after stroke? A pilot case-referent study.,"Based on the context provided, the question about whether pretreatment with statins improves clinical outcomes after a stroke is not directly answered. However, we can analyze the situation.

Statins are medications that help lower cholesterol levels in the blood. They are often used to prevent heart disease and can have other benefits, including reducing inflammation. A ""pilot case-referent study"" suggests that researchers are looking into whether using statins before a stroke might lead to better recovery or outcomes after the stroke occurs.

Since the context does not provide a specific answer (like ""yes,"" ""no,"" or ""maybe"") regarding the effectiveness of statins in this situation, we cannot definitively say if pretreatment with statins improves clinical outcomes after a stroke based on the information given.

To summarize, the answer to the question is unclear based on the provided context. Further research or data would be needed to determine if pretreatment with statins is beneficial after a stroke.","In primary and secondary prevention trials, statins have been shown to reduce the risk of stroke. In addition to lipid lowering, statins have a number of antiatherothrombotic and neuroprotective properties. In a preliminary observational study, we explored whether clinical outcome is improved in patients who are on treatment with statins when stroke occurs. We conducted a population-based case-referent study of 25- to 74-year-old stroke patients with, for each case of a patient who was on statin",11.00629368485592,12.75,14.01,-1.7437063151440793,0.1488833746898263,481,,0.8482075333595276,medium,9.64,0.36,False
pubmed,high,clinical,False,actual,QAnalysis: a question-answer driven analytic tool on knowledge graphs for leveraging electronic medical records for clinical research.,"In the context of the clinical trial for the new antihypertensive drug aimed at effectively decreasing systolic blood pressure levels, the most appropriate statistical model to examine a mutual or linear relationship between two continuous variables would be **B: Correlation**. 

Correlation analysis is specifically designed to assess the strength and direction of the linear relationship between two continuous variables, making it suitable for evaluating the relationship between systolic blood pressure levels and any other continuous variable of interest in the study. Other options such as Analysis of Variance (ANOVA), Chi-square test, and Independent t-test are not appropriate for this purpose as they are used for different types of data or research questions.","While doctors should analyze a large amount of electronic medical record (EMR) data to conduct clinical research, the analyzing process requires information technology (IT) skills, which is difficult for most doctors in China. In this paper, we build a novel tool QAnalysis, where doctors enter their analytic requirements in their natural language and then the tool returns charts and tables to the doctors. For a given question from a user, we first segment the sentence, and then we use grammar pa",12.385873015873017,22.57,21.49,-10.184126984126983,0.1173333333333333,586,,0.8237103223800659,clinical,17.42,3.42,False
pubmed,high,clinical,False,actual,Treatment of contralateral hydrocele in neonatal testicular torsion: Is less more?,"The management of contralateral hydrocele in the context of neonatal testicular torsion is nuanced and remains a subject of debate. The primary goals in treating neonatal testicular torsion are the salvage of the affected testicle and the preservation of the contralateral gonad, which necessitates contralateral testicular scrotal fixation to mitigate the risk of future torsion.

However, the approach to a synchronous contralateral hydrocele is less straightforward. While some practitioners advocate for surgical intervention to address the hydrocele, others suggest a more conservative approach, positing that observation may be sufficient, particularly in the neonatal period. This conservative management stems from the understanding that many hydroceles in neonates are self-limiting and may resolve spontaneously without the need for surgical intervention.

In conclusion, the question of whether ""less is more"" in the treatment of contralateral hydrocele during neonatal testicular torsion leans towards a conservative approach, emphasizing observation in select cases, especially given the potential for spontaneous resolution. However, clinical judgment should guide the decision-making process, taking into account the individual circumstances of the patient.","Treatment of neonatal testicular torsion has two objectives: salvage of the involved testicle (which is rarely achieved) and preservation of the contralateral gonad. The second goal universally involves contralateral testicular scrotal fixation to prevent the future occurrence of contralateral torsion. However, there is controversy with regards to management of a synchronous contralateral hydrocele. It has been our policy not to address the contralateral hydrocele through an inguinal incision to",13.670376280323453,18.99,19.57,-5.319623719676546,0.2230215827338129,592,,0.8927690982818604,clinical,14.45,0.45,False
pubmed,high,clinical,False,actual,Cross-sectional examination of therapy knowledge and preferred sources among American adults not receiving mental healthcare.,"The context provided does not directly address the specific question regarding the cross-sectional examination of therapy knowledge and preferred sources among American adults not receiving mental healthcare. However, to respond to the inquiry based on general knowledge in the field, a cross-sectional study would typically involve surveying a representative sample of American adults who are not currently engaged in mental healthcare. 

The study would assess their understanding of therapeutic options available for mental health issues, including psychotherapy, pharmacotherapy, and alternative treatments. Additionally, it would explore their preferred sources of information regarding mental health therapies, which may include healthcare professionals, online resources, peer support groups, and educational materials.

Key aspects to consider in such a study would include demographic variables (age, gender, socioeconomic status), the level of mental health literacy, and barriers to accessing mental healthcare. The findings could provide insights into gaps in knowledge and potential areas for public health interventions aimed at improving access to mental health resources and education. 

For a comprehensive analysis, it would be essential to employ validated survey instruments and ensure ethical considerations are met, including informed consent and confidentiality of participant data.","The aims of the study are to examine existing knowledge about mental health therapy options, and how this differs across demographic groups; examine differences in confidence to describe therapies; and explore preferred sources for therapy information. A survey was conducted online in 2023 via probability-based sampling and weighted relative to the 2021 American Community Survey. Participants were 4795 US adults who reported no prior mental healthcare. Most endorsed knowledge of therapy options ",11.676539179104475,19.87,19.29,-8.193460820895526,0.1791044776119403,697,,0.8528091311454773,clinical,18.58,4.58,False
pubmed,high,high,True,actual,Is halofantrine ototoxic? Experimental study on guinea pig cochlea model.,"Halofantrine is an antimalarial medication primarily used for the treatment of malaria. While the context provided does not directly address the ototoxicity of halofantrine, it is important to note that ototoxicity refers to drug-induced damage to the inner ear, which can lead to hearing loss or balance issues.

Experimental studies, particularly those using animal models such as guinea pigs, have been conducted to evaluate the ototoxic potential of various medications. However, the specific question regarding halofantrine's ototoxicity would require a review of pharmacological studies and toxicological assessments specifically focused on its effects on auditory function.

Current literature indicates that halofantrine is not commonly associated with ototoxicity. Most adverse effects related to halofantrine are cardiovascular, such as arrhythmias, rather than auditory. Nonetheless, the potential for ototoxicity cannot be entirely ruled out without specific studies addressing this aspect.

In conclusion, while the context does not provide direct evidence regarding halofantrine's ototoxicity, existing knowledge suggests that it is not typically recognized as an ototoxic agent. For definitive conclusions, further research specifically targeting its effects on the cochlea would be necessary.","Halofantrine is a newly developed antimalarial drug used for the treatment of Plasmodium falciparum malaria. The introduction of this drug has been delayed because of its possible side effects, and due to insufficient studies on adverse reactions in humans. There have been no studies investigating its effect on hearing. Thirty guinea pigs were divided into three groups: a control group, a halofantrine therapeutic dose group and a halofantrine double therapeutic dose group. One cochlea specimen f",11.248778467908902,17.68,17.63,-6.431221532091097,0.1759530791788856,810,,0.8462428450584412,high,12.32,1.68,True
pubmed,high,clinical,False,actual,Could different follow-up modalities play a role in the diagnosis of asymptomatic endometrial cancer relapses?: an Italian multicentric retrospective analysis.,"The question regarding the role of different follow-up modalities in the diagnosis of asymptomatic endometrial cancer relapses is pertinent given the clinical implications for patient management. In a multicentric retrospective analysis, various follow-up strategies may be evaluated for their efficacy in detecting asymptomatic recurrences of endometrial cancer.

Typically, follow-up modalities may include:

1. **Transvaginal Ultrasound (TVUS)**: Often used as a first-line imaging technique to assess for abnormalities in the endometrium or pelvic region. It can help identify thickening of the endometrial stripe, which may indicate recurrence.

2. **Serum Tumor Markers**: The measurement of CA-125 levels can be utilized as a non-specific marker for recurrence, although it is not exclusively indicative of endometrial cancer.

3. **Magnetic Resonance Imaging (MRI)**: This imaging modality provides detailed soft tissue contrast and can be useful in evaluating local recurrence, especially in cases where ultrasound findings are inconclusive.

4. **Computed Tomography (CT) Scans**: While not typically the first choice for detecting local recurrence, CT can be useful for assessing distant metastases.

5. **Histopathological Evaluation**: In cases where imaging suggests recurrence, biopsy may be warranted for definitive diagnosis.

The analysis would likely focus on the sensitivity and specificity of these modalities in detecting asymptomatic relapses, the timing of follow-up assessments, and the impact of these modalities on overall survival and quality of life","To determine current practice and to assess the value of routine follow-up procedures for endometrial cancer surveillance. To discuss whether such procedures are feasible and effective to identify asymptomatic recurrences and describe the pattern of relapse detected by procedures. The records of 282 consecutive women with recurrent endometrial cancer treated from 1986 to 2005 were retrospectively collected in 8 Italian institutions. Primary disease, clinical history, and recurrence features and ",12.027558744899398,18.02,19.29,-5.992441255100601,0.1301989150090415,762,,0.8379259705543518,clinical,18.99,4.99,False
pubmed,high,clinical,False,actual,Necrotizing fasciitis: an indication for hyperbaric oxygenation therapy?,"Necrotizing fasciitis is a severe soft tissue infection characterized by rapid progression and significant morbidity. Hyperbaric oxygen therapy (HBOT) is indicated in certain cases of necrotizing fasciitis, particularly when there is associated gas gangrene or when the infection is complicated by ischemia due to vascular compromise. The rationale for HBOT in this context includes the enhancement of oxygen delivery to hypoxic tissues, which can aid in the inhibition of anaerobic bacterial growth, promote wound healing, and improve the efficacy of leukocyte function.

However, it is important to note that while HBOT can be beneficial in specific scenarios, it is not a standalone treatment and should be used in conjunction with surgical debridement and broad-spectrum intravenous antibiotics. Therefore, the indication for hyperbaric oxygenation therapy in necrotizing fasciitis is contingent upon the clinical scenario, particularly the presence of ischemia or gas-forming organisms. 

In summary, hyperbaric oxygen therapy can be indicated in cases of necrotizing fasciitis, especially when there are complicating factors such as gas gangrene or significant tissue hypoxia.","The accepted treatment protocol for necrotizing fasciitis (NF) consists of extensive surgery and wide spectrum antibiotics. Hyperbaric oxygenation (HBO) has been recommended as adjuvant therapy for NF, improving patient mortality and outcome. However, the beneficial effect of HBO for NF remains controversial. A retrospective evaluation of treatment outcome in 37 patients treated for NF between 1984 and 1993 was carried out. The mortality rate, morbidity criteria, and risk factors for grave progn",13.396196581196584,19.85,21.34,-6.4538034188034175,0.1414634146341463,735,,0.8535137176513672,clinical,18.5,4.5,False
pubmed,high,high,True,actual,Secondhand smoke risk in infants discharged from an NICU: potential for significant health disparities?,"Secondhand smoke exposure (SHSe) poses a considerable risk to infants discharged from a neonatal intensive care unit (NICU), particularly those who are already at heightened respiratory risk due to factors such as very low birth weight and prolonged ventilation. The context indicates that families of these vulnerable infants may have varying smoking practices influenced by socioeconomic status, race, and mental health status. 

These factors can contribute to significant health disparities, as families with lower socioeconomic status may have less access to resources that promote smoking cessation or may be less likely to implement household smoking bans. Additionally, racial and ethnic disparities can affect both the prevalence of smoking and the effectiveness of interventions aimed at reducing SHSe. 

The implications of SHSe in this population are profound, as exposure can exacerbate existing health issues and lead to long-term developmental challenges. Therefore, addressing these disparities is crucial to improving health outcomes for infants discharged from the NICU and ensuring equitable healthcare access and education regarding the dangers of secondhand smoke.","Secondhand smoke exposure (SHSe) threatens fragile infants discharged from a neonatal intensive care unit (NICU). Smoking practices were examined in families with a high respiratory risk infant (born at very low birth weight; ventilated > 12 hr) in a Houston, Texas, NICU. Socioeconomic status, race, and mental health status were hypothesized to be related to SHSe and household smoking bans. Data were collected as part of The Baby's Breath Project, a hospital-based SHSe intervention trial targeti",12.325156250000004,18.37,18.77,-6.0448437499999965,0.2206896551724138,520,,0.8786603808403015,high,11.78,1.78,True
pubmed,high,clinical,False,actual,Cardiovascular risk in a rural adult West African population: is resting heart rate also relevant?,"Elevated resting heart rate (RHR) is indeed a relevant marker for assessing cardiovascular risk in rural adult populations in West Africa, as indicated by the study's aim to evaluate its prevalence and association with other cardiovascular disease (CVD) risk factors. The study highlights that RHR has been overlooked in cardiovascular risk factor analyses within sub-Saharan African cohorts. By conducting a cross-sectional analysis of 574 adults in Ghana, the research seeks to elucidate the relationship between elevated RHR and various established risk factors for CVD, thereby contributing to a more comprehensive understanding of cardiovascular health in this demographic. The findings could have implications for public health strategies aimed at reducing CVD morbidity and mortality in similar populations.",Elevated resting heart rate (RHR) is a neglected marker in cardiovascular risk factor studies of sub-Saharan African populations. This study aimed to determine the prevalence of elevated RHR and other risk factors for cardiovascular disease (CVD) and to investigate any associations between RHR and these risk factors in a rural population in Ghana. Cross-sectional analysis. A total of 574 adults aged between 18-65 years were randomly sampled from a population register. Data collected included tho,11.823225099601595,20.44,20.27,-8.616774900398406,0.2239583333333333,566,,0.9105845093727112,clinical,14.65,0.65,False
pubmed,high,clinical,False,actual,Identification of drug-related cardiovascular risks: A comprehensive analysis using the FAERS database (2004-2024).,"Based on the provided context regarding the patient with jaundice and the laboratory findings indicative of chronic hepatitis C infection, the next best step in management would be:

**C: -PCR for hepatitis C virus.**

This step is crucial to confirm the presence of active hepatitis C virus (HCV) replication, which is essential for determining the appropriate antiviral therapy. Following the confirmation of active infection through HCV RNA PCR, the patient can be evaluated for treatment options, including direct-acting antiviral agents, which are the standard of care for chronic hepatitis C. 

Liver biopsy may be considered later for assessing the degree of fibrosis if necessary, but the immediate priority is to confirm the viral load. Interferon therapy is generally not the first-line treatment in the current management of hepatitis C, especially given the availability of more effective and better-tolerated antiviral regimens.","This study aimed to analyze drug adverse events, identify high-risk medications associated with cardiovascular disease (CVD), and provide evidence for clinical medication safety. We conducted a retrospective analysis of the FAERS database (2004Q1-2024Q4) using nine CVD-related terms from MedDRA 27.0. Four signal detection methods-PRR, ROR, BCPNN, and MGPS-were employed to identify significant drug-event associations. A total of 1,560,242 CVD-related reports were included. Rofecoxib, phenylpropan",13.539390690376576,18.68,19.49,-5.140609309623423,0.099009900990099,724,,0.7987408638000488,clinical,21.25,7.25,False
pubmed,clinical,clinical,True,actual,Machine learning-based donor permission extraction from informed consent documents.,"The study aims to develop a machine learning-based natural language processing (NLP) tool for the automatic extraction of donor permissions from informed consent documents. This tool is intended to address the increasing complexity of informed consent forms associated with clinical trials that include optional participation in the collection of bio-specimens for biobanking. By annotating these documents, the tool will facilitate compliance with biorepository data regulations, enhance data sharing, and support decision-making processes in biobanking. The focus is on improving the efficiency and accuracy of identifying donor permissions, which is critical for ethical and regulatory adherence in research involving human subjects.","With more clinical trials are offering optional participation in the collection of bio-specimens for biobanking comes the increasing complexity of requirements of informed consent forms. The aim of this study is to develop an automatic natural language processing (NLP) tool to annotate informed consent documents to promote biorepository data regulation, sharing, and decision support. We collected informed consent documents from several publicly available sources, then manually annotated them, co",16.45064516129032,19.06,20.03,-2.6093548387096774,0.1952861952861952,442,,0.9084047079086304,clinical,15.45,1.45,True
pubmed,clinical,clinical,True,actual,Do provider service networks result in lower expenditures compared with HMOs or primary care case management in Florida's Medicaid program?,"Based on the provided context regarding Florida's Medicaid program and the comparison of provider service networks (PSNs) with health maintenance organizations (HMOs) and primary care case management (PCCM), the analysis aims to evaluate the impact of the Medicaid Demonstration on per member per month (PMPM) expenditures four years post-implementation. 

While the specific results of the study are not detailed in the context provided, the inquiry seeks to establish whether PSNs yield lower PMPM expenditures compared to HMOs or PCCM. The analysis utilizes Medicaid claims data from two fiscal years prior to the implementation of the Demonstration, suggesting a comprehensive evaluation of expenditure patterns.

To accurately determine the comparative effectiveness of PSNs in reducing expenditures, one would need to assess the PMPM costs associated with each model of care, taking into account variables such as patient demographics, health status, and service utilization rates. 

In conclusion, the answer to whether provider service networks result in lower expenditures compared with HMOs or primary care case management in Florida's Medicaid program would depend on the findings from the detailed analysis of the claims data post-implementation of the Medicaid Demonstration. Further specific results from the study would be required to draw a definitive conclusion.","To determine the impact of Florida's Medicaid Demonstration 4 years post-implementation on per member per month (PMPM) Medicaid expenditures and whether receiving care through HMOs versus provider service networks (PSNs) in the Demonstration was associated with PMPM expenditures. Florida Medicaid claims from two fiscal years prior to implementation of the Demonstration (FY0405, FY0506) and the first four fiscal years after implementation (FY0607-FY0910) from two urban Demonstration counties and ",16.11323232323232,20.23,20.43,-4.1167676767676795,0.2475728155339805,712,,0.8670547604560852,clinical,15.22,1.22,True
pubmed,clinical,clinical,True,actual,Understanding Health Literacy Through Patients' Interpretation of Health Education Leaflets: A Thematic Narrative Review.,"The thematic narrative review titled ""Understanding Health Literacy Through Patients' Interpretation of Health Education Leaflets"" emphasizes the critical role of health literacy in effective health communication. It synthesizes findings from 28 studies conducted between 2010 and 2024, focusing on both English and Chinese populations. The review highlights how patients' interpretations of health education leaflets can significantly influence their understanding and management of health conditions.

Key findings suggest that the design and content of health education materials must be tailored to the literacy levels of the target audience to enhance comprehension and promote equitable health outcomes. The introduction of a conceptual model within the review aims to guide the development of patient-centered leaflets, ensuring that they are accessible and comprehensible to diverse patient populations. This model underscores the importance of considering cultural and linguistic factors in leaflet design, which can facilitate better patient engagement and adherence to medical advice.

Overall, the review advocates for a systematic approach to health education that prioritizes patient interpretation and understanding, thereby fostering improved health literacy and outcomes.","Understanding how patients interpret health education leaflets is essential in promoting equitable and effective health communication. This narrative thematic review synthesises current evidence and introduces a conceptual model to inform patient-centred leaflet design. Twenty-eight English- and Chinese-language studies (2010-2024) were identified via PubMed, CINAHL, ERIC, Airiti Library and Google Scholar. Boolean searches combined terms related to health literacy, patient education materials a",18.08642570281125,18.76,19.0,-0.6735742971887504,0.1926605504587155,637,,0.8700006604194641,clinical,18.53,4.53,True
pubmed,clinical,clinical,True,actual,"An Evaluation of Radiation Oncology Patient Education Materials: Readability, Gaps, and Health Literacy Implications.","The evaluation of radiation oncology patient education materials focuses on assessing the quality, readability, and relevance of print-format pamphlets utilized to support patients undergoing radiation therapy. This review highlights the importance of these materials in addressing patient information needs, particularly within a large, urban academic cancer center. 

Key findings from the literature review indicate that many existing educational resources may not meet the required readability standards, which can significantly impact patient comprehension and engagement. The analysis emphasizes the necessity for materials that are not only clinically accurate but also accessible to patients with varying levels of health literacy. 

The implications of this evaluation suggest that improving the readability of radiation oncology educational materials is crucial for enhancing patient understanding and adherence to treatment protocols. This aligns with broader health equity goals, as patients with limited health literacy are at a higher risk for poor health outcomes. Therefore, it is essential for healthcare providers to critically assess and revise educational resources to ensure they are effective in conveying necessary information to all patients, thereby bridging the gaps in health literacy and improving overall patient care in radiation oncology.","This review presents a summary of radiation therapy patient education materials. The purpose is to evaluate the quality, readability, and relevance of print-format pamphlets used to support patients undergoing radiation therapy; one large, urban academic cancer center is discussed as a reference for key materials. A literature review identified patient information needs, an environmental scan compared the cancer centre's pamphlet collection with those of leading cancer centres, and assessments u",20.638245033112582,20.95,21.06,-0.3117549668874169,0.2690058479532164,621,,0.8850488662719727,clinical,24.43,10.43,True
pubmed,clinical,clinical,True,actual,Bridging Pediatric to Adult Care: A Scoping Review on Transitional Care for Individuals with Congenital Heart Disease Using Data Mining Techniques to Identify Key Topics.,"The scoping review on transitional care for individuals with congenital heart disease (CHD) highlights the critical need for effective strategies to facilitate the transition from pediatric to adult healthcare systems. Adolescents and young adults with CHD encounter unique challenges during this transition, including the need for ongoing specialized care and the development of self-management skills. 

Despite the increasing recognition of the importance of transitional care, its implementation remains inconsistent across various healthcare systems. This inconsistency can lead to gaps in care continuity, patient education, and overall health outcomes. The review employs data mining techniques to identify key topics within the existing literature, aiming to synthesize findings that can inform best practices and improve transitional care protocols.

The review underscores the necessity for structured transitional care programs that address the specific needs of this population, including comprehensive care plans, effective communication strategies, and enhanced health literacy initiatives. By identifying and analyzing the barriers and facilitators to successful transitions, the review seeks to provide actionable insights that can bridge the gap between pediatric and adult care for individuals with CHD.","Adolescents and young adults with congenital heart disease (CHD) face significant challenges when transitioning from pediatric to adult care. Despite growing recognition of its importance, transitional care remains inconsistently implemented across healthcare systems, and a summary of published literature in this regard is still missing. This scoping review aims to systematically map the literature on CHD transitional care and identify key topics and trends. Following Joanna Briggs Institute gui",17.788873403019746,18.79,19.43,-1.001126596980253,0.2211981566820276,639,,0.9025716185569764,clinical,18.23,4.23,True
pubmed,clinical,clinical,True,actual,Trust and Technology Acceptance: Comparing Traditional Search Engines and Artificial Intelligence for Colorectal Cancer Information Seeking.,"The study titled ""Trust and Technology Acceptance: Comparing Traditional Search Engines and Artificial Intelligence for Colorectal Cancer Information Seeking"" aims to evaluate how users perceive and accept different technologies for obtaining health information, specifically regarding colorectal cancer. Utilizing the Technology Acceptance Model II (TAM II), the research investigates factors influencing trust and acceptance of both traditional search engines and AI-driven platforms in health communication.

Key aspects of the study likely include:

1. **Trust Factors**: The research may assess how trust in technology impacts users' willingness to rely on AI for health information compared to traditional search engines. This could involve evaluating the perceived credibility, reliability, and user-friendliness of both platforms.

2. **Technology Acceptance**: The study likely explores variables such as perceived ease of use, perceived usefulness, and overall user satisfaction with AI versus traditional search engines. These factors are critical in determining how effectively individuals engage with these technologies for health information seeking.

3. **Health Promotion and Cancer Control**: Understanding user acceptance of AI in health information dissemination is crucial for enhancing health promotion strategies and improving cancer control efforts. The findings may provide insights into how to better integrate AI technologies into public health initiatives.

4. **Implications for Practice**: The results could inform healthcare providers and policymakers about the potential benefits and challenges of incorporating AI into patient education and information dissemination, ultimately aiming to improve patient outcomes in colorectal cancer awareness and prevention.

In summary, the study seeks to elucidate the dynamics of trust and acceptance regarding AI and traditional","IntroductionThe integration of artificial intelligence (AI) into health information seeking is transforming health promotion. Understanding how users accept and trust these communication technologies is critical for health communication and cancer control. This study examined how the Technology Acceptance Model II (TAM II) applies to colorectal cancer information seeking, comparing link-based search (e.g., Google search) versus generative response paradigms (e.g., ChatGPT/AI) while examining tru",16.100646551724143,18.26,18.24,-2.1593534482758585,0.1595628415300546,780,,0.8625100255012512,clinical,20.89,6.89,True
pubmed,clinical,clinical,True,actual,SAFER Care: Improving Caregiver Comprehension of Discharge Instructions.,"The SAFER Care initiative aims to enhance caregiver comprehension of discharge instructions, addressing the significant issue of adverse events in pediatric patients post-discharge. Given the context, the focus is on implementing a standardized framework for both written and verbal discharge counseling to improve understanding among caregivers.

In response to the question regarding effective strategies to decrease the risk of post-puncture dural headache, the correct answer is:

**C: Supplementation of fluids.**

While fluid supplementation may be beneficial in various clinical scenarios, it is not an established strategy specifically aimed at reducing the incidence of post-dural puncture headache. The other options—using a small bore needle, employing an atraumatic needle, and ensuring the replacement of the stylet prior to needle removal—are recognized techniques that can help minimize the risk of this complication.",One in five pediatric patients suffers from adverse events related to hospital discharge. Current literature lacks evidence on effective interventions to improve caregiver comprehension (CC) of discharge instructions. We examined if a standardized framework for written and verbal discharge counseling was associated with increased CC of key discharge instructions after discharge from a general pediatric inpatient unit. An interprofessional team created the SAFER Care framework to encourage standa,16.248070175438603,17.52,18.67,-1.271929824561397,0.1798365122615803,488,,0.8548800945281982,clinical,15.56,1.56,True
pubmed,clinical,clinical,True,actual,Exploring Technological Solutions for Interoperability Between Patient Electronic Medical Records and Clinical Registries: Scoping Review.,"The exploration of technological solutions for interoperability between patient electronic medical records (EMRs) and clinical registries is critical for enhancing the quality of care and facilitating data exchange across healthcare systems. Interoperability allows for seamless communication and data sharing, which can improve clinical decision-making, enhance patient safety, and support population health management.

In the context of the studies mentioned, particularly the quality improvement initiative using the teach-back method for cardiac medication education, interoperability can play a significant role. By ensuring that patient education records and medication lists are accurately reflected in both EMRs and clinical registries, healthcare providers can better track patient understanding and adherence to prescribed therapies.

Key considerations for achieving interoperability include:

1. **Standardization of Data Formats**: Utilizing standardized terminologies and data formats (e.g., HL7 FHIR) can facilitate the exchange of information between disparate systems.

2. **Implementation of Application Programming Interfaces (APIs)**: APIs can enable real-time data sharing between EMRs and clinical registries, allowing for updates to be reflected immediately across platforms.

3. **Patient-Centric Design**: Solutions should prioritize user experience for both healthcare providers and patients, ensuring that the systems are intuitive and accessible.

4. **Regulatory Compliance**: Adhering to regulations such as HIPAA for patient privacy and security is essential when developing interoperable systems.

5. **Stakeholder Engagement**: Involving clinicians, IT professionals, and patients in the design and implementation process can ensure that the solutions meet the needs","The use of electronic medical records (EMRs) and clinical registries has transformed health care delivery by improving data management, care coordination, and research capacity. However, the full potential of these technologies can only be realized through effective interoperability, thereby reducing the burden of manual data entry and enhancing the use of real-world clinical data. This review examines technologies that enable automated data extraction and transfer, which promote interoperabilit",20.832694351230423,19.12,18.82,1.7126943512304216,0.1649782923299565,766,,0.8488689064979553,clinical,24.09,10.09,True
pubmed,clinical,clinical,True,actual,Improving patient understanding of surgical bedside teaching: a quality improvement initiative to improve consent and awareness through patient education.,"The quality improvement initiative aimed at enhancing patient understanding of surgical bedside teaching (BST) focuses on the ethical imperative of informed and voluntary participation in the educational process. By implementing a targeted educational intervention grounded in health literacy principles, the project seeks to address gaps in patient awareness and consent regarding BST.

Key components of the initiative include:

1. **Assessment of Current Understanding**: Evaluating patients' baseline knowledge and perceptions of BST to identify specific areas of misunderstanding or lack of awareness.

2. **Educational Interventions**: Developing and delivering tailored educational materials that explain the purpose, benefits, and processes involved in BST. This may include visual aids, written materials, and verbal explanations that are accessible and comprehensible to patients with varying levels of health literacy.

3. **Informed Consent Process**: Enhancing the consent process by ensuring that patients are not only informed but also able to articulate their understanding of BST. This may involve using the teach-back method, where patients are asked to repeat back the information in their own words to confirm comprehension.

4. **Feedback Mechanisms**: Implementing systems to gather patient feedback on the educational interventions and their understanding of BST, which can inform ongoing improvements to the initiative.

5. **Training for Healthcare Providers**: Educating surgical teams on effective communication strategies that promote patient engagement and understanding, thereby fostering a culture of informed consent.

The ultimate goal of this quality improvement initiative is to empower patients through enhanced education, leading to better informed consent processes and a more ethical approach to","Bedside teaching (BST) is a cornerstone of medical education, yet its ethical delivery depends on patients' informed and voluntary participation. This project aimed to improve patient understanding of BST and strengthen consent processes through a targeted educational intervention grounded in health literacy principles. A two-cycle quality improvement project was conducted in a surgical department at a UK District General Hospital using a pre- and post- intervention design with independent patie",14.312557544757034,17.69,18.24,-3.377442455242967,0.228,726,,0.854343056678772,clinical,19.15,5.15,True
pubmed,clinical,clinical,True,actual,"Assessing the understandability, actionability, reliability, and readability of ChatGPT-4o in providing patient education on urinary incontinence.","In assessing the understandability, actionability, reliability, and readability of ChatGPT-4o in providing patient education on urinary incontinence, several factors must be considered:

1. **Understandability**: The content generated by ChatGPT-4o should be clear and comprehensible to patients, particularly those with varying levels of health literacy. The use of layman's terms alongside clinical terminology can enhance patient comprehension.

2. **Actionability**: The information provided must empower patients to take specific actions regarding their condition. This includes clear guidance on when to seek medical advice, potential lifestyle modifications, and available treatment options for urinary incontinence.

3. **Reliability**: The accuracy of the information is paramount. ChatGPT-4o should provide evidence-based responses that align with current clinical guidelines and best practices in the management of urinary incontinence. This includes referencing reputable sources or guidelines where applicable.

4. **Readability**: The text should be formatted in a way that is easy to read and navigate. This includes appropriate use of headings, bullet points, and concise paragraphs to facilitate quick understanding and retention of information.

In summary, ChatGPT-4o's effectiveness in providing patient education on urinary incontinence can be evaluated through these four metrics, ensuring that the information is not only informative but also practical and accessible for patients seeking guidance on this condition.","This study assesses ChatGPT-4o's responses to common patient inquiries regarding urinary incontinence (UI), a condition that significantly impacts quality of life but often goes untreated due to low healthcare-seeking behavior. The evaluation focuses on four key metrics: understandability, actionability, reliability, and readability. In this non-human subject qualitative study, 13 patient-focused questions-derived from AUA/SUFU and EAU guidelines-were posed to ChatGPT-4o in Turkish. The question",16.965390070921988,17.65,17.85,-0.684609929078011,0.1497120921305182,711,,0.8461505770683289,clinical,28.26,14.26,True
pubmed,clinical,clinical,True,actual,Artificial Intelligence in Urologic Documentation: A Review of Emerging Capabilities and the Ongoing Need for Human Oversight.,"The review titled ""Artificial Intelligence in Urologic Documentation: A Review of Emerging Capabilities and the Ongoing Need for Human Oversight"" highlights the increasing complexity and volume of clinical documentation in urology, which encompasses various formats such as outpatient encounters, inpatient summaries, patient-portal communications, and educational materials. This escalation in documentation requirements contributes to clinician burnout and detracts from the time available for direct patient care.

The review posits that artificial intelligence (AI) presents a viable solution to mitigate these challenges by streamlining the documentation process. AI technologies, particularly in the realm of natural language processing, have the potential to enhance efficiency by automating routine documentation tasks, thereby allowing healthcare professionals to allocate more time to patient interactions and clinical decision-making.

However, the review emphasizes the necessity for human oversight in the implementation of AI tools. Despite the advancements in AI capabilities, the nuances of clinical judgment, patient-specific considerations, and the ethical implications of AI deployment necessitate that healthcare professionals remain actively involved in the documentation process. This oversight is crucial to ensure the accuracy, context, and appropriateness of the information generated by AI systems, ultimately safeguarding patient care quality and outcomes. 

In summary, while AI offers promising capabilities for improving urologic documentation, the ongoing need for human oversight remains paramount to address the complexities of clinical practice and maintain high standards of patient care.","Clinical documentation continues to expand in volume and complexity, spanning outpatient encounters, inpatient summaries, patient-portal communications, and educational materials. These growing demands contribute to clinician burden and reduce time available for direct patient care. Artificial intelligence (AI) has emerged as a potential strategy to streamline documentation workflows. This review evaluates current AI applications in clinical documentation, with illustrative examples from urologi",17.580000000000002,21.88,22.08,-4.299999999999997,0.2505800464037123,726,,0.885874330997467,clinical,19.5,5.5,True
pubmed,clinical,clinical,True,actual,The Influence of Explainable Artificial Intelligence and Mental Health Literacy on Professional Psychological Help-Seeking Behavior: The Mediating Role of Psychological Problem Cognition.,"The context indicates that approximately 970 million individuals globally experience mental disorders, yet over 60% do not pursue professional psychological assistance. This reluctance is attributed to several barriers, including low mental health literacy (MHL), inadequate awareness of psychological issues, and the complexity and opacity of information retrieval tools. The study emphasizes the role of explainable artificial intelligence (AI) in enhancing mental health literacy, which may subsequently influence help-seeking behavior by improving individuals' understanding and cognition regarding psychological problems.

Given the context, the answer to the question regarding the influence of explainable AI and mental health literacy on professional psychological help-seeking behavior, with the mediating role of psychological problem cognition, is:

**A: yes** 

This response aligns with the premise that enhancing mental health literacy through explainable AI can positively impact individuals' willingness to seek professional help by improving their understanding of psychological issues.","Approximately 970 million people worldwide suffer from mental disorders, yet over 60% do not seek professional help. Key barriers include low mental health literacy (MHL), insufficient awareness of psychological issues, and the overwhelming and non-transparent nature of information retrieval tools. Explainable artificial intelligence (XAI) can provide transparent and personalized feedback; however, its unique contribution to facilitating professional psychological help-seeking behavior remains u",19.564068783068787,25.1,24.5,-5.535931216931214,0.3235294117647059,582,,0.900097131729126,clinical,23.56,9.56,True
pubmed,clinical,clinical,True,actual,Autoerotic asphyxiation: secret pleasure--lethal outcome?,"Autoerotic asphyxiation is a practice that involves the restriction of airflow during sexual arousal to enhance orgasm. While some individuals may perceive this as a means to intensify sexual pleasure, it poses significant risks, including hypoxia, loss of consciousness, and potentially fatal outcomes. The practice can lead to accidental death due to asphyxia, cardiac arrhythmias, or other complications arising from oxygen deprivation.

In clinical practice, it is essential to educate patients about the dangers associated with such behaviors. The physiological mechanisms involved in autoerotic asphyxiation can lead to severe consequences, particularly in individuals with underlying health conditions, such as the 23-year-old woman described in the context, who has a history of cardiac palpitations. Given her medical history, any additional stress on her cardiovascular system could exacerbate her condition and increase the risk of adverse events.

In summary, while autoerotic asphyxiation may be perceived as a secret pleasure by some, it carries a lethal potential that warrants serious consideration and caution.","Voluntary asphyxiation among children, preteens, and adolescents by hanging or other means of inducing hypoxia/anoxia to enhance sexual excitement is not uncommon and can lead to unintended death. This study addresses autoerotic asphyxiation (AEA) with the intent of increasing pediatricians' knowledge of the syndrome and awareness of its typical onset among young patients. AEA is characteristically a clandestine and elusive practice. Provided with relevant information, pediatricians can identify",17.19152892561984,18.03,18.55,-0.8384710743801627,0.1277641277641277,558,,0.8602889776229858,clinical,21.76,7.76,True
pubmed,clinical,high,False,actual,Serovar specific immunity to Neisseria gonorrhoeae: does it exist?,"Serovar-specific immunity to Neisseria gonorrhoeae does not exist in a robust or lasting form. Neisseria gonorrhoeae, the bacterium responsible for gonorrhea, exhibits significant antigenic variability, particularly in its outer membrane proteins and pili. This variability allows the organism to evade the host's immune response, making it difficult for the immune system to mount an effective long-term response against a specific serovar.

While an individual may develop some degree of immunity to a particular serovar following infection, this immunity is generally short-lived and does not confer protection against other serovars. Consequently, reinfection with different strains of Neisseria gonorrhoeae is common. This characteristic is a significant challenge in developing effective vaccines against gonorrhea, as any potential vaccine would need to account for the extensive serovar diversity. 

In summary, while there may be transient serovar-specific immunity, it is insufficient to prevent reinfection due to the high variability among Neisseria gonorrhoeae strains.",To determine whether the host immune response to gonorrhoea provides limited serovar specific protection from reinfection. 508 episodes of gonorrhoea diagnosed at a city centre genitourinary medicine clinic including 22 patients with multiple infections over a 4 year period. Patients with recurrent gonococcal infection were analysed with respect to the initial and subsequent serovars isolated. No significant difference was seen in the prevalence of serovars isolated following a repeat infection ,14.82341013824885,17.53,18.09,-2.7065898617511515,0.1660649819494584,596,,0.8458001017570496,high,12.83,1.17,False
pubmed,clinical,clinical,True,actual,Cross-sectional Study on Health-seeking Behavior and Barriers to Perceived Usability of Medication Tracker among Middle-aged Adults in a Community in Marikina City.,"In the context of the cross-sectional study on health-seeking behavior and barriers to the perceived usability of medication trackers among middle-aged adults in Marikina City, it is essential to recognize that the study aims to evaluate how these technological tools can influence chronic disease management. The findings may reveal insights into the factors that facilitate or hinder the adoption of medication tracking applications, such as digital literacy, accessibility, and user-friendliness.

Key considerations in this study would include:

1. **Health-seeking Behavior**: This encompasses the actions taken by individuals to maintain health, prevent disease, and seek medical care. Understanding the motivations and barriers to using medication trackers can inform strategies to enhance patient engagement and adherence to treatment regimens.

2. **Perceived Usability**: This refers to the users' assessment of how easy and intuitive the medication tracker is to use. Factors such as interface design, functionality, and user support can significantly impact the perceived usability.

3. **Barriers to Adoption**: Identifying barriers such as lack of digital literacy, concerns about data privacy, and technological access is crucial. These barriers can prevent effective utilization of mHealth applications, ultimately affecting health outcomes.

4. **Chronic Disease Management**: The study likely focuses on conditions prevalent in middle-aged adults, such as hypertension and diabetes, where medication adherence is critical for effective management.

In summary, the study's findings could provide valuable data on how to optimize the use of medication tracking applications in the target population, thereby improving","Technological advancements are reshaping healthcare, particularly through mobile health (mHealth) applications that aid chronic disease management. Medication tracking apps, such as Simpill, have shown potential in improving outcomes for conditions like hypertension. However, disparities in digital literacy and concerns related to technology acceptance and privacy may hinder effective use. Grounded in the principles of the Design Thinking approach, this study sought to evaluate the relationship ",14.096949122390892,17.39,18.05,-3.293050877609108,0.1462205700123915,824,,0.8471853733062744,clinical,19.27,5.27,True
pubmed,clinical,clinical,True,actual,Evaluating the feasibility and utility of machine translation for patient education materials written in plain language to increase accessibility for populations with limited english proficiency.,"The evaluation of machine translation for patient education materials written in plain language is a critical initiative aimed at enhancing accessibility for populations with limited English proficiency (LEP). These populations often encounter significant barriers to understanding health information due to the complexity of language used in traditional materials, which typically involve high reading grade levels, intricate medical jargon, and abstract concepts.

The feasibility of utilizing machine translation hinges on several factors, including the accuracy of translations, the ability to maintain the intended meaning of health information, and the cultural appropriateness of the translated content. Machine translation systems must be rigorously tested to ensure they can produce reliable and comprehensible translations that effectively convey essential health information.

The utility of such translations is underscored by the potential to improve patient engagement and comprehension, thereby facilitating better navigation of healthcare systems and enhancing health outcomes for LEP populations. By providing patient education materials in a language that is accessible and understandable, healthcare providers can empower patients to make informed decisions about their health and treatment options.

In summary, the feasibility and utility of machine translation for patient education materials are promising, provided that the translation systems are validated for accuracy and cultural relevance, ultimately contributing to improved health literacy and patient care for individuals with limited English proficiency.","Populations with limited English proficiency (LEP) face comprehension barriers with health information as navigating healthcare systems involves encountering health information that is written at high reading grade levels, utilizes complex medical jargon, and unfamiliar or abstract terms and concepts. Despite the serious consequences of language discordance there is limited funding available for the translation of patient education material in the public healthcare setting. In response to the im",16.941271929824563,22.56,22.44,-5.618728070175436,0.2138613861386138,666,,0.8754830360412598,clinical,23.9,9.9,True
pubmed,clinical,clinical,True,actual,How Malaysian Adolescents Navigate Sexual Health Information on the Internet.,"Malaysian adolescents face significant sociocultural barriers that impact their access to sexual and reproductive health (SRH) information. These barriers often stem from cultural norms and taboos surrounding discussions of sexual health within the Malaysian community, which can inhibit open dialogue and education on these topics. To bridge the knowledge gap created by these constraints, adolescents frequently turn to the Internet as a primary source of information.

In a qualitative study involving one-on-one interviews with 17 Malaysian adolescents, various strategies were identified regarding how they navigate online SRH information. Key findings suggest that adolescents employ specific search techniques, utilize social media platforms, and rely on peer recommendations to access information. They often seek out websites that provide anonymity and privacy, which is crucial given the sensitive nature of the topics they are exploring. 

Furthermore, the adolescents demonstrated a critical approach to evaluating the credibility of online sources, often cross-referencing information across multiple platforms to ascertain accuracy. However, the study also highlighted the potential for misinformation and the challenges of discerning reliable content amidst the vast amount of available data.

Overall, the Internet serves as a vital tool for Malaysian adolescents to enhance their understanding of sexual health, despite the sociocultural barriers they encounter. The findings underscore the importance of developing targeted online resources that are culturally sensitive and accessible to this demographic, thereby improving their sexual health literacy.","Significant sociocultural barriers to sexual and reproductive health (SRH) information influence what is acceptable to discuss and learn within the Malaysian community. To address gaps in their knowledge, adolescents routinely turn to the Internet. This study identified the ways they navigate SRH information found online. One-on-one interviews were conducted with 17 Malaysian adolescents. The data were analysed with reflexive thematic analysis. Participants navigate SRH information using intuiti",17.07178403755869,18.42,19.78,-1.348215962441312,0.2440318302387267,694,,0.8876931667327881,clinical,16.63,2.63,True
pubmed,clinical,clinical,True,actual,The Online Health Information-Seeking Behaviors of People Who Have Experienced Stroke: Qualitative Interview Study.,"In the context of the study titled ""The Online Health Information-Seeking Behaviors of People Who Have Experienced Stroke: Qualitative Interview Study,"" the focus is on understanding how individuals who have suffered a stroke engage with online health information. This is crucial as stroke is a significant contributor to morbidity and mortality, and the digital landscape is increasingly becoming a primary source of health information.

The study aims to explore the specific behaviors and preferences of stroke survivors when seeking health information online. Insights gained from this qualitative research can inform the development of targeted digital resources that cater to the unique needs of this population, thereby enhancing their post-stroke recovery and management.

In summary, the study emphasizes the importance of understanding the online health information-seeking behaviors of stroke survivors to improve the accessibility and relevance of digital health resources.","Stroke is a leading cause of death and disability worldwide. As health resources become digitized, it is important to understand how people who have experienced stroke engage with online health information. This understanding will aid in guiding the development and dissemination of online resources to support people after stroke. This study aims to explore the online health information-seeking behaviors of people who have experienced stroke and any related barriers or navigational needs. Purpose",15.28433936955064,18.77,19.69,-3.4856606304493596,0.1830742659758203,625,,0.9012469053268432,clinical,16.84,2.84,True
pubmed,clinical,clinical,True,actual,"Mental health literacy and preferences of health care for common mental disorders using case vignette, among adults residing in Puducherry, southern India: Community-based explanatory mixed-method stu","The study on mental health literacy and preferences for healthcare regarding common mental disorders among adults in Puducherry, southern India, highlights critical gaps in the recognition and understanding of mental health issues within the community. The findings suggest that there is a significant lack of awareness and knowledge about mental disorders, which contributes to suboptimal help-seeking behaviors. 

To address these challenges, it is essential to implement community-based interventions aimed at enhancing mental health literacy. This could involve educational programs that focus on increasing awareness of mental health conditions, their symptoms, and the importance of seeking professional help. Additionally, culturally sensitive approaches that consider local beliefs and attitudes towards mental health can improve engagement and reduce stigma.

Furthermore, the study emphasizes the need for improved access to mental health services and the establishment of supportive healthcare pathways that encourage individuals to seek help when needed. Collaborative efforts involving healthcare providers, community leaders, and mental health professionals are crucial to fostering an environment where mental health is prioritized and treated with the same urgency as physical health. 

In summary, enhancing mental health literacy and modifying healthcare preferences in Puducherry requires a multifaceted approach that combines education, community engagement, and improved healthcare access to effectively address the mental health needs of the population.","Mental health is a global priority concern. The vast majority of people lack the ability to recognize mental illness and tend to have poor knowledge and attitude toward them. Help-seeking preferences even for common mental disorders remain unsatisfactory. To assess the mental health literacy level and health-seeking preferences for common mental disorders among adults above 18 years residing in rural and urban Puducherry. A cross-sectional explanatory mixed-method study was conducted, incorporat",14.26868008948546,18.92,19.29,-4.651319910514541,0.1954022988505747,763,,0.8605681657791138,clinical,19.97,5.97,True
pubmed,clinical,clinical,True,actual,Use of Commercially Available Large Language Models to Generate Information Leaflets on Post-Intensive Care Syndrome: Clinical Utility Assessment.,"Based on the context provided regarding the evaluation of large language models (LLMs) for clinical question answering and their potential applications, the use of commercially available LLMs to generate information leaflets on Post-Intensive Care Syndrome (PICS) could be assessed for clinical utility. Given that LLMs have demonstrated varying degrees of accuracy, particularly with structured guidelines, their ability to produce reliable and comprehensible patient information leaflets would depend on the clarity of the input data and the model's training on relevant clinical information.

The clinical utility of these generated leaflets would need to be rigorously evaluated, considering factors such as the accuracy of the information presented, the readability and comprehension by the target patient population, and adherence to best practices in patient education. The context suggests that while LLMs show promise, their reliability for generating evidence-based materials necessitates thorough validation against established clinical guidelines and patient feedback.

In summary, the assessment of LLMs for generating information leaflets on PICS should focus on their accuracy, usability, and alignment with evidence-based practices to ensure they effectively support patient understanding and engagement in their care.",Patients and their families without medical knowledge may find professional health care information difficult to understand. The use of large language models (LLMs) to simplify and translate complex medical content holds promise for improving comprehension while reducing the burden on health care providers tasked with delivering explanations. This study aims to evaluate the quality of information leaflets generated using commercially available LLMs. Informational texts on post-intensive care syn,16.899026315789474,23.63,23.08,-6.730973684210525,0.1627906976744186,585,,0.8565266132354736,clinical,18.96,4.96,True
